userWin,userChamp,userChampId,userKills,userDeaths,userAssists,matchId,gameDurration,gameMode,gameStartTimestamp,p0SummonerName,p0Puuid,p0ChampionName,p0ChampionId,p0Win,p0Kills,p0Deaths,p0Assists,p0GoldEarned,p0PhysicalDamageDealtToChampions,p0MagicDamageDealtToChampions,p0TrueDamageDealtToChampions,p0TotalDamageDealtToChampions,p0PhysicalDamageTaken,p0MagicDamageTaken,p0TrueDamageTaken,p0TotalDamageTaken,p0Item0,p0Item1,p0Item2,p0Item3,p0Item4,p0Item5,p0Item6,p1SummonerName,p1Puuid,p1ChampionName,p1ChampionId,p1Win,p1Kills,p1Deaths,p1Assists,p1GoldEarned,p1PhysicalDamageDealtToChampions,p1MagicDamageDealtToChampions,p1TrueDamageDealtToChampions,p1TotalDamageDealtToChampions,p1PhysicalDamageTaken,p1MagicDamageTaken,p1TrueDamageTaken,p1TotalDamageTaken,p1Item0,p1Item1,p1Item2,p1Item3,p1Item4,p1Item5,p1Item6,p2SummonerName,p2Puuid,p2ChampionName,p2ChampionId,p2Win,p2Kills,p2Deaths,p2Assists,p2GoldEarned,p2PhysicalDamageDealtToChampions,p2MagicDamageDealtToChampions,p2TrueDamageDealtToChampions,p2TotalDamageDealtToChampions,p2PhysicalDamageTaken,p2MagicDamageTaken,p2TrueDamageTaken,p2TotalDamageTaken,p2Item0,p2Item1,p2Item2,p2Item3,p2Item4,p2Item5,p2Item6,p3SummonerName,p3Puuid,p3ChampionName,p3ChampionId,p3Win,p3Kills,p3Deaths,p3Assists,p3GoldEarned,p3PhysicalDamageDealtToChampions,p3MagicDamageDealtToChampions,p3TrueDamageDealtToChampions,p3TotalDamageDealtToChampions,p3PhysicalDamageTaken,p3MagicDamageTaken,p3TrueDamageTaken,p3TotalDamageTaken,p3Item0,p3Item1,p3Item2,p3Item3,p3Item4,p3Item5,p3Item6,p4SummonerName,p4Puuid,p4ChampionName,p4ChampionId,p4Win,p4Kills,p4Deaths,p4Assists,p4GoldEarned,p4PhysicalDamageDealtToChampions,p4MagicDamageDealtToChampions,p4TrueDamageDealtToChampions,p4TotalDamageDealtToChampions,p4PhysicalDamageTaken,p4MagicDamageTaken,p4TrueDamageTaken,p4TotalDamageTaken,p4Item0,p4Item1,p4Item2,p4Item3,p4Item4,p4Item5,p4Item6,p5SummonerName,p5Puuid,p5ChampionName,p5ChampionId,p5Win,p5Kills,p5Deaths,p5Assists,p5GoldEarned,p5PhysicalDamageDealtToChampions,p5MagicDamageDealtToChampions,p5TrueDamageDealtToChampions,p5TotalDamageDealtToChampions,p5PhysicalDamageTaken,p5MagicDamageTaken,p5TrueDamageTaken,p5TotalDamageTaken,p5Item0,p5Item1,p5Item2,p5Item3,p5Item4,p5Item5,p5Item6,p6SummonerName,p6Puuid,p6ChampionName,p6ChampionId,p6Win,p6Kills,p6Deaths,p6Assists,p6GoldEarned,p6PhysicalDamageDealtToChampions,p6MagicDamageDealtToChampions,p6TrueDamageDealtToChampions,p6TotalDamageDealtToChampions,p6PhysicalDamageTaken,p6MagicDamageTaken,p6TrueDamageTaken,p6TotalDamageTaken,p6Item0,p6Item1,p6Item2,p6Item3,p6Item4,p6Item5,p6Item6,p7SummonerName,p7Puuid,p7ChampionName,p7ChampionId,p7Win,p7Kills,p7Deaths,p7Assists,p7GoldEarned,p7PhysicalDamageDealtToChampions,p7MagicDamageDealtToChampions,p7TrueDamageDealtToChampions,p7TotalDamageDealtToChampions,p7PhysicalDamageTaken,p7MagicDamageTaken,p7TrueDamageTaken,p7TotalDamageTaken,p7Item0,p7Item1,p7Item2,p7Item3,p7Item4,p7Item5,p7Item6,p8SummonerName,p8Puuid,p8ChampionName,p8ChampionId,p8Win,p8Kills,p8Deaths,p8Assists,p8GoldEarned,p8PhysicalDamageDealtToChampions,p8MagicDamageDealtToChampions,p8TrueDamageDealtToChampions,p8TotalDamageDealtToChampions,p8PhysicalDamageTaken,p8MagicDamageTaken,p8TrueDamageTaken,p8TotalDamageTaken,p8Item0,p8Item1,p8Item2,p8Item3,p8Item4,p8Item5,p8Item6,p9SummonerName,p9Puuid,p9ChampionName,p9ChampionId,p9Win,p9Kills,p9Deaths,p9Assists,p9GoldEarned,p9PhysicalDamageDealtToChampions,p9MagicDamageDealtToChampions,p9TrueDamageDealtToChampions,p9TotalDamageDealtToChampions,p9PhysicalDamageTaken,p9MagicDamageTaken,p9TrueDamageTaken,p9TotalDamageTaken,p9Item0,p9Item1,p9Item2,p9Item3,p9Item4,p9Item5,p9Item6
True,Twitch,29,21,14,26,NA1_4664296946,1319,ARAM,1684897915867,Rottenwatermelon,zTAalwXOA61Jjc4ZfxAPxdS-8XzAcfw4jCQdQ4hKxTcGHHc_lVLTMubeZnyc5YKb66v5UdK0XgTy9Q,Brand,63,True,6,19,32,13312,707,26771,1580,29059,21079,15937,1038,38055,6653,3157,3020,3165,3116,0,2052,Balkai,UaaAHDMrzSadZEnUtc2TEjGP5jaJQ8MVcULtz1SL1H8OAy6lAHz7EQ2OJwbvBST0YkR0fPD9AeT4ZA,Twitch,29,True,21,14,26,19654,39498,1863,2876,44238,17377,16802,1182,35362,3031,3085,6673,3072,1018,3006,2052,actuallyapotato,59rYkD8T2UT6a4REJW3NuCgQ7dJr9FHUp4ukCMoHmqyHntBpaoS81CAuW5BhjahxEGHCBQl0DS5_tg,Shyvana,102,True,11,8,42,17345,9097,31133,0,40231,39907,27501,1613,69022,4637,3111,3083,6665,8020,3193,2052,Katinka4,5u1OuQR4vRKF7Wfn6FxxPnF4Pic4-FPSAvzJquGYzMPSFuMSEZoLeekzJDwtzrrqkKqmCIxy_uJFOQ,Elise,60,True,17,13,26,15989,1414,33328,460,35202,15191,20804,914,36910,3020,3112,3157,4636,3135,3089,2052,Shuckle,wNZrz_iRLQUVnyoil-jSSQ3ZZd7o-bTCyYIDgBqheYtREHcZd0astsVtTKvM5-ORRt5kh9rBdiFR4w,Annie,1,True,11,16,39,15107,1225,26267,690,28182,27093,26501,620,54214,6657,3193,3158,3083,4637,1057,2052,Lolidao,D9-9EkaQQ6kpFah9d-f9sd6p18AdwI4rm9pICqJ9KHru2B03LQ7J9E5rOCUPFlYp_O2qkl44huZaSw,Nunu,20,False,20,14,30,17574,1092,48617,1463,51173,25578,23907,1669,51156,3152,3020,4645,3089,3102,3135,2052,Chow Boy,h4mbC1E0CfRzEqeaZ-Ztuw2zVLDhKXq_SQpSieV9fW3x_YpcMwOggCFWBuM8g7Dy71nIDWRJmyO4Yg,Talon,91,False,21,15,26,17291,62426,0,1597,64023,15310,21744,2074,39129,6691,3111,3156,6693,6676,6694,2052,aucontraire,ZDVu1dOFz8k2_allXopzUpuBJ8UvgoHO-aNhQ7bXFxzUWbctmReLc2Vhd3xfeK1CapJuEZBwD9ahTg,Orianna,61,False,10,11,50,15935,1251,25906,890,28048,7013,25780,1015,33810,6655,3020,4645,3135,3165,1026,2052,Arrived,8_CVFHnsw_OxLbPp8CWvMhXuY3RTa1nfsx4kaPqXITG2x_D_CvARQ-EqxhonOHpyNnQIAbKRaABm5w,Soraka,16,False,0,10,54,13133,261,9168,293,9723,3708,25718,892,30319,3107,3040,3158,3083,6617,3113,2052,sakura no kamei,BpbRpfXX2hiSUnTINj6gS61yT6I4x7UZ-aoIJ2oZMsjF1_F0iBCseQF80DsW0Sqh-xz-7NCckjhOWQ,Katarina,55,False,19,16,18,16576,36728,23853,1125,61707,14212,22211,1955,38379,3153,3124,3091,3111,3074,3035,2052
False,Leona,89,5,11,28,NA1_4664262413,1311,ARAM,1684896368590,Balkai,UaaAHDMrzSadZEnUtc2TEjGP5jaJQ8MVcULtz1SL1H8OAy6lAHz7EQ2OJwbvBST0YkR0fPD9AeT4ZA,Leona,89,False,5,11,28,13694,3739,13891,850,18480,28554,12668,1227,42449,6665,3068,4401,3075,3082,3111,2052,actuallyapotato,59rYkD8T2UT6a4REJW3NuCgQ7dJr9FHUp4ukCMoHmqyHntBpaoS81CAuW5BhjahxEGHCBQl0DS5_tg,Mordekaiser,82,False,10,7,18,15381,2370,23744,0,26115,23817,15187,1258,40262,3067,3111,3116,6665,4637,3143,2052,Katinka4,5u1OuQR4vRKF7Wfn6FxxPnF4Pic4-FPSAvzJquGYzMPSFuMSEZoLeekzJDwtzrrqkKqmCIxy_uJFOQ,Nocturne,56,False,8,12,23,14232,24355,2070,1626,28052,20446,15709,2703,38858,3047,2031,6630,3074,6333,6695,2052,Shuckle,wNZrz_iRLQUVnyoil-jSSQ3ZZd7o-bTCyYIDgBqheYtREHcZd0astsVtTKvM5-ORRt5kh9rBdiFR4w,Kaisa,145,False,9,11,25,14412,15666,18276,0,33943,15076,10388,483,25948,3124,3111,3033,6672,3153,0,2052,ZzTizZ,SLQ4Un1gmzdWny5gMQuWQzj8Jm0Wd-aOlKUb8X_A_k9i2bsEfNIk9JT3OpqtzTpxDDVj4FiI8VVpHA,Draven,119,False,14,8,20,17724,47794,1009,0,48803,23187,10789,804,34780,3072,3031,3508,3111,3046,3033,2052,Seina Bean,ju-Z1Qv48CV1cYAOHl2ZXejcaN6RFRC5r2hE-3a5axbyTxBayXAuLySX6TDI-uUOTNQZ77jGcaVf6w,Renekton,58,True,3,16,30,13322,24630,4825,1869,31325,40684,26743,1028,68456,2051,6630,3071,3047,3053,3211,0,pitongh,IRoElU113q6duprRv8C4AjdJ1JATAWD2LtE6o8LBjJJXSMVHLnbgqeSdStYrYAjIxSqREH9Jw0at4w,Varus,110,True,22,7,22,20677,35171,21749,739,57660,14685,9642,430,24757,3124,3006,3153,3085,3091,1053,2052,404 Naut Found,Z6AankX9bSWlVeIeoE6UHGns84OYBBVC_lgGefMnIdn0xstRn7VynQALEQ1Hlw1MfKvh2eO9KgGX4w,Khazix,121,True,6,5,25,14540,32161,496,1689,34347,13660,6221,425,20307,3177,3070,6692,3074,6694,3158,2052,Frostbutt lrelia,jfvrEsI4JSvnlaWZWSMdudD1n8_AtaYzqzP8P0doWQWgkO-9Oii7a1nsj4070Y68SSkyvyAuWgs4OA,TwistedFate,4,True,12,11,22,15767,1818,24446,907,27171,17753,8012,565,26331,1026,3020,3157,3100,3094,6656,2052,JhinFKennedy1963,p6UxC2bu64dUmHhv2m7Wlhg4B6sCR1Am1BAaOZYj4-8CcIFjTtYRDm2vKQ6wXuJG16m6PnO2K3FvWQ,Rakan,497,True,5,7,24,13217,656,13223,1061,14941,13310,8373,26,21710,4636,3158,4645,4629,3145,3108,2052
False,Lissandra,127,3,10,10,NA1_4664237606,848,ARAM,1684895285218,Seccho,FsGjyv63kEdlSUTaIVnfsUb0bxcY05OPPBl0xkg5YyCwBoUcreuBUQ_rJ10Z5-jkFTjaKb1nNfvePA,Senna,235,True,8,3,29,11108,13084,3528,0,16613,5097,2104,122,7324,3070,6672,0,3006,3124,0,2052,Percents,eJSXzeLZgRuRmJSuA4bRezGQ3hiont3Yt-ZWMl86faG2v4xgMduz3wXCTAKNcOxdhhyKYoBvE-Lo3Q,Yone,777,True,13,8,21,11300,15714,5854,2373,23943,13469,4476,868,18814,3184,3006,1037,3095,1038,1018,2052,Lunar Arcanum,o4poQoaP8CPCtGXd0-OndRr73IsCoNPR7Ic_tZ36bo7dIEyJ3g4krFn_ARypbk-Ixdr88cg2BDkitw,Zoe,142,True,9,3,22,10234,2932,24790,1450,29173,8004,1480,521,10007,6655,3020,3145,0,0,0,2052,FinalStratos,5STb5sFRHrYwAxNxWLW0uPfVb-xQjE6VghlM9thlzlMdJ9idxNbHRizwarHmwx_ThF3prZJ0ebsJxQ,MonkeyKing,62,True,9,5,21,10242,10196,3318,920,14434,11446,6241,972,18660,2051,3070,6632,3111,3133,1028,2052,Divine Wings,N2AKp9oQgx5sz5IbszWR26MmBrPQDEVfHaW20POBi-mlco-9w1T5WrpmazYlWy7t7hG_7hCWKpWKVA,Milio,902,True,1,1,37,8910,590,2732,0,3322,3236,1736,459,5432,2065,3070,3158,1058,1028,0,2052,notchurro,TZstHHvA_IXAECTzLaHmCWDcZbH-UFoqD8R8YdHXBJPT-BDG-bii9K7rAw8FUwpcHjOFbfGzhbupfA,Gwen,887,False,4,9,8,9031,2241,5323,1601,9166,12268,9975,1115,23358,3115,3047,0,4633,0,0,0,Balkai,UaaAHDMrzSadZEnUtc2TEjGP5jaJQ8MVcULtz1SL1H8OAy6lAHz7EQ2OJwbvBST0YkR0fPD9AeT4ZA,Lissandra,127,False,3,10,10,8394,433,7275,643,8351,7028,8141,974,16143,6655,4645,0,0,0,3020,2052,actuallyapotato,59rYkD8T2UT6a4REJW3NuCgQ7dJr9FHUp4ukCMoHmqyHntBpaoS81CAuW5BhjahxEGHCBQl0DS5_tg,Jinx,222,False,7,7,9,10934,18418,815,0,19234,8070,7090,189,15350,3184,1053,3094,1038,2422,6671,2052,Katinka4,5u1OuQR4vRKF7Wfn6FxxPnF4Pic4-FPSAvzJquGYzMPSFuMSEZoLeekzJDwtzrrqkKqmCIxy_uJFOQ,Riven,92,False,4,10,8,8878,7205,362,605,8172,12777,8855,988,22620,3158,2031,6630,3067,3133,3184,2052,Shuckle,wNZrz_iRLQUVnyoil-jSSQ3ZZd7o-bTCyYIDgBqheYtREHcZd0astsVtTKvM5-ORRt5kh9rBdiFR4w,Ivern,427,False,1,4,16,8041,2398,2263,95,4757,7202,6173,1476,14852,6620,3158,2031,2051,3011,1028,2052
True,Anivia,34,12,12,26,NA1_4662244805,1230,ARAM,1684710944981,Pastor Coochie,HufaNSW5c6Q_8jOMGtmwpeEBjGUjXIV4gB9TdFWRB7D31yuzj9LOzvJst8wZGT1BWYc3GjTNHgubEg,Sion,14,False,11,14,32,14971,32823,8602,2160,43586,49353,39890,7257,96502,3111,3084,3068,3748,4401,1033,2052,Khazdiah,sOJuFPYMDMeJssqTDC3BwK3We_SnHfYjy-8sW6x3LO2Pyp5F3DdeYg83rJY9APkUew1oaGNqQYLC9g,Velkoz,161,False,11,9,38,14857,1154,45832,14619,61606,11701,8711,2191,22604,6653,2031,3020,3089,3135,4637,2052,SunriseSkaterKid,F1U8LCDK-I7fLdP3jA-gKYv4MNdhRRKauZ5ZM492aOBbjnZlPAxR4cLfqSITDr1WckHWyXSLJOORAQ,Kaisa,145,False,19,11,24,17674,27663,17087,0,44750,12489,16436,1371,30296,6672,3153,3006,3124,3036,6670,2052,NotEvenCloseDawg,4-7gHjTjuo50sAflEt0kSnO1znXUEhdYb1XcKvTLOuVYwITueTocx6JCCNrMBCVEVUSlAnm-NacUlg,Ahri,103,False,6,14,31,12409,1929,25102,10724,37756,12061,18375,3123,33560,3020,6656,4628,3135,1058,0,2052,Hagane,KrrtsLXQBmA4HRjJqr0x7B6HF5Eifo9qGf-QHk7_HcacGTZ1rwRSjnr0wxwd3wcwL_FTqEyMqUqRUg,Elise,60,False,12,12,34,15053,1504,39285,1848,42638,12390,16480,1333,30203,6655,3020,3157,4645,3165,4632,2052,pussinatør,VxhSx51JaSvV1sG4FfK4lxL5E0gzK64UZTKFpFuxRSbR1jne_Gb1uhge9zsueunv0-7CVJgVD_w7Bw,Nasus,75,True,17,15,26,16004,25914,11252,0,37167,15304,28220,7988,51513,6662,3105,3158,3121,3110,4401,2052,Balkai,UaaAHDMrzSadZEnUtc2TEjGP5jaJQ8MVcULtz1SL1H8OAy6lAHz7EQ2OJwbvBST0YkR0fPD9AeT4ZA,Anivia,34,True,12,12,26,15545,876,40961,1883,43722,9057,20381,2564,32003,6653,0,4637,3135,3040,3020,2052,actuallyapotato,59rYkD8T2UT6a4REJW3NuCgQ7dJr9FHUp4ukCMoHmqyHntBpaoS81CAuW5BhjahxEGHCBQl0DS5_tg,Sett,875,True,17,11,19,15952,46412,0,10258,56670,24078,31838,7097,63014,3084,3111,3748,3083,3082,3193,2052,Katinka4,5u1OuQR4vRKF7Wfn6FxxPnF4Pic4-FPSAvzJquGYzMPSFuMSEZoLeekzJDwtzrrqkKqmCIxy_uJFOQ,FiddleSticks,9,True,6,13,31,13793,520,25724,1659,27904,8956,24880,3095,36933,3111,4633,3157,3065,3112,1058,3330,Shuckle,wNZrz_iRLQUVnyoil-jSSQ3ZZd7o-bTCyYIDgBqheYtREHcZd0astsVtTKvM5-ORRt5kh9rBdiFR4w,TahmKench,223,True,8,8,28,14571,3390,21954,710,26054,23121,30589,7839,61550,6665,3111,3083,1057,3068,3066,2052
False,FiddleSticks,9,5,16,21,NA1_4662214098,1559,ARAM,1684709182079,Balkai,UaaAHDMrzSadZEnUtc2TEjGP5jaJQ8MVcULtz1SL1H8OAy6lAHz7EQ2OJwbvBST0YkR0fPD9AeT4ZA,FiddleSticks,9,False,5,16,21,14314,373,14983,1074,16431,23211,21045,2559,46816,8020,3157,3001,4637,1011,3111,3330,actuallyapotato,59rYkD8T2UT6a4REJW3NuCgQ7dJr9FHUp4ukCMoHmqyHntBpaoS81CAuW5BhjahxEGHCBQl0DS5_tg,Samira,360,False,15,15,12,18635,38768,4424,366,43559,16656,25190,1922,43768,6676,6673,3111,3031,3036,3139,2052,Katinka4,5u1OuQR4vRKF7Wfn6FxxPnF4Pic4-FPSAvzJquGYzMPSFuMSEZoLeekzJDwtzrrqkKqmCIxy_uJFOQ,Syndra,134,False,17,10,27,20776,688,48502,2520,51711,8919,19102,658,28680,3040,3135,4645,6655,3020,3089,2052,Shuckle,wNZrz_iRLQUVnyoil-jSSQ3ZZd7o-bTCyYIDgBqheYtREHcZd0astsVtTKvM5-ORRt5kh9rBdiFR4w,Lulu,117,False,3,7,44,15438,1580,10179,745,12505,6970,14508,433,21913,6620,3107,3222,4005,3504,3158,2052,the old you ,TQkDO2T29v-OvTkbA_x2mKuaMKKGFd__rJv5NX2m50-lSbUxT0BP_dFYqOXckY8rqVbtnc2prpDXzw,Sylas,517,False,16,18,24,17903,231,46486,1345,48063,23360,40707,4809,68877,3089,6657,3157,3020,3135,4645,2052,xEsee,DP535XnuJnHo57TejglCsCfz9Z1EhviCq_fDoZeJ5oUcVmLe_Qs54RJ0YBoH077BGUAhpZ2fueWcQw,Orianna,61,True,13,12,41,17275,496,32483,1600,34579,3346,25464,956,29766,3112,4628,6655,3020,3089,4629,2052,Snapbak,vf3hidZNqz7-eVge274QHrmlxVannB8o-mMSCTXKyDDN_DXmON_xBEURF5XDCMPfSicMJ5SOdmnwhA,Blitzcrank,53,True,8,8,37,16322,4732,15428,662,20822,14804,28690,3470,46966,3001,3121,3193,3083,3065,3158,2052,Virundrus,sl-mM-ZVNe2QnETQ1e9NxveAzOdgRicFzFbwPV5b-1YUNceJtbFRAd5OR5PHiFYlbLZ2V-HUrUabGQ,Caitlyn,51,True,24,10,21,22706,55816,5329,148,61294,4375,26545,831,31752,3031,3095,3006,3094,3072,3036,2052,KimchiToaster,9_iinVIvqCtXfGp9Ye2AhrKZfb1OTb-YF5qax6oFIqFGwRf6VWjQYpcNfegy0DkuZGGkaApMOLRtyw,Amumu,32,True,9,14,33,16227,3594,22704,5338,31638,23820,22035,2265,48120,6664,6665,3193,4401,8020,3111,2052,LegendAchiever9,AVWXZw86nbsioyoOIqizv2rdPk0sTHYa0uWIjZXTfwDxfTqxAiTm8QA38CNe_UrcOYOLzbxZKpYEEw,Annie,1,True,12,12,35,17908,715,44609,2633,47958,4261,21840,528,26630,6655,4645,3020,3089,3135,3102,0
False,Mordekaiser,82,3,14,21,NA1_4662194095,1293,ARAM,1684707698521,Balkai,UaaAHDMrzSadZEnUtc2TEjGP5jaJQ8MVcULtz1SL1H8OAy6lAHz7EQ2OJwbvBST0YkR0fPD9AeT4ZA,Mordekaiser,82,False,3,14,21,12112,1678,12340,1397,15416,14599,29284,2654,46537,3116,6665,4637,2051,0,3047,2052,actuallyapotato,59rYkD8T2UT6a4REJW3NuCgQ7dJr9FHUp4ukCMoHmqyHntBpaoS81CAuW5BhjahxEGHCBQl0DS5_tg,Milio,902,False,1,6,39,12278,597,3167,262,4026,5277,18898,821,24996,3158,3107,3011,3504,4005,2065,2052,Katinka4,5u1OuQR4vRKF7Wfn6FxxPnF4Pic4-FPSAvzJquGYzMPSFuMSEZoLeekzJDwtzrrqkKqmCIxy_uJFOQ,Corki,42,False,15,11,17,16418,4717,35897,429,41044,8101,17874,1973,27949,3042,3020,3074,3156,6655,1036,2052,Shuckle,wNZrz_iRLQUVnyoil-jSSQ3ZZd7o-bTCyYIDgBqheYtREHcZd0astsVtTKvM5-ORRt5kh9rBdiFR4w,Caitlyn,51,False,17,8,11,17490,24038,5427,325,29792,6428,18102,2041,26572,3095,3139,3006,3072,3094,3031,2052,PewPewQQ,p_gwFFFx_RybMEDv8m6MgE2qUOMSi1FYcbv5y92M2N7fEIHvUxb1WtlpICvjvwqsp1PfGMZTorJU3g,JarvanIV,59,False,15,18,27,14523,29634,2120,1180,32934,11924,18873,3283,34081,6696,3111,6693,3142,6333,0,2052,game name please,8sWDf6swu9b7kOWNWJpoLkuwNChAa-032Mij7WGSlvrx2N0A5s1LoClyiQz484N6Aq1Gl5AUJoh56g,Belveth,200,True,8,14,18,13476,7100,2548,3725,13374,15244,14524,1559,31328,3124,3047,3153,6333,3051,1043,2052,ARabidSquirrel42,PlN5fl8bLruPJIk3OGhyK6li0ZJw2eBwQ7FvmXmNV0EQs17vaEtE2ji2cVSK4N7j3omPEyPQlLSSdQ,KogMaw,96,True,21,8,21,17620,10575,21185,3179,34940,14216,9400,358,23975,2421,3124,3006,3085,3153,3091,2052,NND,OU6FCcssm31PgETF81-CJDO8T_2BkbiZeoyuZStNxOfVKOqbqjSLUgIvaTixNdABY4GJKQH7viY6Jw,Lissandra,127,True,9,11,19,15645,582,23260,1765,25608,13347,16427,865,30640,6655,3020,3157,4645,3135,1058,2052,Sebalt,syDM7rsmzAtcRqTk8NGftunSMMXqXnwePvtaj3Jcqv5m9_aRPoQwWut8vKWCHEMx4kE9qEM7ke_YCQ,Ezreal,81,True,3,10,34,15791,9574,27522,1198,38294,13384,9570,140,23095,3040,3100,3087,3020,4636,0,2052,FEED THEN BLAME,zKE4vs2kRmBTh_pLxdAqx-7HbrhxvLMHacQRKOj6GvQNYypa-K2tqog1vkKt5znZea4bJk1DbEBLJg,Kaisa,145,True,16,8,26,16184,12088,28516,946,41551,10332,9030,750,20113,3042,3087,6655,3115,3020,1058,2052
True,Graves,104,13,12,28,NA1_4662169440,1227,ARAM,1684706278320,InfernoShockwave,_WzW7SwW3pA9LaYuUKkEcRZanHBgQz8KOjrmfytPBawi6nbJlt5fn2mStDuDZ4pHZPq31q6njeOT4Q,Thresh,412,False,4,6,30,11859,1075,10116,255,11447,12340,11563,216,24120,6665,3801,3111,4401,3110,1011,2052,Shycopath,COjC1AO-0t7F2slJZZL3D7smMVVBNXMv4EWtnJibogKbDNo2lO9q6QuKOZuBxhZipzdJ8PAbXoj2LA,Heimerdinger,74,False,3,8,22,12553,669,31295,1022,32987,10550,12833,80,23464,6653,2421,2031,3020,3116,3165,2052,Yukinoshita,Wz-ZK-NrvgcJygL-oSOHF3zdeue7HNOVtnTzroh4WEx0vxVLMS6X34wUVl4iwW2Mjkdm8U_S_P_8WA,Sona,37,False,9,12,29,13022,2233,20099,1141,23474,14180,16441,245,30866,6620,3040,3158,3107,3504,3114,2052,MaxWebb,Gy45oTUy7kllXMeByXYGXddUZBAXwzcAYwRWwwIfKq4B9KXZ2NJIZ9yg_H_wYtjMXEQ-tibMdrsqEg,Xayah,498,False,17,9,16,16411,39396,2255,653,42305,10674,15374,130,26179,3072,3006,3095,6675,3094,3035,0,huditu,XoLqLVr9HSeEFy8nYKWw4juGNi-v8Mtl09DeRBdYbQATwJkzlI_ooBiLtU20qxPAqfBz39dg4Akrjw,Urgot,6,False,7,17,25,13241,26017,976,2152,29146,27199,23267,190,50657,1057,6665,3111,3071,3748,3066,2052,Balkai,UaaAHDMrzSadZEnUtc2TEjGP5jaJQ8MVcULtz1SL1H8OAy6lAHz7EQ2OJwbvBST0YkR0fPD9AeT4ZA,Graves,104,True,13,12,28,15251,29309,1077,501,30888,18151,15449,1180,34781,3031,3072,3006,6673,3036,1029,2052,actuallyapotato,59rYkD8T2UT6a4REJW3NuCgQ7dJr9FHUp4ukCMoHmqyHntBpaoS81CAuW5BhjahxEGHCBQl0DS5_tg,Zilean,26,True,11,3,38,15586,688,22964,0,23653,7840,3883,1026,12751,6653,3040,3158,3089,1052,0,2052,Katinka4,5u1OuQR4vRKF7Wfn6FxxPnF4Pic4-FPSAvzJquGYzMPSFuMSEZoLeekzJDwtzrrqkKqmCIxy_uJFOQ,Anivia,34,True,12,5,31,14737,1066,30190,0,31257,12610,14025,611,27248,3916,3040,3157,6657,3020,3145,2052,Shuckle,wNZrz_iRLQUVnyoil-jSSQ3ZZd7o-bTCyYIDgBqheYtREHcZd0astsVtTKvM5-ORRt5kh9rBdiFR4w,Nautilus,111,True,3,9,38,12267,5079,8506,360,13945,23375,19487,1499,44362,3105,3111,3110,3083,6667,1029,2052,DAWANGWU,EfnkvSR8QKoApiW7eF8eIwB3ZUfVifkM1HXfBJkEiHFA3p1vXn1W7MinrnP-8A4O3JFyXI60RY-c3A,Varus,110,True,13,11,28,14609,28909,16741,0,45651,15710,11896,906,28514,6672,3153,3124,3091,3006,0,2052
True,Jhin,202,14,10,23,NA1_4662152931,1273,ARAM,1684704659228,Forkky,l-44l_gBe-6x88f4M4HfE0zGdbv5DLN4Nm6yqRS7zW2H2aDJlrGnoPL95sIOSsiz6oVzQwyYHXYFUw,Ashe,22,False,5,14,29,13463,17497,6003,0,23501,11044,12589,3671,27306,3153,1018,1037,6672,3124,3006,0,Baneoflight,4VO-nLG3x69k2tP7nGnJD3JUGvQjgRa7kBQ4jAtTeIlEtvaBvjOEtOh3w2MSIwSCndqCYywuS0W4rQ,Elise,60,False,11,11,23,14111,1052,31141,885,33078,13656,11252,1862,26771,6653,4645,3135,3089,3020,0,2052,Chalupareno,lsyuWqJTwHQsv4LOnrHefkSsf5XPcyewEDnftiF1LYM5_wcpYTTv5He5bKkoWAjMYWEHfNolO8QYrg,Leona,89,False,1,13,28,11901,2685,6644,990,10319,23633,12840,4463,40937,2051,3121,6665,3111,4401,3076,2052,Armar,hZI_zh7WYUx_dFfs4s9upHitFWobNe5n9kr24HSU2aItd5Pn45thYh8kn2v-IzFvomsqdTpD2CzWsg,Zeri,221,False,23,11,24,20464,43743,17834,4,61582,14656,11726,949,27332,3095,3139,3031,3006,3085,3036,2052,Big Gucci Son,jVgSagT2IzQNbsGdwjPfUDsDtKxkqqz1sqdmggJH_VF3bTnVowYZpdR-p35zbfMdUs_ASO08tEN7mA,Vi,254,False,18,13,16,16853,39844,468,1290,41602,19648,14149,6167,39965,3053,6632,3047,6333,3071,1043,2052,Gugsu,lvhYGiedFaEwgDCViBNGuxJoUAfvJrt5ohlsjQK51xsBxznBFqmclrp9D6QhVyP1C4_aojbMbyDZdw,Kaisa,145,True,17,13,19,17232,16752,17865,1118,35736,21815,7412,740,29967,2031,3036,3115,3124,3095,3006,0,Balkai,UaaAHDMrzSadZEnUtc2TEjGP5jaJQ8MVcULtz1SL1H8OAy6lAHz7EQ2OJwbvBST0YkR0fPD9AeT4ZA,Jhin,202,True,14,10,23,15948,23770,3661,363,27796,18932,6138,205,25275,3095,3031,3036,3094,1036,3009,0,actuallyapotato,59rYkD8T2UT6a4REJW3NuCgQ7dJr9FHUp4ukCMoHmqyHntBpaoS81CAuW5BhjahxEGHCBQl0DS5_tg,Sett,875,True,8,12,32,14628,25242,0,11558,36801,33775,24098,705,58578,3084,3047,3748,3053,1029,3143,2052,Katinka4,5u1OuQR4vRKF7Wfn6FxxPnF4Pic4-FPSAvzJquGYzMPSFuMSEZoLeekzJDwtzrrqkKqmCIxy_uJFOQ,Rammus,33,True,7,13,28,14203,1638,18835,976,21451,23385,16997,1140,41522,3111,3068,3143,3075,6665,0,2052,Shuckle,wNZrz_iRLQUVnyoil-jSSQ3ZZd7o-bTCyYIDgBqheYtREHcZd0astsVtTKvM5-ORRt5kh9rBdiFR4w,Morgana,25,True,15,10,32,15250,1707,22194,2347,26249,19430,7444,379,27255,6653,3157,3158,3165,3135,1058,2052
False,Ashe,22,5,16,46,NA1_4658801184,1463,ARAM,1684386964681,Balkai,UaaAHDMrzSadZEnUtc2TEjGP5jaJQ8MVcULtz1SL1H8OAy6lAHz7EQ2OJwbvBST0YkR0fPD9AeT4ZA,Ashe,22,False,5,16,46,15201,19976,9194,1304,30474,16809,16520,1999,35329,4005,3042,6609,6696,3134,3158,2052,actuallyapotato,59rYkD8T2UT6a4REJW3NuCgQ7dJr9FHUp4ukCMoHmqyHntBpaoS81CAuW5BhjahxEGHCBQl0DS5_tg,Sylas,517,False,13,13,40,15787,1441,47974,1650,51065,33171,42107,2385,77664,6657,3047,3121,4637,3065,3110,2052,Katinka4,5u1OuQR4vRKF7Wfn6FxxPnF4Pic4-FPSAvzJquGYzMPSFuMSEZoLeekzJDwtzrrqkKqmCIxy_uJFOQ,Illaoi,420,False,12,18,30,16932,38591,874,2797,42263,32717,30119,3094,65930,3047,3075,3071,6632,3065,3053,2052,Shuckle,wNZrz_iRLQUVnyoil-jSSQ3ZZd7o-bTCyYIDgBqheYtREHcZd0astsVtTKvM5-ORRt5kh9rBdiFR4w,Belveth,200,False,7,16,34,14804,10735,2976,1507,15219,25557,22166,1747,49472,3075,3111,3153,6665,3065,3082,0,Agumon Evo,d8iK905O-V25ynNGgnOoV3IM2Vx62k6ybp1qQrnjPX1uqFHhufiYAxyozJZOdoz7ALc_nDiT7SNJew,Vayne,67,False,29,13,26,22102,48459,3671,26263,78393,17826,21962,2310,42099,3748,6672,3153,3124,3742,3091,0,Ezzzzzzreal,TdaFX_8DOhpkfvyqPqnf76hU51z-2M9l0fa0o5zLfxUIMVxnG6DgF74QMl-lQSgpIMjAhbyMYXKWKQ,Swain,50,True,13,10,45,16946,2593,32713,1170,36477,42777,17568,10786,71131,6657,3165,3157,3116,4637,1001,0,Balencichigga,TFJN3iI1HyStkc1UEX2a8DGvJUeN626lsXcTiwNE4ogjJcSbl7Z5dcwvq-ba66V7eEwXAHU5Sb0yFw,Yone,777,True,16,17,32,18348,35452,10215,7809,53478,25988,8912,5106,40007,3123,6333,6673,3031,3072,3006,2052,Noise,M8COUmKRwDJterbk_hKSha8mR1VqSifTUaz_cqWeHBqIIoewLaYhwrRJnugLefWBfgGuYl8KxAL2iw,Maokai,57,True,3,17,46,14305,1549,17772,2260,21582,30438,11322,14585,56346,3047,3193,6665,3110,3068,1011,2052,GHOST TOKYO,vHpYR1hyVQFMIu-q3eLLowBL_XNBRJkR83imF_MHkr9TZHbUKRFBnq3ApywRJZWZcGOCYtRdvyhdjw,Orianna,61,True,19,9,43,20630,1561,72174,296,74032,15161,14429,944,30534,3135,3040,3157,3089,4629,6653,2052,con cu chút éc,GFlTlTx9ITBacWXypYWhbDX7ki7JyH3FyG5kXPCEiXOifu4h7nhmcApGOWWwroIhwO4URIztHKcH9g,Draven,119,True,23,13,31,21031,72627,0,0,72627,25113,12456,2384,39954,3046,3508,3031,6692,3072,3033,0
False,Blitzcrank,53,7,11,31,NA1_4658780684,873,ARAM,1684385901670,Fang Venny Bakes,jrB8l_Ru1seFMpRK5Fm20iWMjwSrO6VTaUdpnMEQdfrTNm60d2EnvFFW91uzfOfylELJtGgGcQJhpQ,Gnar,150,True,6,8,22,10382,15685,1420,580,17685,14191,8573,200,22965,6632,3111,4401,1031,3133,0,2052,Ezzzzzzreal,TdaFX_8DOhpkfvyqPqnf76hU51z-2M9l0fa0o5zLfxUIMVxnG6DgF74QMl-lQSgpIMjAhbyMYXKWKQ,Renekton,58,True,12,9,26,12410,18837,5068,830,24735,17163,14921,560,32644,3111,3071,6630,6333,1033,1036,0,Balencichigga,TFJN3iI1HyStkc1UEX2a8DGvJUeN626lsXcTiwNE4ogjJcSbl7Z5dcwvq-ba66V7eEwXAHU5Sb0yFw,Yasuo,157,True,10,14,23,12730,22750,3453,760,26963,15114,12907,295,28317,6632,0,0,3153,3031,3006,2052,Noise,M8COUmKRwDJterbk_hKSha8mR1VqSifTUaz_cqWeHBqIIoewLaYhwrRJnugLefWBfgGuYl8KxAL2iw,Fiora,114,True,14,10,11,11931,15945,2653,6237,24836,15702,13149,900,29752,3047,6632,3074,6333,1033,0,2052,GHOST TOKYO,vHpYR1hyVQFMIu-q3eLLowBL_XNBRJkR83imF_MHkr9TZHbUKRFBnq3ApywRJZWZcGOCYtRdvyhdjw,Nami,267,True,6,7,31,10839,1389,11321,1210,13921,6576,9454,120,16151,4005,3504,3158,3089,1052,0,2052,Younglister,NBvY66CWKLwvCRnkZAL8E4wKZuBirTeWM5cGMutwf7W0mzVIMOiNUNDpmSjrb9m4bMjpEtRe-soIPw,Jinx,222,False,7,9,28,11405,17021,1754,0,18775,14236,3846,909,18992,3094,3006,3031,1018,0,6671,2052,Balkai,UaaAHDMrzSadZEnUtc2TEjGP5jaJQ8MVcULtz1SL1H8OAy6lAHz7EQ2OJwbvBST0YkR0fPD9AeT4ZA,Blitzcrank,53,False,7,11,31,10001,4522,9742,722,14987,20603,7027,3345,30976,2051,6665,3075,3024,0,3047,2052,actuallyapotato,59rYkD8T2UT6a4REJW3NuCgQ7dJr9FHUp4ukCMoHmqyHntBpaoS81CAuW5BhjahxEGHCBQl0DS5_tg,Singed,27,False,2,10,30,8594,0,14821,872,15694,18860,6120,3414,28395,6657,3116,3076,3047,1011,1029,2052,Katinka4,5u1OuQR4vRKF7Wfn6FxxPnF4Pic4-FPSAvzJquGYzMPSFuMSEZoLeekzJDwtzrrqkKqmCIxy_uJFOQ,LeeSin,64,False,19,13,19,13348,26153,2979,480,29613,15709,4659,1572,21941,6691,3047,6696,3074,3067,3133,2052,Shuckle,wNZrz_iRLQUVnyoil-jSSQ3ZZd7o-bTCyYIDgBqheYtREHcZd0astsVtTKvM5-ORRt5kh9rBdiFR4w,Lux,99,False,13,6,30,10803,1730,29709,0,31439,10072,2262,375,12711,6653,3165,3020,1058,1058,0,2052
True,Malzahar,90,11,13,31,NA1_4658763638,1016,ARAM,1684384674549,Sycthenos,lsydxN37n0dN-cv7tTQPvwVp3SOPS3iomCiSALhSTAXj3uZovGefY6s2KmRj5_ZeyBlS4uqNYTupnQ,Shen,98,True,9,14,37,12747,9935,9016,1520,20471,32634,8478,739,41853,2051,6665,3111,4401,3076,3068,2052,Balkai,UaaAHDMrzSadZEnUtc2TEjGP5jaJQ8MVcULtz1SL1H8OAy6lAHz7EQ2OJwbvBST0YkR0fPD9AeT4ZA,Malzahar,90,True,11,13,31,12847,1404,25164,702,27271,14252,8800,483,23536,6653,3165,4637,4630,1026,3020,2052,actuallyapotato,59rYkD8T2UT6a4REJW3NuCgQ7dJr9FHUp4ukCMoHmqyHntBpaoS81CAuW5BhjahxEGHCBQl0DS5_tg,Kayle,10,True,21,12,25,15658,31059,12167,0,43226,16922,8500,452,25876,3153,3047,3124,6673,3086,3157,2052,Katinka4,5u1OuQR4vRKF7Wfn6FxxPnF4Pic4-FPSAvzJquGYzMPSFuMSEZoLeekzJDwtzrrqkKqmCIxy_uJFOQ,Shyvana,102,True,5,11,33,11824,8103,11987,595,20686,20334,11389,1181,32905,3047,4401,6631,6333,2051,0,2052,Shuckle,wNZrz_iRLQUVnyoil-jSSQ3ZZd7o-bTCyYIDgBqheYtREHcZd0astsVtTKvM5-ORRt5kh9rBdiFR4w,Leona,89,True,7,9,38,12750,4902,12028,465,17396,19344,11149,559,31052,6665,3047,3748,3068,1011,0,2052,BILLY HERRlNGTON,TOcc-pFgBsmtk1oVokb-aasE8vWhCOVFVMZbSkaxAQHpK8arkh2XOoghJWORxLYxF_jjIuMEt-_2YQ,Nocturne,56,False,11,14,27,12050,30408,1568,980,32957,15644,14504,443,30591,3074,3042,3111,6691,1036,1036,2052,THE PERC 30,J5-nj4UGN8PvKeLSymsu3wD1Hzt0vDaBN0UEAp1d7WXY4Zebc6HTG8ZHwkGDUo4O-Fp-yQt41xVqLA,Akali,84,False,6,14,31,10114,847,17889,2436,21173,21024,14707,555,36287,4637,4633,3020,4630,1026,0,2052,capo444,mZ7f1C-X_AlVjfR-CMjfxrKVDaUlC7-fA5liV3rtBZ1s0WEPGETGmETppp_IV_ofE2mnoXAhMu5zdw,Aatrox,266,False,12,12,24,11792,28357,0,0,28357,20966,20361,1328,42656,3071,6630,3111,3065,3155,0,2052,Ming ýa,ksnpxNjMDB6NR1hzG9r5ySoHmnghKdcXQtUx6ua1h7x8zJHcdQeGT6Aj2hQvDBcZFpbJ54ndLd1CpA,Kaisa,145,False,15,6,20,14113,8408,28859,0,37268,6514,8532,166,15213,2031,6655,3042,3020,4645,3135,2052,ƒouis,-IMFtgAi-VfFjknlxAVBaDEuwZ_z2RM7bGm1hlEa4l_jDwxPOoN-aNbvTbk17R0N9IIWlnlbe21SLg,Senna,235,False,14,8,38,15176,25100,0,0,25100,9934,12257,788,22981,6692,3042,3071,3031,1053,3009,2052
True,Malzahar,90,17,7,20,NA1_4658755820,902,ARAM,1684383548118,Blunt Hits,BIOaq_FupXtBt0a3UnpbzZ8lfDXpDodzfovZs5e9sSwyd8ASEo3Hwj_E5bt9tSPUCI9LLNPZr2kVsQ,KogMaw,96,False,8,10,22,10947,8463,9399,4602,22465,8635,22316,487,31439,3084,3748,3111,3091,0,0,2052,NOT THE REAL UZI,AsleWoV10KTeFmzmwnCZvkCIsWaDMV6VezXceR6nP6_n97elw0NMD-_Jj5fg1e_FvUi5V4r-xtFHdg,Thresh,412,False,9,11,22,10650,5927,12786,770,19484,10396,30027,959,41382,3084,3068,3111,3083,1033,0,2052,illousiion,GqnI3OZ9JQiMEhAgbGD3ei2whQsiHnPvx5sMdHrxOEq9YpTwXaJxpi_7-J143nOK0aeCPVKmdcL0bA,Gangplank,41,False,8,8,18,10621,14871,5969,2814,23654,9701,9471,494,19666,3177,3042,6691,3158,3134,1018,2052,Móke,4KjHrvRLVwB8HxY2tbJLHGwleB2oBQ387L6yCtTe36kmNnIX9oavpuKtyjmdPqedv6JHIdd2W9pc7g,Blitzcrank,53,False,4,7,21,9497,3754,10426,405,14585,5779,12085,920,18785,4644,3111,4629,3145,0,0,2052,QwQOvO,DgN1cv3HDt1L1_yjKaKrNkQKb5u9mLhkIHI1K_JZ5dFwJ1iHneLvLelnZHMdTEnZ_fKpBENH9fN7WQ,Neeko,518,False,7,10,19,10311,1394,15787,473,17656,1992,15359,348,17700,6655,3020,4645,1058,1058,0,2052,Balkai,UaaAHDMrzSadZEnUtc2TEjGP5jaJQ8MVcULtz1SL1H8OAy6lAHz7EQ2OJwbvBST0YkR0fPD9AeT4ZA,Malzahar,90,True,17,7,20,13621,968,30388,1065,32422,6251,6920,1821,14993,6653,4637,3116,4630,1026,3020,2052,actuallyapotato,59rYkD8T2UT6a4REJW3NuCgQ7dJr9FHUp4ukCMoHmqyHntBpaoS81CAuW5BhjahxEGHCBQl0DS5_tg,Viego,234,True,12,8,23,11742,24765,6578,444,31789,14605,10924,2762,28293,3153,3111,6632,3133,1031,2031,2052,Katinka4,5u1OuQR4vRKF7Wfn6FxxPnF4Pic4-FPSAvzJquGYzMPSFuMSEZoLeekzJDwtzrrqkKqmCIxy_uJFOQ,Anivia,34,True,3,6,25,9935,764,16904,0,17669,5491,11950,1344,18787,2424,3040,6657,3112,3020,0,2052,Shuckle,wNZrz_iRLQUVnyoil-jSSQ3ZZd7o-bTCyYIDgBqheYtREHcZd0astsVtTKvM5-ORRt5kh9rBdiFR4w,Nautilus,111,True,3,5,33,10693,4186,8343,310,12839,12039,14497,1861,28398,2051,3111,6662,3083,1033,0,2052,Sarn,zmZKVtgf5PIsdyhxZXvwhCPiseXFJvM70qRKUFSWbc3NtQTV9I0UuG1hciT7iqMmLwFLHbU5C1JZGA,Vex,711,True,11,10,28,12009,1233,27045,1334,29613,6512,10074,1221,17808,3112,3191,6655,3020,3089,3070,2052
False,Malzahar,90,5,13,16,NA1_4658734133,937,ARAM,1684382419664,LochnessM0nster,BwXvhHZszzgEd3GvKEnObNi--D5_Awd2W8INVs8zUjxXJFb6S5F6ZFcLOMOkJAxtOuAxY1gTqpa4XA,Yasuo,157,False,8,13,16,11476,15696,1411,515,17623,9166,18879,1626,29673,3184,6673,1037,3006,3031,3051,0,Balkai,UaaAHDMrzSadZEnUtc2TEjGP5jaJQ8MVcULtz1SL1H8OAy6lAHz7EQ2OJwbvBST0YkR0fPD9AeT4ZA,Malzahar,90,False,5,13,16,10744,1019,20192,548,21760,3563,17629,1570,22763,6653,4637,3116,0,0,3020,2052,actuallyapotato,59rYkD8T2UT6a4REJW3NuCgQ7dJr9FHUp4ukCMoHmqyHntBpaoS81CAuW5BhjahxEGHCBQl0DS5_tg,Viego,234,False,7,10,15,10150,14676,6359,0,21036,10488,17673,1675,29837,2051,3111,6632,6333,3155,0,2052,Katinka4,5u1OuQR4vRKF7Wfn6FxxPnF4Pic4-FPSAvzJquGYzMPSFuMSEZoLeekzJDwtzrrqkKqmCIxy_uJFOQ,Alistar,12,False,3,8,24,9366,709,7235,680,8624,8369,19379,1562,29311,3111,2031,6667,2051,4401,0,2052,Shuckle,wNZrz_iRLQUVnyoil-jSSQ3ZZd7o-bTCyYIDgBqheYtREHcZd0astsVtTKvM5-ORRt5kh9rBdiFR4w,Morgana,25,False,11,9,19,11768,1072,20025,370,21467,3023,16784,1184,20993,6653,3157,3158,3165,0,0,2052,SoulzGrimz,pcSJE5x1YqVX5szprQ0TEdKM1N08TlVRBn8Xf0d9mRVkfR2xZZ5TW8yAOlsTE2Tw-MkMOABSDx_FNw,AurelionSol,136,True,10,9,29,13377,138,24648,1505,26292,7666,8859,661,17187,6653,3040,3116,3158,1052,1026,0,ÈmbraceÈrebus,zsV9HcSl6OQ8xPyGokQNqLevl45KAGUJnmFKQI6_5iLNDZwvAUHuhzrMKEy8L44Ijuh5QqfhXj7CQw,Vladimir,8,True,14,8,24,13347,840,33421,0,34262,11055,20686,449,32191,3112,4636,3020,4645,3089,3108,2052,MarlboroLight,G-B5_r9NhESTp36rQPVqMrfc-TpgV_caNsE0QBK7o2CdFXB5A1V5Xtgduol6OX-OzGvFRUEnF617fQ,LeeSin,64,True,10,5,32,12866,14617,3265,850,18732,8040,8490,3254,19784,2051,6692,3111,3074,1031,1037,0,Pnera,wut15UEAPgMkuK39Ou6FwWqcia7_63_6jOQZWXSgMhGDG8HAryHHRyBPhSw40QRSXczvQ0DgSqVpEA,Pyke,555,True,13,5,18,12151,12457,0,4008,16465,6999,9389,347,16736,6691,3158,3142,6696,0,0,2052,5uhdemfs,gUX5lc0go6G1kdN-O4cqVHEbNodlZwL8c_FaGLiwjZG2jIWONX78bKI0RWyCTUztd8f1c6__7uXjsA,Taliyah,163,True,6,8,36,12133,536,29011,1253,30801,4949,7799,400,13149,6655,3158,4629,3089,0,0,2052
True,Pantheon,80,6,11,18,NA1_4658713880,1196,ARAM,1684381036962,BenevolentMelon,wvd5ScxPq9pRFKxl43jw5bLU9B-ZAEL_bJWYDREn8gNaiOmFitXZoLo-EyyyZHqFstHRQvVIzE6jRQ,Senna,235,True,6,9,23,13822,29335,4305,0,33641,10687,12006,774,23468,3070,3031,3094,3006,3095,1053,2052,Balkai,UaaAHDMrzSadZEnUtc2TEjGP5jaJQ8MVcULtz1SL1H8OAy6lAHz7EQ2OJwbvBST0YkR0fPD9AeT4ZA,Pantheon,80,True,6,11,18,13283,22003,766,1100,23869,12090,15156,1178,28425,6692,3071,3161,3133,1031,3111,2052,actuallyapotato,59rYkD8T2UT6a4REJW3NuCgQ7dJr9FHUp4ukCMoHmqyHntBpaoS81CAuW5BhjahxEGHCBQl0DS5_tg,Zilean,26,True,7,5,29,13237,806,29522,0,30329,9675,6976,548,17200,6653,3040,3158,3089,3108,3113,2052,Katinka4,5u1OuQR4vRKF7Wfn6FxxPnF4Pic4-FPSAvzJquGYzMPSFuMSEZoLeekzJDwtzrrqkKqmCIxy_uJFOQ,Udyr,77,True,6,10,22,13247,25765,2497,0,28263,21758,22612,2977,47348,3121,1057,6632,3065,3111,3066,2052,Shuckle,wNZrz_iRLQUVnyoil-jSSQ3ZZd7o-bTCyYIDgBqheYtREHcZd0astsVtTKvM5-ORRt5kh9rBdiFR4w,Orianna,61,True,11,8,23,14048,1528,36746,0,38274,12151,8244,613,21009,6653,3020,4645,3089,4630,0,2052,geekedbro,iizccklU1Xngnz2XSM1yjzyB3u0uf9Nzss4gS_FFeo5e2cbcRBslyKHtMYjjVDFqyD8PGSY-crztxA,Bard,432,False,10,4,29,14076,3201,21103,1486,25792,9413,11491,95,20999,6655,3094,3020,3100,0,3089,2052,SNICKERSMVP,XZdi7qgMtuyBNhs7NtRzgSiLSH6aXtNNboesRJiH4MW7ZDj6nRblIqkkEXnO5F2uNDZWf1fNi2pRrg,Sejuani,113,False,12,14,21,13180,17635,8897,1331,27864,45560,30027,105,75692,3084,3121,3068,3083,1028,3111,2052,Tai Lûng,fXAMaXnRWKimKrPbbDpx7y4Nv1B9hnpl2hi0ZwIyF7cZwwhT7P-rLRHB_h7YGbwjIBof2ugENo0YvA,Janna,40,False,2,5,36,11260,654,7761,358,8775,8809,7891,160,16860,3107,3070,6617,3011,3158,6616,2052,F1lmboy,srXNcieEL4hCRIUjK2K49-Knvb0WUdSwLLpAurHEzqXPKOtJnh-ZfzufneteMwh86dRvrpPeSjcZRQ,Jayce,126,False,12,6,24,15617,34783,5132,1915,41831,9216,8912,290,18419,3042,6676,3158,6692,3074,3035,2052,afneutrino3000,KZ9l6kvRwTN67kswoLurXcNNrqZWbJbUM762opYxXLlgxBmezN-zY50DhDpHSREojnpkWh8v15Gpdg,Ryze,13,False,7,7,21,13806,942,22101,0,23043,15806,15516,450,31773,6657,3040,3020,3110,3135,1058,2052
True,Kennen,85,11,10,15,NA1_4656239154,1058,ARAM,1684124654198,I Only Win,f09BJ54Fry0Sx71d-rXlLXHy9fh_xzOgpgVDOYL30gGUVoN_Wi2eNCqVNTU7u0YGCBsGw0mGRuBlPg,Sivir,15,False,6,5,17,12630,17027,0,1035,18063,4663,9975,324,14963,1043,3036,3006,6675,1036,6672,2052,I Only Lose,wmwB-QTO7hzjQ7FheZ61PROddrnk6Ns-rzMbzirnKcUQjZyX9Qp9SU-3vM2UurF33QlUyIkpMabePA,Xerath,101,False,7,6,12,11482,209,21429,0,21639,1954,10938,292,13186,6655,3020,3089,4645,0,0,2052,lunanemui,GMArxzYIckQjlhdvZ8FRHKQeb-1AhbZ4T-FHfy_qsX5PFR6GCgRDrJq2F3dVikngR2chu66umW021g,Yone,777,False,8,6,10,11687,9219,2822,3220,15262,6584,9229,443,16256,3006,6673,3031,3091,1036,0,0,heioki,OLlKNatC59YhKvW72f-M2iEsXxlnCSBJF1Nwixx7CTRvxoxHmTTilP0MEvW5aVJiqLh9dSaPGpvLgw,JarvanIV,59,False,2,9,24,10443,10801,1989,0,12791,13008,12280,1277,26566,6630,3111,3065,3156,0,0,0,SAAAAAAAAAAAAAAT,v1Ao0SyatwCilzAc03zLGj9gygqV_upvBP9ZvM2U0431nn5R9iKon7CLLg9-keehkuyFMCw0ACB8ug,Varus,110,False,7,7,14,12030,20379,4619,0,24998,3526,12095,635,16258,3042,6693,3158,6694,3155,0,2052,Balkai,UaaAHDMrzSadZEnUtc2TEjGP5jaJQ8MVcULtz1SL1H8OAy6lAHz7EQ2OJwbvBST0YkR0fPD9AeT4ZA,Kennen,85,True,11,10,15,12620,1034,16028,1231,18294,11273,7480,991,19746,3152,3157,4645,1058,0,3020,2052,actuallyapotato,59rYkD8T2UT6a4REJW3NuCgQ7dJr9FHUp4ukCMoHmqyHntBpaoS81CAuW5BhjahxEGHCBQl0DS5_tg,Kaisa,145,True,11,5,12,13016,6951,19290,0,26241,8379,3876,432,12687,3042,6655,3115,3006,0,0,2052,Katinka4,5u1OuQR4vRKF7Wfn6FxxPnF4Pic4-FPSAvzJquGYzMPSFuMSEZoLeekzJDwtzrrqkKqmCIxy_uJFOQ,Morgana,25,True,1,6,21,10393,373,9275,295,9944,9745,5097,258,15100,3112,2031,3157,3158,6653,3916,2052,Shuckle,wNZrz_iRLQUVnyoil-jSSQ3ZZd7o-bTCyYIDgBqheYtREHcZd0astsVtTKvM5-ORRt5kh9rBdiFR4w,TahmKench,223,True,5,2,19,12158,1580,9437,180,11198,25729,10996,1909,38635,3083,1001,2031,3068,1029,0,2052,VECTRO,mLUQfufJxYzECB04e61bLHDMwf2SreHFi6FUH2t7Zzd3LR9tGU16-JGAHXxMfUuqIVYFokPFEzYeCg,Jinx,222,True,5,8,13,12712,14670,489,1266,16426,11541,3410,663,15615,3006,6672,3085,3031,1036,0,0
False,Darius,122,6,15,20,NA1_4656212698,1057,ARAM,1684123382521,Corovina,GxWHQiond7vVfihMxrv2crr1K05JPbYD54TQlN7iPCBkuCAUGGyrQGP-0lP10ct7dnrxgvMfwTWxgg,Sett,875,True,7,8,31,12554,14501,1389,4922,20813,27511,9376,2614,39503,3084,3111,3082,3068,4401,1011,2052,lightnessdargon,YOOeeAHRqu405FIQYKXD0zacxVwGoEGzu2VKtHfkzLYnj5xbzxhwK-rBRspUSUoem_an6d9jxUKHbw,Sejuani,113,True,8,9,32,12722,9650,10501,1863,22015,17174,12901,3857,33933,3068,6665,3047,2051,3110,1057,2052,The Cat Returns,74RmbslWnbcIGvFJJt59oHjKSrNrQF7h88AgXm54evMVgAKPUy3ZfMMmiGvJ9BaaTjDi5xuZm-EIuQ,Lillia,876,True,11,8,31,13448,317,31729,7785,39832,12275,6996,2556,21827,6653,4637,4629,3020,3116,0,2052,BestSSS,d30m4GqVNzWrg8islUNNBmUd2rP01BHjAXxB0j2663FKNPrd1N8iJh0zKY92u23YSDRd_f_u1NlL7g,Shen,98,True,7,8,30,12157,12109,6765,1700,20575,18786,12249,2015,33052,3084,3083,3075,3047,6660,0,2052,Stained,Z9ZWNJPYAsB2BhmE15edD5EVexy4VcFWK0kF9TcoyKFeg88uXz1eHHunXWvBvWfH4J_FObAH0217uw,Kindred,203,True,18,9,17,15910,26768,4653,3199,34620,10475,5789,4631,20896,6672,3153,3006,3072,3036,2015,2052,SAAAAAAAAAAAAAAT,v1Ao0SyatwCilzAc03zLGj9gygqV_upvBP9ZvM2U0431nn5R9iKon7CLLg9-keehkuyFMCw0ACB8ug,Chogath,31,False,7,11,26,11890,3055,16136,4796,23987,21381,18699,4875,44956,3070,3084,3076,3111,3068,3083,2052,Balkai,UaaAHDMrzSadZEnUtc2TEjGP5jaJQ8MVcULtz1SL1H8OAy6lAHz7EQ2OJwbvBST0YkR0fPD9AeT4ZA,Darius,122,False,6,15,20,11467,17499,869,1058,19428,17985,12364,6873,37223,6333,6630,3065,0,0,3111,2052,actuallyapotato,59rYkD8T2UT6a4REJW3NuCgQ7dJr9FHUp4ukCMoHmqyHntBpaoS81CAuW5BhjahxEGHCBQl0DS5_tg,Jinx,222,False,20,10,15,15871,47029,1176,4421,52627,11370,6961,2903,21234,6672,3031,3006,3036,3072,3086,2052,Katinka4,5u1OuQR4vRKF7Wfn6FxxPnF4Pic4-FPSAvzJquGYzMPSFuMSEZoLeekzJDwtzrrqkKqmCIxy_uJFOQ,Syndra,134,False,8,8,18,11582,896,25615,278,26791,9132,7200,1674,18007,3070,3112,6653,3020,4645,4630,2052,Shuckle,wNZrz_iRLQUVnyoil-jSSQ3ZZd7o-bTCyYIDgBqheYtREHcZd0astsVtTKvM5-ORRt5kh9rBdiFR4w,Ivern,427,False,1,8,35,10300,2637,3515,120,6272,10327,9812,3347,23487,2065,3158,3109,1004,3011,0,2052
False,Heimerdinger,74,17,16,23,NA1_4656178721,1789,ARAM,1684121417497,BestSSS,d30m4GqVNzWrg8islUNNBmUd2rP01BHjAXxB0j2663FKNPrd1N8iJh0zKY92u23YSDRd_f_u1NlL7g,MissFortune,21,True,15,15,29,22900,50543,2474,7630,60648,15569,24120,2124,41814,6672,3031,3072,3094,3036,3046,2052,EC03,0cg9oIWyPaPJoDx1OW8bFg3KCYtNVjudO6BnKax6R36599KQV4AoV1wXYi1Wrnlm3CAkmbz3DfnxdA,Viktor,112,True,17,12,34,22130,193,67288,3112,70594,14335,19875,874,35085,6653,3158,3089,4645,3135,3165,2052,Wuuufeng,47cLFFujhE3on7GSILAsg7MMIX7BKSu95Szjw3PHYyrOTr7RuMRJHncGjMqxisUyprCsEp5SNFk2Bw,Kaisa,145,True,16,15,24,20747,36378,14937,9180,60496,19472,22157,2511,44141,6672,3085,3006,6675,3072,3036,2052,otirruB,fKEjDNFr54Rrejt5dj4JgalIaXOg4YGgybNwn6aP0HKWWHpOKt2dKSqfvuzHKfvkP-w8tE_t1Hrc7g,Xayah,498,True,12,16,31,20715,51779,0,6831,58611,16676,30100,1281,48058,3072,6672,6675,3006,3046,3036,2052,RoyalClown,xbuthYCZHs0dRTrp2-Fj8Ql0E8AYqDKmiXT0dvEM7UYgvHtErgVcUKxhMjltQDAj72bwG730L1LOEg,Maokai,57,True,12,13,32,18889,7151,30817,2533,40502,56106,51727,5560,113395,3121,3084,4401,3075,3065,4637,2052,Arcatic9,0wQf37ODrl4EdiA2LA9Mip9dYxHqvL2CUs4fT-lD_7FeMwZrNKM-GpJiLZfaMDhMtbjq81-FmkUlug,Milio,902,False,4,14,51,17310,1251,10621,0,11873,22785,16865,1403,41053,2065,3040,3158,3504,4629,3089,2052,Balkai,UaaAHDMrzSadZEnUtc2TEjGP5jaJQ8MVcULtz1SL1H8OAy6lAHz7EQ2OJwbvBST0YkR0fPD9AeT4ZA,Heimerdinger,74,False,17,16,23,19639,1218,66814,2042,70075,23931,15455,2123,41510,6653,3116,3135,3089,4645,3020,2052,actuallyapotato,59rYkD8T2UT6a4REJW3NuCgQ7dJr9FHUp4ukCMoHmqyHntBpaoS81CAuW5BhjahxEGHCBQl0DS5_tg,KogMaw,96,False,27,16,20,23899,47757,36709,7093,91560,27652,29225,3132,60010,3153,8001,3124,3006,6673,3143,2052,Katinka4,5u1OuQR4vRKF7Wfn6FxxPnF4Pic4-FPSAvzJquGYzMPSFuMSEZoLeekzJDwtzrrqkKqmCIxy_uJFOQ,Yorick,83,False,11,13,22,20660,33299,12153,0,45452,34733,25145,15283,75162,3111,3742,3065,6632,6333,3110,2052,Shuckle,wNZrz_iRLQUVnyoil-jSSQ3ZZd7o-bTCyYIDgBqheYtREHcZd0astsVtTKvM5-ORRt5kh9rBdiFR4w,Sejuani,113,False,11,13,33,18698,18888,21684,650,41222,51339,28825,8386,88551,8001,3047,3083,6665,3110,3068,2052
False,Ekko,245,8,15,21,NA1_4656154592,1235,ARAM,1684120009851,EC03,0cg9oIWyPaPJoDx1OW8bFg3KCYtNVjudO6BnKax6R36599KQV4AoV1wXYi1Wrnlm3CAkmbz3DfnxdA,Ashe,22,False,16,8,28,16050,29323,2387,0,31711,14856,12042,1157,28057,6673,3006,3046,3085,3072,1037,2052,Balkai,UaaAHDMrzSadZEnUtc2TEjGP5jaJQ8MVcULtz1SL1H8OAy6lAHz7EQ2OJwbvBST0YkR0fPD9AeT4ZA,Ekko,245,False,8,15,21,12939,2659,20336,1025,24021,25693,7996,1887,35577,3152,3157,1058,1028,3100,3020,2052,actuallyapotato,59rYkD8T2UT6a4REJW3NuCgQ7dJr9FHUp4ukCMoHmqyHntBpaoS81CAuW5BhjahxEGHCBQl0DS5_tg,Kaisa,145,False,14,11,16,15236,18684,9483,0,28167,13470,9472,697,23639,3006,3094,6675,3072,0,6671,2052,Katinka4,5u1OuQR4vRKF7Wfn6FxxPnF4Pic4-FPSAvzJquGYzMPSFuMSEZoLeekzJDwtzrrqkKqmCIxy_uJFOQ,Taric,44,False,4,12,40,12812,2097,6722,1010,9829,15815,15421,1316,32552,3110,3121,3190,3047,3075,1028,2052,Shuckle,wNZrz_iRLQUVnyoil-jSSQ3ZZd7o-bTCyYIDgBqheYtREHcZd0astsVtTKvM5-ORRt5kh9rBdiFR4w,Shaco,35,False,12,7,26,14447,695,24796,1574,27065,12778,7937,979,21695,6653,3089,3158,4637,0,0,2052,jimmymoriarty,eq7rxdUEc5PLAEGzTL7KIMbEk0EJmOKvc-5AAWDQVjD6mZFBKsUGy85yjtmgoSQbWGveTEQQzq7Jcw,Quinn,133,True,2,9,21,12394,9980,0,576,10557,8999,8554,606,18160,6672,3072,3036,3006,0,0,2052,YonNSleep,2Ud_0FQIj--duhGn0XGWAedhXlhwwBA8RptY0rAfmvinLJBq7b2bThbbaJoZOR00IHa-UmRBLuV8UQ,AurelionSol,136,True,15,11,31,17202,561,44174,1723,46459,12441,14451,525,27417,6653,3040,2420,3116,3089,3020,0,Jayyahh,UnP2ymVxtwCEwq_Ldt6aXcCETDuBT5G6S8EAXDSqGiW8BFAM3KCW80DGDDT23c6Vo9Yjr151IdnqWw,Lucian,236,True,12,10,32,15852,25329,3156,0,28486,11056,12504,915,24475,3006,6671,3508,6675,3072,0,2052,AbsoluteZeroXYZ,wAKAB4yMGhoAMpMQcAyA1ztwK2S2Fwbco95PRHFdH_1nyndw6ro8A7bAD9h7vD9eCE5rchrkgcmUWQ,Kindred,203,True,14,10,16,16389,20325,4635,3112,28073,10552,12637,929,24118,6672,3006,6676,3031,3036,0,2052,Ilglcljyvc,-TogCyU9cw4978iEQOD9b1E999qNpWHaO4u9qNCm5MwVISSygqL4hI8nCaMpCOLsRLuqyE67wAIkwg,Rengar,107,True,10,14,15,14274,17983,902,625,19511,16314,15578,634,32526,6691,1001,3508,3031,6676,1053,2052
True,Caitlyn,51,11,13,30,NA1_4656132871,1479,ARAM,1684118225107,Balkai,UaaAHDMrzSadZEnUtc2TEjGP5jaJQ8MVcULtz1SL1H8OAy6lAHz7EQ2OJwbvBST0YkR0fPD9AeT4ZA,Caitlyn,51,True,11,13,30,16899,36484,2996,5054,44534,4947,30834,2002,37785,6672,3031,3036,3072,3046,3006,2052,actuallyapotato,59rYkD8T2UT6a4REJW3NuCgQ7dJr9FHUp4ukCMoHmqyHntBpaoS81CAuW5BhjahxEGHCBQl0DS5_tg,Leona,89,True,8,5,39,15358,5084,14755,2387,22227,25018,26246,7661,58926,2051,3111,3083,6665,3075,3068,2052,Katinka4,5u1OuQR4vRKF7Wfn6FxxPnF4Pic4-FPSAvzJquGYzMPSFuMSEZoLeekzJDwtzrrqkKqmCIxy_uJFOQ,Sivir,15,True,22,11,36,20882,48408,4007,7183,59599,10409,33249,2690,46350,3111,3031,3033,6672,3153,3156,2052,Shuckle,wNZrz_iRLQUVnyoil-jSSQ3ZZd7o-bTCyYIDgBqheYtREHcZd0astsVtTKvM5-ORRt5kh9rBdiFR4w,Nidalee,76,True,23,8,28,18046,1694,50638,1315,53647,6097,28341,2198,36637,6653,3157,3100,3089,3020,4630,2052,Thee Gentleman,lkWaT6sSwsJdulzYLDHydcHyQGH3_h63T1ax449Bfg03IJ-IA9TIvHhrQHgKcE3-YOP2NBGOVcz-Xg,Nami,267,True,4,6,58,15208,1396,16015,1320,18732,2898,19041,1510,23449,3040,6617,3111,3011,3504,1052,0,Scrubby Rusty,05WpSms7n5dy4RaYpJN5HbB9-9Fpl22zbhbdhdWcdZAxdGp8eme_05Kp2zggMoVR3oZc_kzToa_ybQ,KSante,897,False,1,8,28,14430,17080,2641,3921,23643,21967,22715,2160,46842,3121,3084,3111,3110,3068,1057,2052,Scooter961,x2WQR2RVNKOXaopKpPB6oxsnBtKu-gv0ow2LPtyHYtV4xsHqNIllbjfUqqwqpdvI5ubFbua475TjBA,Zac,154,False,3,15,21,13322,674,12615,1233,14523,29384,21629,7454,58469,6665,3075,3111,3083,3068,2138,2052,canadianbacon117,IE5fx0j-QvCWKMIA9Lxi4a3BkuE2a8WuergBnvi4Ne04CDbxpqd3ublXuugNzwnCQIKZCirsTu9RVQ,Xerath,101,False,8,10,24,16318,293,55475,0,55769,11789,11801,732,24323,3070,6655,3020,4628,3089,3135,2052,NoTransFat,yu3NbNEfTvRM9xU09xrzG5VIlhxg5HWDKHjhYOcIitYcjc6LmwrhP_eQLG456xb4FsItHH-FU-iOXw,Fiora,114,False,8,19,8,15344,18322,1193,7379,26895,24901,18052,7000,49954,6632,3047,3074,6333,3053,0,2052,BOBBYCLICKCLACK,ncr8xZj0VRlkzc9H1wFOn0W3Bl7gYSHx_zZrbbfGoLLJ23BkgB1Ry5_BsuvFOCTYrGQ-6wvbraEi1A,Syndra,134,False,23,16,15,20438,686,65788,4128,70602,17556,14213,1556,33326,6655,3040,4629,4645,3089,3135,2052
True,Janna,40,0,10,26,NA1_4656093690,1215,ARAM,1684116723311,Schromo,2xsGLx6tKzsgKZ0qJgmDSejBwUuD_3hcvSkPRihWmh7h4Bcihm1agBHlnnFSPqo2iZsjAXWx3zOpLQ,Zoe,142,False,11,7,19,14133,1411,37728,5735,44876,15010,4623,468,20102,3157,3020,4628,4645,0,6655,2052,TMC Specs,1sHtZ-RhVpJYHu9aNzh2lOZPyerSFufzSTsxoqBpV7CGk3CfyTcog8SPMpCigsxcEsokVTsamQdnHQ,Rumble,68,False,10,11,24,13347,527,39280,1345,41153,17131,8126,200,25457,6653,3020,4637,4645,3916,3145,2052,Retzah,I_G57hJ3a3RRqCTqAn_l0IPSB96eb1hoAULwFT_eYMTXphLOPZ9SwgyK2ESN6TueMXbh0rgSxTzDoA,Belveth,200,False,14,9,18,15336,22019,2833,7048,31900,24959,20796,5148,50905,2051,3084,3111,3153,6333,1053,2052,Urhottmom,-2_LpfzdXEF_93TpKOtubvNLfX1aC8A5NAYN_ydr01dyPCATzmLCltY1wu3AMGpTAlwlG_0imTg1SA,Jinx,222,False,1,0,3,9867,2208,50,0,2259,685,441,0,1127,3184,2031,1001,0,0,0,2052,Resushi,7NHsrsVony54EdicgGPDZhTAyqRbMyuN5CAItfbEFhoFBv0lZay8tpbgw2tcjYeEQwfJCs_MneoU9g,Diana,131,False,9,9,18,13775,1900,35577,1624,39101,14301,8187,741,23230,4636,3020,4645,3165,0,3157,2052,BlackRubberShoes,10qSt3heqlf8Q1Q-AzQ_Z9VBesBfjbyWOYiXJM2gwGHKz0tVb3R-h7s8-pSFA19m2h9LwAtNxQUA2w,Ashe,22,True,4,10,19,13053,14839,1309,1786,17935,4560,16554,1240,22355,6672,3006,3153,3033,1038,0,2052,Balkai,UaaAHDMrzSadZEnUtc2TEjGP5jaJQ8MVcULtz1SL1H8OAy6lAHz7EQ2OJwbvBST0YkR0fPD9AeT4ZA,Janna,40,True,0,10,26,11190,328,3540,49,3918,3865,17955,2167,23987,6617,3107,3011,3158,6616,3114,2052,actuallyapotato,59rYkD8T2UT6a4REJW3NuCgQ7dJr9FHUp4ukCMoHmqyHntBpaoS81CAuW5BhjahxEGHCBQl0DS5_tg,Viktor,112,True,9,11,15,13903,317,25664,1004,26986,3313,20929,2170,26413,6653,3135,3100,0,3020,3157,2052,Katinka4,5u1OuQR4vRKF7Wfn6FxxPnF4Pic4-FPSAvzJquGYzMPSFuMSEZoLeekzJDwtzrrqkKqmCIxy_uJFOQ,Gnar,150,True,8,7,21,13985,23424,4426,1793,29644,8480,22379,3210,34070,3111,2031,3078,3053,1057,3066,2052,Shuckle,wNZrz_iRLQUVnyoil-jSSQ3ZZd7o-bTCyYIDgBqheYtREHcZd0astsVtTKvM5-ORRt5kh9rBdiFR4w,Trundle,48,True,15,7,17,16116,21884,7234,1845,30964,15141,37651,6964,59758,3068,3111,3077,6632,3065,1028,2052
True,Kennen,85,9,11,32,NA1_4651945187,1238,ARAM,1683697984306,A Kawaii Fuccboi,idJBwRTeGkPTsD4_iA7coUoegiT9HtDqSNsAAaO0iTbhkjKAOysqWA87exMVSzuGh9SPegPKEEpZ6g,Zed,238,False,16,12,15,15970,42511,1442,1016,44971,19557,10441,3079,33078,6630,6333,0,3074,6694,3111,2052,JSalvo,WBXIKVm_Cqljze9AE4HjEQsmPcwEyPW2uB3R3y-mJa3txi5GM_-qFlnpLl-OBefNtdUBe4pwP4nspQ,Ziggs,115,False,7,9,22,13468,1157,28272,137,29567,8276,11076,338,19691,6655,3020,3165,4645,1058,1058,2052,Kilô,xe37GdydXezaujjAmBfwsnNsvVxcaHpwDu6xiRCbavPByne3Wz8mHKMk7ayKmGft6qx2Ojom4KBBwQ,Thresh,412,False,3,12,29,12062,1352,13123,1640,16116,15935,20493,1452,37882,3121,3083,2051,3190,3111,3067,0,imaparrot,Ha21dxgydj9l0DF-QDvsxInyTbLTBCqHSrPJHoEkvSnjHpS_0yiOXP8T8h0uaYytQn6ZxmD1y7QtPA,Vex,711,False,6,16,22,12186,1318,18691,1423,21433,13546,11348,1255,26150,3157,3158,4630,4645,6655,0,2052,RivenBack2S3,5sCoGnwgF6b3yyNWhafJxuxGlkr4i-DCeVPtVl-uvJmcNRtr9R7kg14jzLX-Mo_X79Dn-BMfAo86Hg,Darius,122,False,18,13,11,15869,27570,368,8214,36154,21328,17577,5362,44268,3071,3111,6665,6333,3156,3082,2052,Balkai,UaaAHDMrzSadZEnUtc2TEjGP5jaJQ8MVcULtz1SL1H8OAy6lAHz7EQ2OJwbvBST0YkR0fPD9AeT4ZA,Kennen,85,True,9,11,32,13315,1867,22983,2306,27157,12809,9795,2854,25458,3152,3157,4645,4630,0,3020,2052,actuallyapotato,59rYkD8T2UT6a4REJW3NuCgQ7dJr9FHUp4ukCMoHmqyHntBpaoS81CAuW5BhjahxEGHCBQl0DS5_tg,Senna,235,True,16,10,38,16781,36352,714,5144,42212,18732,10202,1381,30316,6672,3009,3124,3094,3033,3072,2052,Katinka4,5u1OuQR4vRKF7Wfn6FxxPnF4Pic4-FPSAvzJquGYzMPSFuMSEZoLeekzJDwtzrrqkKqmCIxy_uJFOQ,Gnar,150,True,15,8,31,15578,28519,3401,1384,33305,17247,13307,3336,33891,3111,2051,3078,3053,6333,1028,2052,Shuckle,wNZrz_iRLQUVnyoil-jSSQ3ZZd7o-bTCyYIDgBqheYtREHcZd0astsVtTKvM5-ORRt5kh9rBdiFR4w,Nunu,20,True,13,7,48,16478,3510,16987,996,21494,31868,18929,2135,52933,3105,3111,6665,3083,3068,3065,2052,Lilcheezzyy,nay2z86E_4-bGdhDh35taZhLyUWIabRjKeGZx4bnRanu3vwg8l2S_cZmcHmjFfVyfoMIXYMiStOKOg,Zyra,143,True,9,14,30,14963,1115,26849,1446,29411,12498,9664,2783,24945,6653,3157,3145,3916,3089,3020,0
False,Kassadin,38,7,12,19,NA1_4651926348,1167,ARAM,1683696606873,FeelsSisyphusMan,JH5o3yImu1jiEJTY_DNDFkV7oqFFG1sbN28gMUtbmbfXRP3IA7g_BXQnOyDn_fWC9eyNx3aU36e8ew,Gangplank,41,False,14,12,15,14251,27608,5825,8457,41891,22458,8142,1155,31757,6675,6693,3508,3047,1018,3035,2052,Balkai,UaaAHDMrzSadZEnUtc2TEjGP5jaJQ8MVcULtz1SL1H8OAy6lAHz7EQ2OJwbvBST0YkR0fPD9AeT4ZA,Kassadin,38,False,7,12,19,12777,1941,27577,558,30077,23518,11397,1236,36153,6657,3157,3040,3020,3082,3024,0,actuallyapotato,59rYkD8T2UT6a4REJW3NuCgQ7dJr9FHUp4ukCMoHmqyHntBpaoS81CAuW5BhjahxEGHCBQl0DS5_tg,Viego,234,False,14,9,11,14890,35640,3624,490,39756,26173,13753,3312,43239,3071,3111,6632,3153,6333,1036,2052,Katinka4,5u1OuQR4vRKF7Wfn6FxxPnF4Pic4-FPSAvzJquGYzMPSFuMSEZoLeekzJDwtzrrqkKqmCIxy_uJFOQ,Taric,44,False,4,10,26,11424,2421,6226,873,9521,20128,8632,1185,29946,3121,2051,3190,4401,1028,3111,2052,Shuckle,wNZrz_iRLQUVnyoil-jSSQ3ZZd7o-bTCyYIDgBqheYtREHcZd0astsVtTKvM5-ORRt5kh9rBdiFR4w,Yuumi,350,False,1,7,35,11208,310,5499,795,6605,9625,3219,888,13734,6617,3070,3222,3011,3504,0,2052,Fyslexic Duck,ZYL-HG2YUPvd8gsZsDYAVwbIU_ssg_OFX-4PUUAozJu3w2MePn6r6q3iSnKMteewL-csFeZFeDaG0g,Samira,360,True,4,9,26,12414,12189,1310,570,14070,12047,8524,344,20916,6673,6676,3111,3133,3077,1036,2052,DonutFu,QeII4-ziWjsU9sl55jbKSASyJHT18rG7d7xkOoY68pPGAGPUsQQtc58BwFzPoAJBvRIlvGzRiaoEWA,Anivia,34,True,8,6,32,13754,1268,31101,1924,34295,10537,10126,1196,21860,3040,6653,3020,4637,3916,3145,2052,itzKyleL,RjuzAk76k1QeLb6D2mTVhuAsJXv_XB0NIXzzS0PDke6RdurnBD98rd6Jz2I5MYoAuNLrqlzyxvWl1w,Sion,14,True,5,12,35,13213,16691,8717,1648,27057,37901,13639,5966,57508,3084,3068,3111,3075,1057,3066,0,Bearknucklefker,RjWpzXglvrDWtqAohBPWGiuM7Q51wVcDnL7rukgH-fJJtXCK31TId2oSP2KIN-77cpVj3vZZAJUZ9w,Pantheon,80,True,13,7,22,13354,22541,969,2583,26093,8232,6805,3017,18056,6692,3047,6333,3053,1036,1036,2052,JFKdidnthaveGA,R2JoKOw3zb0MjjHrJLaRgbxHEjD1ToZYEqsFt165QaERB_aIKQJi46PEiPLx_2DJ8x1PBSrpTzWR4w,Jayce,126,True,20,8,23,15978,37093,3048,608,40750,9001,9657,1164,19823,3155,3042,6692,3158,6694,6695,0
False,Malzahar,90,5,9,13,NA1_4651904521,1170,ARAM,1683695298815,JustRsun,WjiAwA8my0uC3B4zCCH0UZgnL916WbighFeaNfSbdHg1SbwZi6eyzdBsXN4_fXc4WAiksdXkZXhMIQ,Yuumi,350,True,1,1,35,11544,52,10784,0,10837,1002,1656,0,2658,6617,3070,6616,0,0,0,2052,Wguy1010,ihyDGRKnpaBtktTYQk7ieYNj-1MKq3alVIeSGCYZCCv0voLTdDKrrVV9vngvp559h_SZ6b6-q3lQtg,Ezreal,81,True,15,3,16,16529,27328,12715,0,40043,14842,12563,858,28263,6632,3042,3158,6694,3156,0,2052,10000 ms,HzSUCXWPMA_G82-jqph4SVRBUNjghn0gHheBlmxKC3f46gVB7ZXgSEVVnAmg3507e69VbIE6mujAjA,Rell,526,True,8,6,22,12780,1314,11113,1581,14009,17963,12716,1142,31822,3001,4401,3047,3083,1011,3076,2052,Ai Hate Myself,Msb3p3YqGHe87kEEniEagyYAxyrirJoYRINqF236cX7hNdyZpAQHuRCNqBpzEcH1wo7k0aCFthtLvg,Nami,267,True,6,6,23,11897,725,16097,427,17250,7991,10745,199,18936,6655,3020,3040,1058,0,0,2052,Milk Tii,sIEggoX0JM5NloSh8dH-xE0UsRt7U6eLcyuBZwGSg9tOGEklusjHO2T6CJ75QZf6ckBxOyo3mhKFcw,Belveth,200,True,7,8,16,13738,4862,1939,1635,8436,10182,14497,1056,25735,3047,6673,1031,3051,1037,1033,2052,Balkai,UaaAHDMrzSadZEnUtc2TEjGP5jaJQ8MVcULtz1SL1H8OAy6lAHz7EQ2OJwbvBST0YkR0fPD9AeT4ZA,Malzahar,90,False,5,9,13,12273,435,21076,850,22361,9059,10162,566,19788,6653,3116,4645,1058,0,3020,2052,actuallyapotato,59rYkD8T2UT6a4REJW3NuCgQ7dJr9FHUp4ukCMoHmqyHntBpaoS81CAuW5BhjahxEGHCBQl0DS5_tg,Senna,235,False,5,9,17,12572,18672,1317,1061,21050,8621,11448,1139,21209,6672,3094,3124,3009,3036,0,2052,Katinka4,5u1OuQR4vRKF7Wfn6FxxPnF4Pic4-FPSAvzJquGYzMPSFuMSEZoLeekzJDwtzrrqkKqmCIxy_uJFOQ,Syndra,134,False,4,8,14,12093,427,24710,1174,26312,6822,9771,688,17282,3070,3112,6655,3020,3089,3067,2052,Shuckle,wNZrz_iRLQUVnyoil-jSSQ3ZZd7o-bTCyYIDgBqheYtREHcZd0astsVtTKvM5-ORRt5kh9rBdiFR4w,Janna,40,False,1,3,22,10348,472,2869,0,3342,5672,9829,74,15576,2065,3158,3114,3011,3083,1033,0,leezork,8HI3w2tzzfervsAnAO2OGlz7bepdVQRgt26wuoUIyAp6JMAcIZUZuis9r47lvT7WVrfHqe80mhS-LQ,Jayce,126,False,9,8,6,12701,20864,2205,170,23239,6692,11439,1175,19306,3177,6692,3042,6695,3158,3123,2052
False,Orianna,61,8,8,19,NA1_4651893035,1185,ARAM,1683693923871,Piercson,yWCuHD_07qo41FRkn3GZ97FIt0_jWY6frtJHNc8FRgdr0q9R994sghXc2yRDa1Gw8LNYAyDf1jnQlg,Aatrox,266,True,11,13,20,14166,26586,783,320,27690,31042,14281,926,46251,3047,6630,3071,6694,3077,1053,2052,Niosky,MLWZafUe_CPByZk7Lib_t02SAPDxmq_3yhdmIYWH51P5odRemzuYVDQrIiVZYXn26NdzufL5gPLDTw,Veigar,45,True,1,6,27,12420,748,20582,806,22137,15853,4814,1679,22347,3089,6657,3165,4630,3020,0,2052,10000 ms,HzSUCXWPMA_G82-jqph4SVRBUNjghn0gHheBlmxKC3f46gVB7ZXgSEVVnAmg3507e69VbIE6mujAjA,Nami,267,True,3,3,42,12851,1686,13113,805,15605,7804,3690,113,11608,4005,3107,3222,6616,3158,3070,2052,Ai Hate Myself,Msb3p3YqGHe87kEEniEagyYAxyrirJoYRINqF236cX7hNdyZpAQHuRCNqBpzEcH1wo7k0aCFthtLvg,Nidalee,76,True,20,3,14,15549,698,37876,745,39319,17149,5356,304,22810,6653,4637,3020,3089,1058,1052,2052,Milk Tii,sIEggoX0JM5NloSh8dH-xE0UsRt7U6eLcyuBZwGSg9tOGEklusjHO2T6CJ75QZf6ckBxOyo3mhKFcw,Varus,110,True,11,7,17,14304,10825,31381,5451,47659,14665,6034,879,21579,3020,3115,4633,3135,0,0,2052,KillSwitch10,wK6w-a8B91rXw21iar2oaSRVrvQrU7OqvJU7yBvdL_TdsNDVIf5JQ6cORHD1ItmR3ureo5y6jmE_pQ,MissFortune,21,False,6,6,17,13847,23801,2109,124,26035,5210,10659,510,16380,3042,6692,3158,6676,6696,0,2052,Balkai,UaaAHDMrzSadZEnUtc2TEjGP5jaJQ8MVcULtz1SL1H8OAy6lAHz7EQ2OJwbvBST0YkR0fPD9AeT4ZA,Orianna,61,False,8,8,19,12337,1281,15733,551,17565,5695,12859,560,19115,3112,3040,6655,3020,0,3165,2052,actuallyapotato,59rYkD8T2UT6a4REJW3NuCgQ7dJr9FHUp4ukCMoHmqyHntBpaoS81CAuW5BhjahxEGHCBQl0DS5_tg,Sion,14,False,6,9,14,12997,12389,7944,1992,22326,13497,39056,4379,56934,3083,3111,3068,6665,3105,1033,2052,Katinka4,5u1OuQR4vRKF7Wfn6FxxPnF4Pic4-FPSAvzJquGYzMPSFuMSEZoLeekzJDwtzrrqkKqmCIxy_uJFOQ,Sejuani,113,False,3,14,16,10892,14770,7952,1048,23771,15778,30301,2857,48938,3111,4401,3084,3067,2051,3801,2052,Shuckle,wNZrz_iRLQUVnyoil-jSSQ3ZZd7o-bTCyYIDgBqheYtREHcZd0astsVtTKvM5-ORRt5kh9rBdiFR4w,Khazix,121,False,8,9,14,12330,21512,437,60,22009,10062,10860,693,21616,2031,6692,3111,3042,6694,3133,2052
False,Mordekaiser,82,7,11,18,NA1_4651859291,1402,ARAM,1683692047256,If I die I sue,IYrdEIDR8PTR9RzW1qd35heFgY4-_uJwrtGi7g7LhsXjQkPLDhqTVtPUiknIS2R21TtCMhTwcEvi_w,Graves,104,True,14,9,24,17736,33850,1180,2102,37133,15157,11776,6169,33104,3031,3006,1038,6673,3033,3046,0,FLY UnderDog,2jd23VDoC6Obcpn2nA_pCnNQmec4OdE8h1jlhbNopY_-2gZrd8PBfTOMPzyDm-S2XnH1G0waPnsyew,Twitch,29,True,19,10,17,17186,45548,0,9596,55145,15500,8618,3373,27492,3036,3085,6672,3006,3031,1053,2052,smiley2,u5lKgUxyLijEncBDwQwGFzpJVT3JwFPC_O-g9jpx_JNqY1alNnQ1vhRbvjG4dXtRMmwXBq7YytlOOQ,Malzahar,90,True,5,8,33,15328,1920,49060,1185,52165,10111,6581,4469,21161,3040,3116,6653,3158,4629,0,2052,FIGHT 0R D1E,O-L6n2ehwEwnHUOsfsB2BUwwkb7D25UZLUFY0zBUTOy5B8TBZG3BhfTS89dp2yMwYUQlrelg8AcOKg,Thresh,412,True,3,10,38,13927,5082,12485,2435,20003,15688,12013,4289,31990,6665,3121,3047,3153,3091,1042,2052,Ržx,dYc2oMKF9CPi7tPufAm-lWQwXPf11IXLmDyMW65komxo9cAtHdcufnCo8Pot4PV5tGkaI2tYwCkdww,Gragas,79,True,7,9,27,13999,1638,37998,1291,40928,11673,12365,2806,26845,6653,3158,4629,3135,3157,0,0,Balkai,UaaAHDMrzSadZEnUtc2TEjGP5jaJQ8MVcULtz1SL1H8OAy6lAHz7EQ2OJwbvBST0YkR0fPD9AeT4ZA,Mordekaiser,82,False,7,11,18,14382,2418,18773,680,21872,20119,20961,2493,43575,3075,4637,3047,3116,6665,3211,2052,actuallyapotato,59rYkD8T2UT6a4REJW3NuCgQ7dJr9FHUp4ukCMoHmqyHntBpaoS81CAuW5BhjahxEGHCBQl0DS5_tg,Caitlyn,51,False,8,7,16,17044,28141,1858,0,30000,12849,9835,1312,23997,3094,3031,3006,3036,3072,6671,2052,Katinka4,5u1OuQR4vRKF7Wfn6FxxPnF4Pic4-FPSAvzJquGYzMPSFuMSEZoLeekzJDwtzrrqkKqmCIxy_uJFOQ,Sona,37,False,7,8,29,14296,2136,12321,725,15183,13981,13314,1675,28971,3040,3107,2065,3158,3165,1052,2052,Shuckle,wNZrz_iRLQUVnyoil-jSSQ3ZZd7o-bTCyYIDgBqheYtREHcZd0astsVtTKvM5-ORRt5kh9rBdiFR4w,Chogath,31,False,11,7,18,15936,2559,14482,7989,25030,30885,30096,2857,63840,3068,3082,3083,3111,6665,4401,2052,TheBeastlyCow,JGB_7_kXebJeaVkkBna-IcvM2ZagRywZIvthKVGEDc0hFLuQAPlbLp_91_0DsJKpNfxGCYXvSZHAJg,Camille,164,False,11,15,15,15298,21749,3918,11714,37382,23625,26516,8648,58791,6632,3111,3053,6333,3075,0,2052
True,Tristana,18,14,12,27,NA1_4651839142,1149,ARAM,1683690698986,casualfeeding,Mnm1h8kwA6aqT5qn8rkwXQrCtB3bMezqYj7cNuWH49eXrAv2kip4Ibv6XNjHu-vGoBNbcgeagC5WiA,Gwen,887,True,23,14,22,17081,5211,37477,15682,58370,30049,11789,2642,44481,4633,3111,3115,4629,4637,1058,2052,Balkai,UaaAHDMrzSadZEnUtc2TEjGP5jaJQ8MVcULtz1SL1H8OAy6lAHz7EQ2OJwbvBST0YkR0fPD9AeT4ZA,Tristana,18,True,14,12,27,15123,27667,1661,5082,34411,9817,13373,1075,24266,6672,3085,3031,3036,1053,3006,2052,actuallyapotato,59rYkD8T2UT6a4REJW3NuCgQ7dJr9FHUp4ukCMoHmqyHntBpaoS81CAuW5BhjahxEGHCBQl0DS5_tg,Gnar,150,True,11,6,35,14585,24770,3729,1572,30072,22458,9629,1297,33386,3071,3111,6632,3053,3082,0,2052,Katinka4,5u1OuQR4vRKF7Wfn6FxxPnF4Pic4-FPSAvzJquGYzMPSFuMSEZoLeekzJDwtzrrqkKqmCIxy_uJFOQ,Sona,37,True,3,8,42,11453,1462,8543,465,10471,9956,6071,935,16963,3158,3040,2065,3114,3011,3067,2052,Shuckle,wNZrz_iRLQUVnyoil-jSSQ3ZZd7o-bTCyYIDgBqheYtREHcZd0astsVtTKvM5-ORRt5kh9rBdiFR4w,Blitzcrank,53,True,4,8,37,12653,3909,9884,832,14626,20446,12150,2370,34967,3047,3190,3110,3083,2051,1057,0,Kling,8NvfFzMPz7meBIyEkX-nlxHSNSKEKlSzHRLUVmFfN472IAVtQPNaBk_tn93UOObv1VP-dZ9qZqacxA,Yasuo,157,False,10,13,24,14734,23601,1694,784,26080,16812,8711,3101,28625,3006,6673,3031,3033,6333,0,2052,HoboKing3,-l6U9UbtV7pG4iNYQYF9YezJ7pD8YSntzIGG8vWYu_BM29GsP3dXtgwnqPg8z_xlYNiQOCwt1cpsAg,Darius,122,False,7,13,19,12236,18136,776,3954,22867,18744,12699,8635,40079,6630,6333,3047,2051,3076,1057,2052,Choi Yeonjun,JZKUYiXEzrJfHg-fge4KJujoSbSc_iSqg6nHvisLMveFofktgrli9om6a5pqvnHSstboP4XXz-IkIw,Leblanc,7,False,16,10,21,13479,1595,34638,600,36834,11795,9624,2361,23781,6655,3157,4645,3020,3113,3057,2052,Nipplishh,BIU9oArP8teaTyDhe9cC7EGtxWmMg4roe5xAjYwjIhzg7Y4g6GCSxXQRhOGn_ygM_Y1FJc39N2WdVA,Urgot,6,False,9,13,26,14154,33726,183,2224,36133,24094,20561,5713,50370,1036,3075,4401,3047,3084,3748,2052,MatthewMarasigan,70LktviYZ2UQG7CR3aU2PaW22KNA0Aez2Uq21AQ2bZHXXtNs7q6HZQAejsrJdxjKZbUlumQTGNU7eA,Thresh,412,False,6,7,32,12462,1412,15720,760,17893,14735,9698,4140,28573,4401,3121,6665,3111,3024,3082,2052
True,Anivia,34,14,7,21,NA1_4651819736,1052,ARAM,1683689318389,Bootyfulmurder,e33qi4wwjo2UepWhmG38AiDcnOZYeZ6jlw5QbAquki3JQBlPFg2bh1igf7eFiEVZYZArYe1Evoz1aw,Zed,238,False,15,11,18,13120,30499,1721,595,32815,9349,12521,1066,22938,3071,1036,3074,6692,3158,3177,2052,A bag of Star,lChgxrtFGyde3OybgkZ3xUpiZH7baSD5tMrViiQxe_qpcCUvwk0wh91nn90QPd_gSqaNeWXtXTpJZQ,Pyke,555,False,15,10,20,15310,22067,0,6842,28910,11079,15013,600,26693,6691,3142,6696,3814,3134,3158,2052,A bag of Shiro,NlaaAKhowyLx40GkQfFPbfB4D7wiktfw-qsqpHTS03yIAknz5P1q4hVpXTe7aj-EG9MUJoh87ZCuQw,Nocturne,56,False,11,13,31,14177,33806,2050,1533,37390,19278,17451,727,37457,3177,6631,3111,3071,3153,1038,2052,A bag of Kuro,UWrWj3IZmWX2H6bLKk3Kd14VZXjgqIJ43ZspZA5sJbJPF_UPRa_X6p0TMB_6tZ8amMjlgLDx23_wBw,Ahri,103,False,3,10,35,10938,1523,17034,10342,28899,9812,10311,867,20991,6655,3020,4645,3135,1052,3400,2052,wo hao cool,ZyvNkEPpOCJj15CDD6RFP4qRO40TNp1T0jEumKip2k2bcaftcsfZ_e51hygN-gAzyXdoXdQJemSZYw,Karma,43,False,8,8,34,12058,1368,30044,1188,32601,11088,9708,531,21328,6653,4629,3020,3135,1058,0,2052,Balkai,UaaAHDMrzSadZEnUtc2TEjGP5jaJQ8MVcULtz1SL1H8OAy6lAHz7EQ2OJwbvBST0YkR0fPD9AeT4ZA,Anivia,34,True,14,7,21,14138,1584,22166,1278,25029,19067,8036,2959,30063,3089,3157,3040,6657,0,3020,2052,actuallyapotato,59rYkD8T2UT6a4REJW3NuCgQ7dJr9FHUp4ukCMoHmqyHntBpaoS81CAuW5BhjahxEGHCBQl0DS5_tg,Urgot,6,True,26,10,21,18377,41616,1413,965,43995,18917,11314,4772,35004,3748,6665,3047,3053,3071,3105,2052,Katinka4,5u1OuQR4vRKF7Wfn6FxxPnF4Pic4-FPSAvzJquGYzMPSFuMSEZoLeekzJDwtzrrqkKqmCIxy_uJFOQ,Singed,27,True,1,12,36,10697,1348,9778,0,11127,18558,10693,4262,33514,3009,2051,3742,6665,1011,0,0,Shuckle,wNZrz_iRLQUVnyoil-jSSQ3ZZd7o-bTCyYIDgBqheYtREHcZd0astsVtTKvM5-ORRt5kh9rBdiFR4w,Blitzcrank,53,True,4,10,32,11386,4310,8339,688,13338,22378,10651,5196,38227,3190,3111,3110,1057,3083,1028,2052,TheMightyHenry,YOtJoSavfiUwp9ed8h8VKJIz9I8jG6IcQojckWycze7Ea6MqaDYD2X8t6atSz-MhxJtcPVVcMkwTmA,Gragas,79,True,7,13,26,11578,2049,23310,860,26220,21675,10154,3310,35140,3020,4636,4645,3040,0,0,0
True,Kindred,203,10,12,25,NA1_4651790892,1204,ARAM,1683687804980,aXaXSiGouaX,p2DTZyaQDpL67s-ChIeQOH4JjGbRYKbNS-u3U7EgjoKiFQcyUhHYFOPxk1bwl1YrbSWHaGZOwLThDQ,Yasuo,157,False,15,14,20,15721,24515,3914,100,28529,13060,17570,200,30830,6673,2421,3091,3031,3036,3006,0,Blunt Hits,BIOaq_FupXtBt0a3UnpbzZ8lfDXpDodzfovZs5e9sSwyd8ASEo3Hwj_E5bt9tSPUCI9LLNPZr2kVsQ,Jinx,222,False,9,13,19,13816,30814,710,3955,35480,7533,17056,210,24800,6672,3072,3070,3006,3031,3035,2052,Datboi Chuckles,QFOQki6wb0145uFAFqCU3QX_8FHbTBkPFOYUo-Cb51KWppwG3vz25oWKdS-BSiZ0M_KbcNOrTkJRPg,Lissandra,127,False,12,11,27,14225,1198,43857,3127,48182,11268,14323,225,25817,6655,3020,4645,3135,3089,0,0,DiarrheaCoin2022,tFDi2TF8tEHL5v5OWPSClHGhLGAgsvOlBsm6Y56nPkeBrKTLPvJuaoXs5ulY73a2rz1NMJEZ88IihA,Ahri,103,False,9,8,29,13579,1776,20316,9362,31456,6891,17871,225,24988,4645,3089,6656,3020,4630,3916,2052,Sweaty ARAM Main,d8Oa0-Zh6iKxrMS2NbwtX5EiNh6MoqiBaUAr8Ec3TB-8g0lqZZNHez1NF6kpDpTrhr1a2hZYmt9KzQ,Gragas,79,False,8,7,31,13355,2411,27494,1675,31582,22369,29778,583,52731,3065,6657,3157,3121,3111,0,2052,Balkai,UaaAHDMrzSadZEnUtc2TEjGP5jaJQ8MVcULtz1SL1H8OAy6lAHz7EQ2OJwbvBST0YkR0fPD9AeT4ZA,Kindred,203,True,10,12,25,14571,21242,5666,0,26908,9167,17141,1884,28193,3072,6671,3031,3086,2015,3111,2052,actuallyapotato,59rYkD8T2UT6a4REJW3NuCgQ7dJr9FHUp4ukCMoHmqyHntBpaoS81CAuW5BhjahxEGHCBQl0DS5_tg,AurelionSol,136,True,15,9,28,16299,486,31741,313,32541,11614,16052,3272,30939,6657,3040,3111,3116,3135,1058,2052,Katinka4,5u1OuQR4vRKF7Wfn6FxxPnF4Pic4-FPSAvzJquGYzMPSFuMSEZoLeekzJDwtzrrqkKqmCIxy_uJFOQ,Varus,110,True,7,10,26,13876,23409,3645,0,27054,10581,18133,2872,31587,3111,1053,6673,3085,3124,1043,2052,Shuckle,wNZrz_iRLQUVnyoil-jSSQ3ZZd7o-bTCyYIDgBqheYtREHcZd0astsVtTKvM5-ORRt5kh9rBdiFR4w,Zac,154,True,9,8,30,14070,2637,21838,2037,26513,28616,23898,8680,61196,2051,3193,3111,3083,6667,1029,2052,Lt Flame,ptKxZv1b1xd02hxBcBWDz9i91T8sfl-SL9wA7G0D9J5bD64tZJcpql3tSnmyx8qQLkIUKNOQxbOX7A,Sylas,517,True,12,14,20,13742,1561,33707,270,35539,19715,21068,3025,43809,4636,3157,4645,3020,3108,1052,2052
True,Aphelios,523,10,5,19,NA1_4640708514,762,ARAM,1682571985046,Old ManHandSpeed,3Ndv1SyzORDYZ-ODy09-zAYVFhVkAgfR55aSIsxyVhkMjOPmT5NORIgVL5vOby6gBrfc43l3gj5kxQ,Leblanc,7,False,13,8,10,11010,13446,5009,3030,21485,8456,6018,840,15316,6672,3095,3006,3036,0,0,2052,IIIIIIllllIIIll,ZMBYmwLU6wGDwL9QvutVQFgF_TG5tcW-eI9B3EQnhTmYy5I4JI-NIev14Xi0FHTH3F8sD7Z6aBjyCg,JarvanIV,59,False,10,12,17,11236,17715,1407,365,19487,16491,6250,966,23707,3134,6630,3111,3071,3133,1037,2052,SimonaGrant1,4c2OLu47Ht241ZC5TRKGfWUIuPF1LjN1DLcWf0GfdyGirfmsLZIRHV9xQdERmMTG3t_kTfBg4vaSfA,Braum,201,False,2,8,24,7836,3639,6474,732,10845,11961,9811,1922,23694,2051,3121,3084,0,3047,0,2052,HalfMuted,HJWRSRHadXKBAxvh0Otdk83u3He8AH-QlUmodLQExOuYQhbGwU4Fzxw4De0q3ZFSMvNC5FqRayIE4g,AurelionSol,136,False,5,6,18,8302,77,14750,592,15420,5707,4922,76,10706,3040,2031,6653,3020,1052,0,2052,YUTTAKA,J_oV4uWbUOOvvlEhubwxY-6AJOZ1NUtlIk579fw9Y8MKWL-4GRqGEIvOZ-beTBvqg5eAIjTIUOgM0A,Lux,99,False,3,7,22,8955,769,13083,611,14465,5342,4795,387,10525,6655,4645,3020,0,0,0,2052,Balkai,UaaAHDMrzSadZEnUtc2TEjGP5jaJQ8MVcULtz1SL1H8OAy6lAHz7EQ2OJwbvBST0YkR0fPD9AeT4ZA,Aphelios,523,True,10,5,19,10231,13893,298,0,14192,5039,5281,510,10831,6673,3072,1037,0,0,3111,2052,actuallyapotato,59rYkD8T2UT6a4REJW3NuCgQ7dJr9FHUp4ukCMoHmqyHntBpaoS81CAuW5BhjahxEGHCBQl0DS5_tg,Khazix,121,True,13,7,20,11410,25991,624,0,26615,7480,7626,770,15876,3177,3042,6692,3133,3158,1036,2052,Katinka4,5u1OuQR4vRKF7Wfn6FxxPnF4Pic4-FPSAvzJquGYzMPSFuMSEZoLeekzJDwtzrrqkKqmCIxy_uJFOQ,Evelynn,28,True,5,8,18,9125,434,13462,590,14487,7014,7927,1113,16055,3020,4645,3152,1052,0,0,2052,Shuckle,wNZrz_iRLQUVnyoil-jSSQ3ZZd7o-bTCyYIDgBqheYtREHcZd0astsVtTKvM5-ORRt5kh9rBdiFR4w,TahmKench,223,True,5,5,21,9451,2021,8947,305,11274,15782,11951,1736,29470,2051,3111,2031,3068,6665,0,0,ClarkAllen,SRhmR1THzkw7CkwVOIzNBNX3JmRXnS0tzbs1lgR44qCkQDzwpcOwtkNQFmoX99KXiYnMxlnVAaJc9A,Gwen,887,True,8,8,17,10193,2401,8466,3298,14166,11298,7936,1199,20435,4633,2421,3115,3111,3191,1052,2052
True,Sivir,15,11,8,43,NA1_4640699024,940,ARAM,1682570795492,Balkai,UaaAHDMrzSadZEnUtc2TEjGP5jaJQ8MVcULtz1SL1H8OAy6lAHz7EQ2OJwbvBST0YkR0fPD9AeT4ZA,Sivir,15,True,11,8,43,13247,28470,0,3821,32292,9441,7593,840,17875,6672,3031,3036,1053,1018,3006,2052,actuallyapotato,59rYkD8T2UT6a4REJW3NuCgQ7dJr9FHUp4ukCMoHmqyHntBpaoS81CAuW5BhjahxEGHCBQl0DS5_tg,Vladimir,8,True,16,7,31,12716,1180,39971,0,41152,17859,9654,186,27700,3112,4629,4636,3135,3158,2420,2052,Katinka4,5u1OuQR4vRKF7Wfn6FxxPnF4Pic4-FPSAvzJquGYzMPSFuMSEZoLeekzJDwtzrrqkKqmCIxy_uJFOQ,Nocturne,56,True,12,11,28,12965,25285,1819,988,28093,19557,14598,620,34775,3047,3156,6630,3074,3184,0,2052,Shuckle,wNZrz_iRLQUVnyoil-jSSQ3ZZd7o-bTCyYIDgBqheYtREHcZd0astsVtTKvM5-ORRt5kh9rBdiFR4w,Varus,110,True,21,7,30,14306,33295,4287,0,37583,6699,6432,494,13626,6694,6692,3042,3158,3814,0,2052,BOMBACLATT,mCbCvfhE9LfJ4Gv-HiDMON6xUBHCm_DKUGj0_U9LdWysSy9dHJNfp8PYlOFiIX00c4dV2yxTDfjSsA,Thresh,412,True,2,9,46,10615,2536,13461,1121,17119,16459,9180,369,26009,3001,3075,3121,0,2051,3111,0,Try Dodge That ,Opb1O69HMFQSBj7ynRegbV7cw_rguSDYLCrVmSkxJpYWnttWhDVGZ1n4eJKEGPhOpP-y92nKL3pZog,Yasuo,157,False,14,14,16,13025,20754,3331,810,24895,20244,11712,1357,33314,6665,3046,3031,3006,1036,0,2052,Legoolas,A79t22Mu9RGDAFY_EZ_AVhwDgxVz0oXqWFDrr_tzr327NGB9MQ249fHQ5_3T_dDpQ-DUlIuM6Ssghg,Sion,14,False,5,14,21,11353,15913,9873,745,26533,44154,19613,2532,66300,3084,3068,1028,3047,3075,1028,2052,HUYA8815508,B1TIP7p0IyjqCfe17pfjkkMA9lqhO1lBaoq3LBqw1990wQ2f7Zn2pwUP6Hitv07ZZIqENhXazD_BAw,Samira,360,False,10,13,15,12768,19380,4654,185,24220,15008,11622,795,27426,6673,6676,3072,1001,3035,0,2052,HuShuBa0,3B_v8hFRjtHCdtCYWnJRCC2aQI_TUEBHI2SHRwSd_BAwHlatb465zDH19jHAuD96kTv11ZXqP2o6lQ,Nami,267,False,1,9,30,8985,939,9879,0,10818,8918,9247,268,18434,4005,3070,3158,3504,3011,0,2052,Rooki3ADC,lPFMdqPR7oBiMG2rWSqwhxDUDynqLGHWPWw03wwdERQnO3cixqyU_wtsP15b8LyZ1cCHjNRI3i2tCg,Fizz,105,False,11,12,17,11438,2406,19720,905,23032,13542,7344,1112,22000,3112,3157,3020,6655,3916,3145,2052
True,Veigar,45,10,11,29,NA1_4640680948,1159,ARAM,1682569472364,Touch Grass Q,jE1oUiZV79ug6PmUbazAIldPnwQkY0B9sj3YJRi-jIPuiECRzm-FZKOvoXE0OqLesTreOj3kad1f2w,Karthus,30,False,10,14,29,16283,127,47040,2966,50134,14752,11745,1475,27974,4645,6653,3020,3089,3135,3145,2052,hide on katebush,nDEzb3JmhaHhapyURooeSacscQ2QP1O28V4ybiBEEvF_5ESw8RIagUe6Sgl672xMIidH6WGE9QmYSw,Rumble,68,False,11,11,23,14578,1539,39983,1604,43126,17012,6129,2449,25591,3112,6653,3020,4637,3135,3089,2052,Mikotto,YXCyLqApJZbJyzFXXFMwJ2Mx7K-bHfmntF_lLw-F1wAxXhG24dBBlPxO84JUoyQI_9gfiZBtGVAs8g,Gwen,887,False,5,12,11,11569,3586,10216,5188,18991,20606,13124,1131,34863,2051,3111,3115,4633,4630,1026,2052,PurpleEmbers,rcpyN2Kf_3XEDUvmhjVul4yP1ZyYL8vA4tkKMg2enUR7V2nJlda0hM1rcnTFBe55gRHgXS_ViGp4PA,MissFortune,21,False,10,13,20,12879,24918,975,4657,30552,16146,11187,650,27984,6672,3006,3072,3036,1038,0,2052,Xwo,7wDiIgUeCLjKl782ZUVXgU2mOPlB89gzJEQLaT0880bfBBrbBMiZmxUxMFi7yDZyCH3hdXMMx52xyw,Orianna,61,False,12,8,23,14949,858,25514,0,26373,11245,5743,1881,18869,6653,3020,4645,3089,3135,0,2052,Balkai,UaaAHDMrzSadZEnUtc2TEjGP5jaJQ8MVcULtz1SL1H8OAy6lAHz7EQ2OJwbvBST0YkR0fPD9AeT4ZA,Veigar,45,True,10,11,29,13817,638,17260,402,18301,5687,22644,2308,30640,6657,3040,3089,3083,0,3020,2052,actuallyapotato,59rYkD8T2UT6a4REJW3NuCgQ7dJr9FHUp4ukCMoHmqyHntBpaoS81CAuW5BhjahxEGHCBQl0DS5_tg,Sett,875,True,20,9,27,16828,31961,1727,5971,39660,14865,33337,3828,52030,3083,3077,3009,4401,3053,6631,2052,Katinka4,5u1OuQR4vRKF7Wfn6FxxPnF4Pic4-FPSAvzJquGYzMPSFuMSEZoLeekzJDwtzrrqkKqmCIxy_uJFOQ,Sejuani,113,True,7,13,29,12220,16419,8730,610,25759,16666,27200,5311,49178,3111,3083,3024,6665,2051,3082,2052,Shuckle,wNZrz_iRLQUVnyoil-jSSQ3ZZd7o-bTCyYIDgBqheYtREHcZd0astsVtTKvM5-ORRt5kh9rBdiFR4w,Ivern,427,True,3,8,49,12723,3614,4067,350,8032,4272,24241,1428,29942,2065,3107,3158,1057,3011,1011,2052,BoriGulbi,8Z4Mc5SbVCrcvzY-P9ubYGfV9vN0tgzo-pma5eH3OoG0_yoHYX6km0y9o_MvZV_90_3jZdruxVqX1A,Ezreal,81,True,18,7,25,15729,22568,16145,0,38713,3957,16306,1284,21548,3042,3508,3158,6632,3156,3077,2052
False,Renekton,58,12,12,14,NA1_4640648641,1071,ARAM,1682568088280,Aceª,YbDBHKTvaLUQkhzeeH8Bo0n3Y8TV9g2dTjJKYCzaaHHh6EDlKdGcx6GLtg3mS17STuFaAMQdWmSuDA,Sylas,517,True,14,13,22,12637,835,29243,2211,32290,18344,14863,3345,36552,4636,3157,3020,4645,1058,0,2052,YkDom,v5bkhCyPpv2QVIQfEftfzxmOISsc0v6WhSgpENX4CKwqS8vVhJH32CrKvBq2i1RucYoUDsmGcoD2YQ,Zoe,142,True,13,10,23,13296,2010,38132,6555,46699,11396,6886,790,19072,6653,3020,3135,4645,1058,0,2052,XHappYFaceS,G2hDmDYycqjPN-qRmx9xqas25GvBcwr221SgWCzbo_DFe3SnO4dZhGK9ubV3NuqrO9Z00kbYS93Cvg,Ezreal,81,True,5,5,29,12037,22183,9790,658,32632,12335,6724,1150,20210,6632,3153,3042,3158,2031,3133,2052,LomTree,uRUyFeHYlic7h2MoP3IjSJKdzgPHn3twDTtNYI0YmxXlh0DrOhvlObTfhgLYVzvUhFixAbMhLZ4pkg,Anivia,34,True,2,9,28,11697,1356,23302,2076,26735,11922,8470,1030,21422,3040,3112,6653,3020,4637,0,2052,TherronH,EEOM10ats15Fyzd7-jERcqb_q8o7L0roTVEVURrQJyjzvSCVoR_osIYZuSorUcTXzLRkuGKe9MVmhw,Kaisa,145,True,17,5,20,15634,33302,14649,625,48576,8201,6503,175,14879,3153,4633,3115,3124,3042,1042,0,Balkai,UaaAHDMrzSadZEnUtc2TEjGP5jaJQ8MVcULtz1SL1H8OAy6lAHz7EQ2OJwbvBST0YkR0fPD9AeT4ZA,Renekton,58,False,12,12,14,12727,20857,3403,1165,25425,12882,23200,6142,42225,6693,6333,3065,2051,3111,3076,2052,actuallyapotato,59rYkD8T2UT6a4REJW3NuCgQ7dJr9FHUp4ukCMoHmqyHntBpaoS81CAuW5BhjahxEGHCBQl0DS5_tg,Mordekaiser,82,False,8,9,18,11757,3018,20975,0,23993,11283,22231,2087,35602,3083,3111,3116,6665,1011,1052,2052,Katinka4,5u1OuQR4vRKF7Wfn6FxxPnF4Pic4-FPSAvzJquGYzMPSFuMSEZoLeekzJDwtzrrqkKqmCIxy_uJFOQ,Rell,526,False,4,12,24,10460,1009,9248,1200,11457,17453,21475,1069,39998,3111,6667,3110,3083,0,0,2052,Shuckle,wNZrz_iRLQUVnyoil-jSSQ3ZZd7o-bTCyYIDgBqheYtREHcZd0astsVtTKvM5-ORRt5kh9rBdiFR4w,Volibear,106,False,8,9,16,11126,9126,8186,1125,18438,19160,28017,1926,49104,3111,3193,6665,3083,0,0,2052,Quaza,-qMRhgVkQlD9T5y66KqQLynNgkfv4GrnRevUv6yq-jCFUKGzQhE9czpBMW5vWSjQt8z69YF4SuclKw,Tristana,18,False,9,9,15,14853,19674,1633,0,21307,8074,20193,1241,29508,3139,3006,3031,6673,3094,3184,2052
True,Annie,1,7,4,13,NA1_4640642190,755,ARAM,1682567151526,Balkai,UaaAHDMrzSadZEnUtc2TEjGP5jaJQ8MVcULtz1SL1H8OAy6lAHz7EQ2OJwbvBST0YkR0fPD9AeT4ZA,Annie,1,True,7,4,13,8620,220,8884,584,9688,8469,3354,206,12030,6657,4645,1058,0,0,3020,2052,actuallyapotato,59rYkD8T2UT6a4REJW3NuCgQ7dJr9FHUp4ukCMoHmqyHntBpaoS81CAuW5BhjahxEGHCBQl0DS5_tg,Velkoz,161,True,8,2,14,9531,129,20418,1870,22418,2783,3543,124,6452,6655,3020,4645,1029,0,0,2052,Katinka4,5u1OuQR4vRKF7Wfn6FxxPnF4Pic4-FPSAvzJquGYzMPSFuMSEZoLeekzJDwtzrrqkKqmCIxy_uJFOQ,Alistar,12,True,4,6,18,8616,546,4824,655,6026,10583,6262,660,17506,3047,3193,2031,6660,6657,0,2052,Shuckle,wNZrz_iRLQUVnyoil-jSSQ3ZZd7o-bTCyYIDgBqheYtREHcZd0astsVtTKvM5-ORRt5kh9rBdiFR4w,Graves,104,True,6,5,12,9250,9455,328,0,9783,7939,5603,273,13815,6673,3111,2031,3072,1038,0,2052,Quaza,-qMRhgVkQlD9T5y66KqQLynNgkfv4GrnRevUv6yq-jCFUKGzQhE9czpBMW5vWSjQt8z69YF4SuclKw,Tristana,18,True,3,4,11,8981,9009,577,945,10533,5321,5285,794,11401,3184,3006,2031,6672,1038,0,2052,XHappYFaceS,G2hDmDYycqjPN-qRmx9xqas25GvBcwr221SgWCzbo_DFe3SnO4dZhGK9ubV3NuqrO9Z00kbYS93Cvg,Kayn,141,False,5,7,11,8082,9555,1318,358,11232,8364,6470,1093,15929,6692,6695,3070,1001,2051,0,0,call obama,nlDpmrnXRfWk7kixJBBtVyiqxE4vUTFU2mo6fSqHUsxxUP4FJNuv0RvhD0EdfkpFjXxl0D-Dizgmlg,Bard,432,False,4,7,11,8545,930,8876,508,10315,3631,7534,1039,12204,6655,2015,1042,3100,0,3020,2052, NY ikun,DDvoSbLWYUVm1BxpAZmn3pO-WBc2VNkZdDg2zdU6PGkhEcPzS3NDwogwguxL_AidY6s3yz-jluNxBQ,Viego,234,False,1,3,12,7972,6155,1673,385,8213,6510,5571,850,12932,3177,2031,3153,3111,3057,3133,0,SugarPreachPlum,P71UDAqOibSIxM2i_HXeGDOKrYJlv7UBV56kxxvFb_195_ZcqjotFC5uJexWZgzioOGWXAwfz9vLfA,Xayah,498,False,3,5,11,8731,9695,0,528,10224,3381,6275,667,10324,6672,3006,6675,0,0,0,0,VLam,tj3wuvC_Pb2MhIp-gYSLLcZV4pq7qfkyEHIjWf_mKzKu9XpjzG8rbOuGXl_j2QODBRgD-I2woQhiPQ,Corki,42,False,7,6,7,8696,1879,12181,278,14338,2239,9181,404,11825,3042,6655,3020,3133,0,0,0
True,Twitch,29,9,7,17,NA1_4639926342,1279,ARAM,1682486335554,Inoculum,EBwDw7Tn78P711CzxbqorDEUZtnHWHjndeexqkbWM4dN6wj3dnPx1PmlT-McQ5afeedlod3PRuCWfQ,Samira,360,True,12,7,12,17036,15584,2825,689,19099,7071,16033,1268,24373,3184,6673,3111,6676,3031,3072,2052,Balkai,UaaAHDMrzSadZEnUtc2TEjGP5jaJQ8MVcULtz1SL1H8OAy6lAHz7EQ2OJwbvBST0YkR0fPD9AeT4ZA,Twitch,29,True,9,7,17,14338,17322,2208,4155,23686,6537,11657,1158,19353,6672,3091,3153,3077,1028,3111,2052,actuallyapotato,59rYkD8T2UT6a4REJW3NuCgQ7dJr9FHUp4ukCMoHmqyHntBpaoS81CAuW5BhjahxEGHCBQl0DS5_tg,Vex,711,True,7,4,18,14078,721,17221,268,18210,2685,13365,688,16740,6655,3020,4645,3089,0,2421,2052,Katinka4,5u1OuQR4vRKF7Wfn6FxxPnF4Pic4-FPSAvzJquGYzMPSFuMSEZoLeekzJDwtzrrqkKqmCIxy_uJFOQ,Alistar,12,True,2,7,33,13419,842,7790,987,9620,19179,23601,4096,46877,3111,3083,4401,6665,1029,2051,2052,Shuckle,wNZrz_iRLQUVnyoil-jSSQ3ZZd7o-bTCyYIDgBqheYtREHcZd0astsVtTKvM5-ORRt5kh9rBdiFR4w,Malphite,54,True,12,10,14,14061,867,26388,195,27451,9089,16978,2015,28083,4636,4645,3020,3089,3083,0,0,KanWoShenWei,peZNIZk4mHZ6IejcL9FoYdyXh6PrHXuf747q2hOLeW8DKVU3JuHmbKUe1kjhUR9bnM4Tm6rJAB7ezQ,Heimerdinger,74,False,6,6,16,12794,125,24317,755,25198,7056,7367,969,15393,6653,4637,3116,3089,0,0,2052,ThighHighHentai,NwC4vZITgEpNj2N6-G59zNjmvW5P4oOBL1THR0V5JW2MRb6C8VVPu_X3Ikn_xy7GCd9RFtKpPnpMCg,Ezreal,81,False,9,7,13,14366,22557,7385,0,29942,6155,9042,1166,16364,3042,6694,3508,3158,6691,3155,2052,Subling,1gSQF__6Pe-VcD9usZO3Dqux463Ouo8mInJvVoECuctpr459cbUlHxM34WiZI6kgfuTka4y-emr6-Q,Ekko,245,False,10,11,8,13546,2632,24026,978,27637,12005,14247,1815,28068,4636,3020,3100,3102,1058,1058,2052,stole my flow,mCx4MrjlYkCA-437s4tYVgF7xazHOVHs5BepmlDWQnEmBa_6WG8V-AMUNaaismR6nlh7MfzShZmZQg,Annie,1,False,4,7,16,12098,429,14022,1027,15479,10128,12629,1629,24387,6657,3158,3040,4645,1026,1052,2052,Boba Ice Tea,n1Y3JDaVJvOoYHG3mC1MS7r_FpLCcXmeHyE9O5IKJo59dJCKya-vnI-SkW4AOekcAF3XXWfJlZJVXg,Ahri,103,False,5,11,10,13144,585,11884,6466,18935,5894,13149,715,19758,6655,3020,4645,3089,4630,1026,2052
True,Brand,63,10,9,29,NA1_4639914869,1206,ARAM,1682484924737,psych0s1s,Pkv5wSjbrFIC6fm9JOwirISN2Yi3Z3MFCiUIBvx4WeBELVMFROcb9zA069NBIPYuoHHh1IrqwyA0ug,Akshan,166,True,19,11,19,16932,24742,2354,3853,30950,15585,11722,1632,28940,3184,6672,3091,3006,6676,3153,2052,Balkai,UaaAHDMrzSadZEnUtc2TEjGP5jaJQ8MVcULtz1SL1H8OAy6lAHz7EQ2OJwbvBST0YkR0fPD9AeT4ZA,Brand,63,True,10,9,29,13708,303,25305,940,26548,8607,12079,1397,22084,6653,3165,4637,4630,0,3020,2052,actuallyapotato,59rYkD8T2UT6a4REJW3NuCgQ7dJr9FHUp4ukCMoHmqyHntBpaoS81CAuW5BhjahxEGHCBQl0DS5_tg,Khazix,121,True,18,5,25,17519,38631,943,41,39616,12909,11127,1584,25620,3042,3177,3074,3158,6692,6694,2052,Katinka4,5u1OuQR4vRKF7Wfn6FxxPnF4Pic4-FPSAvzJquGYzMPSFuMSEZoLeekzJDwtzrrqkKqmCIxy_uJFOQ,Chogath,31,True,6,9,22,12374,965,6918,4438,12321,21539,15960,3365,40864,3111,3083,3110,6665,1029,0,2052,Shuckle,wNZrz_iRLQUVnyoil-jSSQ3ZZd7o-bTCyYIDgBqheYtREHcZd0astsVtTKvM5-ORRt5kh9rBdiFR4w,Zyra,143,True,7,8,31,13764,447,21231,7,21686,9628,9054,1022,19705,6653,2420,4637,3135,3108,3158,2052,Ramen Bear,c_Q7t8R9XykzqFzrr6QleMsl0XhgNQJkXSjDP4YQBjORvcJZEaDj6b2__8WOi0TPYz7DghREyQUkTA,Viego,234,False,24,12,6,17953,34147,8166,3565,45879,20792,12238,2105,35136,6672,1011,3748,3153,3091,6333,2052,imlovintits,ZXucWEnVozXwuaevvOLJggWQSe6GJs1l0Fq1d0vOp99xpgr6gxAupLvvqIplnjB-ZC9Y4Bl6fDzL-w,Yone,777,False,7,14,13,13951,12063,5615,3981,21660,17330,6927,1617,25875,6673,3091,3031,3047,1031,1037,2052,SCP 076,K7M0DJXD5B1G2sDk21V0thgF2qfWSwMeD-zg7SC1eTVftQhAhh2tn-S81m9sD3AdaPLfTLMGLpCblA,Illaoi,420,False,3,11,11,11851,10405,1272,690,12368,14147,16968,4507,35623,3067,1036,4401,3075,3111,6665,2052,Josnowno,i-G63zLgxUQHjJZprZNK1jboa7bACUIPp7MP5tb8Eh0hXOCXAbjsQJKIMGfH10lhc00r3qg1rVx-9Q,Viktor,112,False,3,11,24,12998,127,27870,765,28763,10626,9908,1148,21683,6655,3020,4645,3089,4630,0,2052,Hãnnah,DGG00imt8kHe94LIlrisSLFICFMaMw0PBMCAWvYXLroZwTlbwQ4crx7YmV57GC-XIjZFj5ZJ24Mnmw,Orianna,61,False,5,12,30,13722,985,17019,0,18004,15126,10709,301,26137,6655,3020,4645,3135,4629,1052,2052
True,Jinx,222,8,5,21,NA1_4639894786,1011,ARAM,1682483747673,I usually,sHN0H6CjYcQON9Nv6Unqmln8Hgcc5faS3tHjX0aOt7HdzQBT3jJw5KA1WG1U9HaomcPverN3AhUq4w,Varus,110,True,19,3,20,14726,37890,5933,0,43824,6893,5001,1435,13331,3042,3177,6691,3158,6694,0,2052,Balkai,UaaAHDMrzSadZEnUtc2TEjGP5jaJQ8MVcULtz1SL1H8OAy6lAHz7EQ2OJwbvBST0YkR0fPD9AeT4ZA,Jinx,222,True,8,5,21,12546,14756,1417,1639,17813,7220,6334,2031,15586,6672,3094,3033,1018,0,3006,2052,actuallyapotato,59rYkD8T2UT6a4REJW3NuCgQ7dJr9FHUp4ukCMoHmqyHntBpaoS81CAuW5BhjahxEGHCBQl0DS5_tg,Akali,84,True,8,4,20,11772,1754,19320,0,21074,10229,6856,548,17634,3112,3111,4637,6665,1011,0,2052,Katinka4,5u1OuQR4vRKF7Wfn6FxxPnF4Pic4-FPSAvzJquGYzMPSFuMSEZoLeekzJDwtzrrqkKqmCIxy_uJFOQ,Taric,44,True,0,4,34,10638,1575,4542,190,6308,9292,8143,549,17985,3111,3024,3190,3082,0,3121,2052,Shuckle,wNZrz_iRLQUVnyoil-jSSQ3ZZd7o-bTCyYIDgBqheYtREHcZd0astsVtTKvM5-ORRt5kh9rBdiFR4w,Sejuani,113,True,6,5,16,10620,6486,4387,55,10928,15148,12204,2471,29824,6665,3111,2031,3083,1029,1057,0,MusoliniLinguine,zqwaujBdnMLi4eO0Zx8XuH6inx5mwqGRcoSsTUiM5ID5tXuJ5BP4YvOXxEpG07mbYcsI8kDW4SAr7w,Garen,86,False,5,9,10,11137,19315,343,4695,24353,18926,12531,955,32413,6630,3047,3071,3075,0,0,2052,Robi14,zaH820fjGRikzaenCEq_rJxPvntqrdBCE-7N4L8S2_SpEVrVgX57s6UuyAxOO6NQDjPO_ZCrhi2hUQ,Yasuo,157,False,3,11,10,9743,8643,938,635,10217,12810,5846,295,18952,6673,3111,3031,1036,1036,0,2052,Pony Spirit,206wWJ4f1pCPt1zz3WgDy6oCm3HZott4-lAeud8X7u94y0WjFnGaKbi343lW-tvxBwgclR-0Wseryw,Kayle,10,False,7,5,11,11703,4145,15236,1411,20793,12187,5384,304,17876,3115,4633,3006,3089,1042,0,0,Wingeh,v3zDq6BN8MjSyVgnmjfUWGaT_sV3Wxlgo8u8gIgAWKZfsWIFqO5i5YI-NK68ruE9WQ2M0k4Yn-KaqQ,Veigar,45,False,4,7,15,10661,346,17459,295,18100,10111,5597,105,15813,6655,3020,3089,1031,3066,1028,2052,Fran,5rGnlks2AZPZ9MKXop47Y8I27g49IezxFvqXRYAasCcFqSoBT50Y81d5MUczEyFs4pjde3CKPGg9xg,Seraphine,147,False,2,9,13,9698,1156,4563,0,5720,15771,6241,224,22237,3040,6617,1058,3158,1058,0,2052
False,Sett,875,8,13,23,NA1_4639869046,1275,ARAM,1682482224736,Balkai,UaaAHDMrzSadZEnUtc2TEjGP5jaJQ8MVcULtz1SL1H8OAy6lAHz7EQ2OJwbvBST0YkR0fPD9AeT4ZA,Sett,875,False,8,13,23,13827,21783,1613,9347,32744,25404,35294,397,61096,3084,3193,4401,3748,0,3111,2052,actuallyapotato,59rYkD8T2UT6a4REJW3NuCgQ7dJr9FHUp4ukCMoHmqyHntBpaoS81CAuW5BhjahxEGHCBQl0DS5_tg,Darius,122,False,13,13,13,15031,25098,0,7113,32211,15211,28339,712,44263,4401,3071,3065,3044,3111,6631,2052,Katinka4,5u1OuQR4vRKF7Wfn6FxxPnF4Pic4-FPSAvzJquGYzMPSFuMSEZoLeekzJDwtzrrqkKqmCIxy_uJFOQ,Corki,42,False,5,9,25,13890,1142,39314,1719,42176,5060,13977,172,19210,3020,3070,6655,3135,3100,1058,2052,Shuckle,wNZrz_iRLQUVnyoil-jSSQ3ZZd7o-bTCyYIDgBqheYtREHcZd0astsVtTKvM5-ORRt5kh9rBdiFR4w,Lux,99,False,6,8,25,13380,2709,33604,2418,38732,6745,10534,0,17280,6653,3070,3020,4629,3089,4630,2052,OldHandsMamba,CebKQ98WYjAPRBokIWbyvcfv9LZkYp0M3QpwNKqs2Jme4oFaQrUgUqI6bf2I3qPfJNkE7pPwbhr37Q,Swain,50,False,8,11,21,13939,1393,28467,3982,33843,13200,34271,227,47699,6653,3111,3116,3065,8020,0,2052,TinySadBigHurt,DARy-geNQN5d-HqESRmSGUMpw6d9I7z1xjmhnbZmZFbCUUB11cti7N7ufVXhne-Xy8ccZxoGOI7Grw,Kled,240,True,12,8,26,15348,42331,1316,1991,45639,23983,30383,16698,71065,6630,3047,6333,3748,3067,3133,2052,Ohta,gE1ulqB8g3xOqiRqDP-lSIZXH4qm-ZhgRMJhzvD7FtCGXq3vanamSpYocawoXuSdRJFL749pf_pq9g,Renata,888,True,5,4,47,13809,1465,12910,0,14375,3913,10665,1907,16486,3112,3040,4005,3158,6616,3011,2052,Mbart,RyKu1YCDHsfISwDojev8QCPr6NECfejpOH6YK854uYFaMsO8cPlWrYYrKX2dvMvztEG8nRkWwdC1ng,Veigar,45,True,25,8,15,18281,355,61436,1748,63540,5663,12363,4452,22479,6653,3020,3089,4637,3003,3135,2052,drewwbie,HxiNmXmHND_r9sheM_o6LFThcNPawpovSbWynW5gLTMbc-4Ku-6Dsa9eh9PTrmkbZyv1OISKkNNn3A,Maokai,57,True,5,11,37,13446,2490,16386,2687,21565,23492,23450,6758,53701,6665,3121,3068,3111,3075,0,2052,A storage disk,Cuox0exeBIc9nIZ1p48NegFQEdddy-Z3zZKFO23-VnbPlmVuJhYlNmwm5Zm6xxbidswxI3L79T2zww,Anivia,34,True,6,9,30,13705,1248,29425,0,30674,9135,25196,1472,35805,6657,3040,3089,3020,4630,0,2052
True,Kaisa,145,25,14,21,NA1_4639842998,1525,ARAM,1682480513662,DrTnT,jURLfRZWCdcuAcFIWQQ9r05VAo9BYmpPXmGuf4ic4obuHfp-yCMH9CtZ4Ya9hN_h6jByUscslmWFcg,Morgana,25,False,9,8,33,16821,1184,41010,3107,45302,13539,13199,1992,28731,6653,3157,3116,3020,4637,3135,2052,SSSerik,Ic_Iv0iNAh35awO5U2p4_6uAe2VeglstN2NEYXItVEn6aVihOWcBEiMcjKw3HV5kjkhkirFEYA_Srw,Jayce,126,False,27,13,18,21379,52090,7831,1345,61267,20626,11875,2400,34902,6694,6676,3814,6692,3071,3042,2052,YG ON TOP,byyB5DqCQZPjHwz3rulKw7DxwDo5GYyI4IdW533UuHwljCHC0_nsYAWyAOLMNWkQ0ONxkQ8ykgCGFQ,Kayn,141,False,12,15,24,17210,52628,0,845,53473,36265,19157,12308,67732,3077,3042,3111,6630,6333,3071,2052,Justsnow,tQ4dG7IAPA_1ADiGAbYvGrm_z_WdlfVxHrWcDLEhj8d26TMaeJ26uDIY45MfmGMxeWHhNELFtbbupw,Yone,777,False,6,16,26,16283,26929,7377,6792,41098,22123,10566,2131,34820,3006,6673,3031,3153,6333,1033,2052,Draconino,nWApm_mtZayXcVTa4ODltGxthursnC3RMF7bzL-m5scGx-644s0qVPrzkw2P0tm-Pg3DOVONrf-jEA,Ziggs,115,False,2,12,43,15330,949,58352,1081,60383,12205,16237,1272,29715,3165,3108,3135,4637,6653,3020,2052,Balkai,UaaAHDMrzSadZEnUtc2TEjGP5jaJQ8MVcULtz1SL1H8OAy6lAHz7EQ2OJwbvBST0YkR0fPD9AeT4ZA,Kaisa,145,True,25,14,21,20143,33940,12255,2559,48756,21815,15800,2804,40421,3046,6671,6675,3072,3033,3006,2052,actuallyapotato,59rYkD8T2UT6a4REJW3NuCgQ7dJr9FHUp4ukCMoHmqyHntBpaoS81CAuW5BhjahxEGHCBQl0DS5_tg,Anivia,34,True,10,6,39,17900,1463,32423,1970,35857,21095,32625,2620,56341,6657,3020,3040,3916,3083,4637,2052,Katinka4,5u1OuQR4vRKF7Wfn6FxxPnF4Pic4-FPSAvzJquGYzMPSFuMSEZoLeekzJDwtzrrqkKqmCIxy_uJFOQ,Sejuani,113,True,8,10,32,15952,16113,11577,2823,30514,39108,27976,2481,69565,3111,3083,3193,3068,6665,2051,2052,Shuckle,wNZrz_iRLQUVnyoil-jSSQ3ZZd7o-bTCyYIDgBqheYtREHcZd0astsVtTKvM5-ORRt5kh9rBdiFR4w,Nautilus,111,True,5,11,40,15396,6448,10092,1887,18428,35904,24488,2201,62594,6667,3111,4401,3083,3110,3076,2052,EloWeIfare,gMqdSvFD6HgCnnIBLhzo6UO8azKx_Mi8BDMXYO92z0FXLQ6yuiNI4OVpj6IyzcJ0PrV91CpNJjr1YA,Gangplank,41,True,15,15,23,21203,33841,4687,10640,49169,31979,13680,3063,48723,3508,6673,3033,3158,3031,3046,2052
True,Xayah,498,12,8,19,NA1_4639815298,1066,ARAM,1682479093454,Shuckle,wNZrz_iRLQUVnyoil-jSSQ3ZZd7o-bTCyYIDgBqheYtREHcZd0astsVtTKvM5-ORRt5kh9rBdiFR4w,Malphite,54,True,8,9,28,12087,2993,24331,480,27805,9503,11698,241,21444,4636,3020,4645,1058,1058,0,2052,actuallyapotato,59rYkD8T2UT6a4REJW3NuCgQ7dJr9FHUp4ukCMoHmqyHntBpaoS81CAuW5BhjahxEGHCBQl0DS5_tg,Sylas,517,True,20,6,21,14616,172,32031,1136,33340,16209,18460,535,35204,6657,3121,3111,4637,3916,3105,2052,Katinka4,5u1OuQR4vRKF7Wfn6FxxPnF4Pic4-FPSAvzJquGYzMPSFuMSEZoLeekzJDwtzrrqkKqmCIxy_uJFOQ,Rammus,33,True,5,7,26,11089,2499,8595,0,11094,11802,11322,435,23561,3111,2051,3075,1057,6665,0,2052,Balkai,UaaAHDMrzSadZEnUtc2TEjGP5jaJQ8MVcULtz1SL1H8OAy6lAHz7EQ2OJwbvBST0YkR0fPD9AeT4ZA,Xayah,498,True,12,8,19,14003,22573,523,0,23096,14015,5459,138,19613,6675,6671,3072,3123,3035,3006,2052,Paralaize,W9AnHMgMgCsx-g-oPyMiCdnM1vWuKDs-gVEcr4GC3sgBMXtiUxb6WWKzcecGvspFIyozOqaRocFIyw,Karma,43,True,4,9,32,11635,505,23875,0,24380,9825,8518,458,18802,6653,3158,3135,3089,1052,0,2052,biu biu biu boom,W2vg4wLHZdXSinycuwo_qlTZ40GE576AXPm01S13ItVaI9hMnAjozmlAeZ6nii8Hf8wD9Iett4cBIg,Hecarim,120,False,5,11,19,10830,11284,4293,0,15577,12549,17506,440,30496,3042,3077,1053,3111,3177,6665,0,vïç vïk ,xIXrr0i8KOuCG6jBg2q4em3H6_6oHZwZuZZZtBReUtInKgf8KZBlJt6nfxZnGL-oeSB3B_rv3sYFaw,Blitzcrank,53,False,3,10,20,10024,2335,5398,496,8230,3499,19430,510,23440,3009,3070,3075,3001,3109,1057,2052,LaneGapV1ctim,XrF-ORxn4B8g00VGGkUGD46lvBrqSlAoNrjYPWAEX_ZWGH85cjMZwA3MNEpeIDKuS3HVx5qeRim_jA,JarvanIV,59,False,16,9,22,15485,33688,599,780,35068,7207,13593,396,21197,3177,3042,6692,6694,3158,3156,2052,Curvicious,smbzQg7FBAdarXH4c2hAhdzxpRrLj51FuTMigGACfhTEenazOkoLicRaJEivl2BO-3kkBKgAEenaQA,Brand,63,False,9,11,16,12297,810,22769,533,24112,6712,15632,105,22450,6653,3020,3157,3116,1026,4630,2052,The Fán,0YcEg3cAVLkt545dZlRmZMz-tcmV-8Sr0qeOtjLpmN03bfLdJWvMZNuQnfeMmggLwfY--7caecQdPw,Vladimir,8,False,6,8,18,11585,560,22399,0,22960,5940,23194,165,29299,4636,3158,3089,3135,3145,0,2052
False,Vladimir,8,13,11,22,NA1_4639790532,895,ARAM,1682477970179,Balkai,UaaAHDMrzSadZEnUtc2TEjGP5jaJQ8MVcULtz1SL1H8OAy6lAHz7EQ2OJwbvBST0YkR0fPD9AeT4ZA,Vladimir,8,False,13,11,22,11828,1152,32555,854,34562,18805,5575,3011,27393,4636,3157,4629,4630,0,3020,2052,actuallyapotato,59rYkD8T2UT6a4REJW3NuCgQ7dJr9FHUp4ukCMoHmqyHntBpaoS81CAuW5BhjahxEGHCBQl0DS5_tg,DrMundo,36,False,11,7,23,12241,8479,10398,1019,19898,17440,9778,5605,32823,3084,3047,3075,6660,1031,3143,2052,Katinka4,5u1OuQR4vRKF7Wfn6FxxPnF4Pic4-FPSAvzJquGYzMPSFuMSEZoLeekzJDwtzrrqkKqmCIxy_uJFOQ,Tristana,18,False,15,10,21,12578,23509,4065,1159,28735,18627,4771,2027,25426,3006,3046,3140,6673,3031,0,2052,Shuckle,wNZrz_iRLQUVnyoil-jSSQ3ZZd7o-bTCyYIDgBqheYtREHcZd0astsVtTKvM5-ORRt5kh9rBdiFR4w,Nami,267,False,3,7,36,9750,1610,5020,449,7080,10356,4631,1075,16064,4005,3107,3114,3011,3158,1033,2052,FamilyTreeGAP,oliRz7wuNHC3bbR1v3V0mk3g7mf-rXxv2iVa3H3oUzhReXxAnmrgACZ1bASXjouu5Z85QpfnK1PoCg,Braum,201,False,0,12,38,8884,1844,6557,798,9200,20968,7060,5778,33807,6665,3075,3082,3047,1029,1027,2052,tui kong,5Kmcos1icwnltmK3abfWBOKVvd3u_WInIn2C23_DFA2ciFLaCf_hSlwL_AogtjhUmagOMwJbOb96gQ,Yasuo,157,True,3,11,25,9920,16611,2962,1226,20800,7881,10524,763,19169,6673,3006,3031,1018,1053,0,0,gibczaq,BjnW0tzYnD5LsmSKqMmVVY4B_Wbdq4JPcEOANJ7gjm3oaQ7sERxb0jxnWzw6ueF4yyQoFNho7e3YIg,Sona,37,True,3,8,33,9489,1022,7960,1548,10532,4961,10397,1548,16908,6617,3070,3158,3011,6616,0,2052,STFU Shakeit,k5ChvnsC6qFwWIaGzt_ueLKnN5cOkJrQWXtNHbTNnQ4LXIivh6FZWHQuc7faxb6gEaSxiN-Wxtwfwg,Fiora,114,True,21,10,18,15464,31856,3084,13612,48553,17992,15329,4725,38046,3177,6632,3111,6333,3074,1053,2052,meiyousiIu,pm6-dUg5mk8HTXU2QexmoUU-TLYpN-xAgKuJ3M3X9pydqCBN6T7tuzdMy17mM24QwB24U4kWieIr2g,Yone,777,True,13,8,19,13981,26146,8276,4170,38593,9424,11037,133,20595,3031,3006,3184,3153,3072,0,2052,Ainyy,klfcxOlfVwhwUIEWsHIAeFa4v4RcwASt-p3UmZrXYts-Fxb5_0zL8uobeKEiEq0YBOZAyUJHviMTkA,Renata,888,True,6,5,35,10759,756,8111,4817,13685,2052,9887,5178,17117,4005,3158,3504,6616,3916,0,2052
True,Senna,235,19,8,24,NA1_4994581508,1037,ARAM,1715317641798,Balkai,UaaAHDMrzSadZEnUtc2TEjGP5jaJQ8MVcULtz1SL1H8OAy6lAHz7EQ2OJwbvBST0YkR0fPD9AeT4ZA,Senna,235,True,19,8,24,16741,38724,526,710,39961,9713,11704,2360,23777,6672,3006,3094,3031,3072,3035,2052,actuallyapotato,59rYkD8T2UT6a4REJW3NuCgQ7dJr9FHUp4ukCMoHmqyHntBpaoS81CAuW5BhjahxEGHCBQl0DS5_tg,Renata,888,True,2,8,43,10746,911,7623,2367,10901,8278,11778,2983,23040,3112,3107,4005,3158,3108,2065,2052,Katinka4,5u1OuQR4vRKF7Wfn6FxxPnF4Pic4-FPSAvzJquGYzMPSFuMSEZoLeekzJDwtzrrqkKqmCIxy_uJFOQ,Udyr,77,True,12,9,21,12680,23584,2568,5439,31592,20660,20106,7601,48369,3111,6610,2031,3078,6609,1028,2052,Shuckle,wNZrz_iRLQUVnyoil-jSSQ3ZZd7o-bTCyYIDgBqheYtREHcZd0astsVtTKvM5-ORRt5kh9rBdiFR4w,Shaco,35,True,11,6,28,12559,1581,24773,992,27346,6442,9653,767,16862,1058,6653,3137,3158,3916,1058,0,bies,8AtQrv5NfYC5_OkWtOdY3qlYWppHm3IdSiuvRyfsN-_RlQsPna6CS06JG4oHaV0C1tpf23jIMMqQHw,Gragas,79,True,12,9,28,13206,1029,27880,1659,30569,12119,15254,2424,29798,0,3152,6655,0,3089,3158,0,Facelift,wiA0rJBGP2CodXNvaJWJWTVk8lgG5mi6zMOkH7XW_tImw8SQKAkyelXBaMK7Lc6-lCWbtRrlVBXkCQ,Skarner,72,False,8,12,17,11972,8470,19030,1470,28971,23570,11921,0,35491,6653,3121,3067,3065,1031,3111,2052,Nighty8,2jrX9v-1bjnx8hJi_NdvTsS1KMGT5sg-3FCtdR-M2kvvXHgngmt8MtqK5lxuW3WYDmivwzIxgREFfQ,Viktor,112,False,5,12,23,12497,746,23308,0,24054,10877,11413,852,23143,6655,4645,3020,3100,1058,0,0,Miss Universe,8gRoLS4Pv-Y0eBZC3exOh0RDhd6uOWJ9_UYRpl7vIYqv0EBxY51Gcwd0Hht6a0vQqwLAjMtUo6i2rw,Rumble,68,False,9,12,21,12692,856,20800,1101,22759,11002,14283,771,26057,6653,3020,1058,3118,4645,1058,0,0nIySprouts,xo73zOk7exbUkn-7Afkr6qfqemJnmjIdFcIeit0Lrm9a2oKEomEydEQPqZ5OWGg7HCNS-BPRUiZZrg,Aatrox,266,False,12,11,15,12510,26422,3698,817,30938,22038,16644,415,39099,6610,6698,3111,3814,3035,2022,2052,LemonGap,6kqWuDovZ06w49DBVYzNvgp7EocCSnz1Ju7WOADeAvLKX2paXBSWpvgnzIDk_kOCtzKqbCd0taV5Mg,Vayne,67,False,6,10,15,11963,13901,2316,3809,20028,12662,9766,191,22621,3006,3153,3091,3094,1057,1031,2052
True,Lissandra,127,11,13,25,NA1_4994568907,1158,ARAM,1715316122449,Balkai,UaaAHDMrzSadZEnUtc2TEjGP5jaJQ8MVcULtz1SL1H8OAy6lAHz7EQ2OJwbvBST0YkR0fPD9AeT4ZA,Lissandra,127,True,11,13,25,13727,760,25484,1334,27579,14615,13378,1194,29188,1058,3157,3020,3118,4645,1058,2052,Montepremi,eHmHofAr3Lq2c55a8_huZdBnzvRWjeO0bn6wj2Vq1BHAgjUtOnRBrlnIXixAOgipl34UxJzcLPldQg,Yasuo,157,True,17,8,19,16974,26795,2052,655,29502,13996,9554,2382,25932,6672,3006,3031,6673,3091,2019,2052,Katinka4,5u1OuQR4vRKF7Wfn6FxxPnF4Pic4-FPSAvzJquGYzMPSFuMSEZoLeekzJDwtzrrqkKqmCIxy_uJFOQ,Kayle,10,True,17,11,25,15333,16859,12845,0,29705,16801,12660,1543,31006,3006,3124,3302,3153,3085,1043,2052,Shuckle,wNZrz_iRLQUVnyoil-jSSQ3ZZd7o-bTCyYIDgBqheYtREHcZd0astsVtTKvM5-ORRt5kh9rBdiFR4w,Brand,63,True,8,9,29,13183,1149,32805,0,33955,13844,10451,1511,25807,6653,2420,3116,3137,1058,3020,2052,actuallyapotato,59rYkD8T2UT6a4REJW3NuCgQ7dJr9FHUp4ukCMoHmqyHntBpaoS81CAuW5BhjahxEGHCBQl0DS5_tg,Rakan,497,True,7,6,41,13327,1861,12771,715,15347,26704,10386,2546,39638,3112,3083,3158,8020,3082,2065,2052,AungB,D-AEGKGuSVweC0w3hKHFSE8Uc1GMet-mMEkz_VJ2rsiPw4SNzR-KgnfEBWiPRoye1U8pjwBORnyxQQ,MasterYi,11,False,11,16,21,13470,21074,711,7906,29692,20906,17645,398,38951,3124,1037,2021,3153,3073,3111,2052,Rapidfirejet,RsWg7lqsGtl3KnMjtLa2eICighJvopE-pTHQhwPG-hHyK81J6Mxn-Ad3nQ93uStJmh1P1aSG2Ys05Q,Shyvana,102,False,8,12,17,14358,2202,25205,577,27985,13746,21736,631,36115,6653,3020,4629,3089,3135,0,2052,AznPanda120,aGgv_ZWFWUPbiIYg5TJxSZ1ANM2D0Bs1m4cuzj9Z-cHJMwvEYL2v69Q9ID5YNJ03BYvqh7FdsXkGvw,Kindred,203,False,6,16,16,12968,16182,2906,0,19088,10569,19985,649,31204,6672,3006,3072,3031,3086,2015,2052,Thę Bei,3p7hWtjlc5gJGNslUDRxnlQMjp56fJRe_vq7naI7RYIkTjpOEemEJzCQ_3menlSf6kCUrOK2LoQUGg,Jayce,126,False,17,10,21,15428,35936,5509,695,42141,10295,13128,576,24000,3042,3814,3077,6694,3158,6692,2052,Canadian Archer ,cR-ocIy1doLutjSO2BOuVKcU8J45RWMjBhWGWPckYY422_p0IAiP1GRw0vTYbJD83vIpq_8trUghSw,Viktor,112,False,5,9,25,12544,420,22100,0,22520,7187,13462,448,21098,3118,2031,3100,3020,4645,0,2052
False,Varus,110,6,11,21,NA1_4994553118,937,ARAM,1715315062051,Balkai,UaaAHDMrzSadZEnUtc2TEjGP5jaJQ8MVcULtz1SL1H8OAy6lAHz7EQ2OJwbvBST0YkR0fPD9AeT4ZA,Varus,110,False,6,11,21,11046,13786,7478,0,21264,9811,11189,646,21647,3153,3124,3302,0,0,3006,2052,actuallyapotato,59rYkD8T2UT6a4REJW3NuCgQ7dJr9FHUp4ukCMoHmqyHntBpaoS81CAuW5BhjahxEGHCBQl0DS5_tg,Ekko,245,False,10,8,26,10971,3011,20757,1130,24898,15315,8589,525,24430,0,3157,0,3100,3111,3152,2052,Katinka4,5u1OuQR4vRKF7Wfn6FxxPnF4Pic4-FPSAvzJquGYzMPSFuMSEZoLeekzJDwtzrrqkKqmCIxy_uJFOQ,Warwick,19,False,7,12,12,9849,6536,6799,0,13336,14690,10327,1958,26977,3111,3153,6333,3076,1028,0,2052,Shuckle,wNZrz_iRLQUVnyoil-jSSQ3ZZd7o-bTCyYIDgBqheYtREHcZd0astsVtTKvM5-ORRt5kh9rBdiFR4w,Poppy,78,False,9,7,25,11138,11902,4776,405,17084,22845,11021,1614,35481,3083,3111,3075,6664,1029,0,0,Montepremi,eHmHofAr3Lq2c55a8_huZdBnzvRWjeO0bn6wj2Vq1BHAgjUtOnRBrlnIXixAOgipl34UxJzcLPldQg,Teemo,17,False,15,8,20,12340,2825,27107,923,30856,10513,7749,811,19074,6653,3020,3118,3115,3916,4630,2052,Abysion,mL120vNvZORevYFbkxlA8s8qWHAL_EaZqw1ZbnyqW5MnnfnoZpwqY0-Lodx9BPKoqot8lvaCgvJtOw,Amumu,32,True,6,14,23,10826,435,17532,2173,20141,11493,12086,989,24570,3020,3118,6653,3116,1058,0,2052,Rikua,kwSEY85V1KdAVy0Nab1J1DDnaqROqVE450PAhazQedIRqDjAaXq6gdTGUFReoTSOeqovmhE2XCjfXA,Jinx,222,True,10,7,27,13438,30121,740,121,30983,5259,12158,301,17718,6672,3031,3006,3094,3035,0,0,AungB,D-AEGKGuSVweC0w3hKHFSE8Uc1GMet-mMEkz_VJ2rsiPw4SNzR-KgnfEBWiPRoye1U8pjwBORnyxQQ,Akshan,166,True,22,8,9,17068,29980,1420,866,32268,6873,10921,1162,18957,1057,3031,6676,3036,6672,3111,2052,ttwobao,3HrOti1ALKsYAMst36cl_WkAEBR7wr8pRKxN4rBdT9FSUE-NJjfHwk_E4YcMM5SyhFDyJtVNVcl-rw,Kennen,85,True,3,9,25,9996,1745,19540,957,22243,6181,10395,381,16957,3152,3157,3118,3020,0,0,2052,Bütthound,it_9N8gI-oxYUuuLC5c9K_N20lElnqLeDSvTa-5Hud8JRW8G48Kn_A_mzfq5XV_fEm4x0AZwFVpKDA,DrMundo,36,True,5,9,23,10477,6490,9643,1269,17403,20164,21356,625,42146,3084,3075,3065,3111,0,0,0
True,Malzahar,90,7,3,19,NA1_4994540972,713,ARAM,1715314157301,Balkai,UaaAHDMrzSadZEnUtc2TEjGP5jaJQ8MVcULtz1SL1H8OAy6lAHz7EQ2OJwbvBST0YkR0fPD9AeT4ZA,Malzahar,90,True,7,3,19,9836,537,13752,439,14729,5749,3786,1299,10834,3118,1011,3020,6653,1026,1052,2052,actuallyapotato,59rYkD8T2UT6a4REJW3NuCgQ7dJr9FHUp4ukCMoHmqyHntBpaoS81CAuW5BhjahxEGHCBQl0DS5_tg,Zac,154,True,4,3,19,8286,1471,8217,505,10194,9921,6399,3439,19760,6665,3047,3065,1029,0,2031,2052,Katinka4,5u1OuQR4vRKF7Wfn6FxxPnF4Pic4-FPSAvzJquGYzMPSFuMSEZoLeekzJDwtzrrqkKqmCIxy_uJFOQ,Lucian,236,True,13,4,14,10181,19763,2390,321,22475,5849,2161,1236,9247,6676,6694,3158,2020,1036,0,2052,Shuckle,wNZrz_iRLQUVnyoil-jSSQ3ZZd7o-bTCyYIDgBqheYtREHcZd0astsVtTKvM5-ORRt5kh9rBdiFR4w,Alistar,12,True,3,4,29,8377,904,3842,390,5137,11744,7561,1156,20462,2502,3047,2031,3083,0,0,2052,Montepremi,eHmHofAr3Lq2c55a8_huZdBnzvRWjeO0bn6wj2Vq1BHAgjUtOnRBrlnIXixAOgipl34UxJzcLPldQg,Irelia,39,True,6,4,23,10359,14592,3998,60,18650,9433,3421,2241,15095,3153,6610,2031,3047,1057,1043,2052,Bishopmage,stW0Oa4v3C0iWxKUL-5M4uzqKrZWTLfsIyWiVKbH4fKupo47BWKB-Y0_t4fNnQvHbZ9yX-RFMK3ABQ,Pyke,555,False,3,4,8,7478,8512,203,1233,9949,5558,4798,257,10614,6696,1001,6701,0,0,0,2052,HobbitHands,Vt9gaxNopAoqT8zjJUO3e26ovrn95OU6bWLO-k7OFSRw6zxmtMcLDGoQAa-Sblwq7GB-iAshpR-A5Q,Garen,86,False,4,8,8,8777,12283,122,1700,14107,11572,8475,276,20324,3111,6631,3071,1036,1028,0,2052,Binggan,88lOWQIUVaeoZqmCx3qguBvdA94V1VtXN3Rhbl9D4Gg53U4TzvISp5fo-m6g_OT0uDrJdf6vcn8pKQ,KogMaw,96,False,7,4,6,9394,10892,10406,3184,24483,4906,5031,430,10368,3006,3153,3124,0,0,0,0,inch,NY6Yamy-Nyc1jKd4iB13dODoEK5i_-kydoRm70ISQBagZouhtcGOJptpf_0k8f_xhBdgd61Ma8D6KQ,Milio,902,False,2,6,15,7451,536,5188,241,5966,6436,5066,97,11601,6617,3070,3158,3504,0,0,2052,Zacoobi,OnfokJXJu8HAN0c0Bw9l7StYOW1VCd7RIXU7-f3yZbvTtDAd768iXKWh8Sa8x7YijRSyq2GiBzUf6w,Katarina,55,False,2,11,10,7176,1450,7408,912,9770,14358,8830,737,23926,1058,4645,3020,0,0,0,0
False,Malzahar,90,7,11,22,NA1_4994518427,1181,ARAM,1715312828696,Balkai,UaaAHDMrzSadZEnUtc2TEjGP5jaJQ8MVcULtz1SL1H8OAy6lAHz7EQ2OJwbvBST0YkR0fPD9AeT4ZA,Malzahar,90,False,7,11,22,13252,628,20852,890,22371,18594,6723,656,25975,3118,3020,3116,6653,3135,0,2052,actuallyapotato,59rYkD8T2UT6a4REJW3NuCgQ7dJr9FHUp4ukCMoHmqyHntBpaoS81CAuW5BhjahxEGHCBQl0DS5_tg,Senna,235,False,15,9,21,14985,26843,458,526,27828,16593,8115,1009,25718,3009,3184,6676,3094,3814,3036,2052,Katinka4,5u1OuQR4vRKF7Wfn6FxxPnF4Pic4-FPSAvzJquGYzMPSFuMSEZoLeekzJDwtzrrqkKqmCIxy_uJFOQ,Sona,37,False,6,9,31,12763,1529,13544,676,15751,16684,6423,626,23734,3040,3158,2065,3165,6616,4642,2052,Shuckle,wNZrz_iRLQUVnyoil-jSSQ3ZZd7o-bTCyYIDgBqheYtREHcZd0astsVtTKvM5-ORRt5kh9rBdiFR4w,Ziggs,115,False,8,7,19,12778,1033,31799,0,32833,13707,5810,573,20090,3040,6653,3108,3020,3089,4630,2052,Montepremi,eHmHofAr3Lq2c55a8_huZdBnzvRWjeO0bn6wj2Vq1BHAgjUtOnRBrlnIXixAOgipl34UxJzcLPldQg,Briar,233,False,5,10,14,11276,10796,4556,390,15742,23119,10620,2105,35844,6610,3047,3053,6333,1033,0,2052,mhmyep,3QekD5RUrzsn_ZrB7lgEe46_ntQ9Nd7CGjgaDVTsxomUB2YMjToklbi5tUsKvVGdqqjgrU3Ete6sHA,Jinx,222,True,15,9,20,17099,39872,766,0,40639,9525,17085,907,27519,3155,3094,3072,3031,6672,3006,0,Case in point,tINgKyELEqSXeTL-HLsOsgzz_61vySTM_0rqx51IE-zAw9DsdIQorApZ7zmPd35yDTOHB7OpzqYl_g,Quinn,133,True,13,9,17,14015,32104,143,0,32248,11250,9242,296,20789,6701,3006,6699,3814,3134,2015,2052,,fgBE8SFZOyPrkK4Xta11zaoSF2TIapaS3nonVsro_cDLQbOuZ6T0nuH1oGwwGJiJEz9pynUADciE5A,Udyr,77,True,5,7,20,13541,1382,25665,1872,28921,11874,11771,148,23795,3070,3916,6653,3020,4645,3089,2052,WELOVEYOU HAOHAO,ac9-yBQ9PjA9DiccTEOatD5MX5ciYdx33J8l4SL5fu3MzkEAM8c4_fInv0jTpxFQaeJ1tLO6rtv0DA,Renekton,58,True,11,9,15,14923,13022,1945,1124,16092,19832,12115,397,32345,6676,3748,3111,2021,3133,3156,2052,TightningHol,BAZycxLHhDsqFgRCn_4Yz4bhgzi-jLeBCOM-q70WFxCZoNraiufNHl2139P-bpeF1mUa4owWQ1Ssdw,Thresh,412,True,2,7,35,11843,466,9172,1973,11612,6956,20996,733,28686,3107,3222,3190,3158,3121,0,2052
True,Chogath,31,9,5,9,NA1_4994503553,849,ARAM,1715311805869,Balkai,UaaAHDMrzSadZEnUtc2TEjGP5jaJQ8MVcULtz1SL1H8OAy6lAHz7EQ2OJwbvBST0YkR0fPD9AeT4ZA,Chogath,31,True,9,5,9,9841,1513,5955,890,8358,16776,9652,560,26989,3083,1028,3110,3111,1057,1031,2052,actuallyapotato,59rYkD8T2UT6a4REJW3NuCgQ7dJr9FHUp4ukCMoHmqyHntBpaoS81CAuW5BhjahxEGHCBQl0DS5_tg,Samira,360,True,14,5,18,12979,25367,3495,269,29132,12492,9175,710,22378,3184,3111,6676,6673,3031,0,2052,Katinka4,5u1OuQR4vRKF7Wfn6FxxPnF4Pic4-FPSAvzJquGYzMPSFuMSEZoLeekzJDwtzrrqkKqmCIxy_uJFOQ,Alistar,12,True,4,7,36,10213,1082,8596,165,9844,16608,10414,883,27905,3111,3143,2031,2502,3211,2051,2052,Shuckle,wNZrz_iRLQUVnyoil-jSSQ3ZZd7o-bTCyYIDgBqheYtREHcZd0astsVtTKvM5-ORRt5kh9rBdiFR4w,Orianna,61,True,8,3,30,11105,1027,23470,0,24497,6151,4585,28,10764,3040,3020,1058,6653,1058,0,0,Montepremi,eHmHofAr3Lq2c55a8_huZdBnzvRWjeO0bn6wj2Vq1BHAgjUtOnRBrlnIXixAOgipl34UxJzcLPldQg,Skarner,72,True,5,6,20,9643,11119,4133,835,16088,16063,8456,271,24790,3070,3083,3111,6662,3067,1028,2052,EatJhin,yvX02aTKBXe_XgcpjgaW4T91ui-zpg9FK1MlpGfQGLEVDyzG0FDTQRvROeUDR1kStwdL2tTKI2S-BA,Morgana,25,False,6,7,15,9614,895,17176,533,18606,8436,9339,340,18115,6653,3020,3157,2022,4630,1026,2052,Alvin Au,CrVAGVy9Ycrgg1g2pOzaZCkHZfhUDguwrRD66CzRswAm0pf50ao-xet5jLXH8oeT0JeapuhB-f-qkA,Teemo,17,False,3,9,11,9157,1339,15765,1434,18540,8124,7869,194,16187,3118,2031,3020,6653,4630,3108,2052,A DICK DID 2 U,pvHlCVdTn1s8ydAJt2ij1pzK7tBCnPW68dfTPwFxJ9c62Q2tWYmx3QqB0wDfiuY4Da2f56vYAHWhqA,Caitlyn,51,False,7,8,13,10795,24610,1330,0,25941,5202,7635,696,13535,126697,3070,6676,3158,3036,0,0,Atom Squared,D-7IvMswNupnox0LBhz4BbWzt5tlv6eVagYmW4fZDGYIugVg17fI6UOUFkg6XgjZ9gC4VESxfYqVmQ,Quinn,133,False,4,9,14,9034,16906,306,0,17212,7868,6352,612,14833,6672,3006,3153,3035,0,0,2052,MuffinArms,4ntbS534Xyw5iGSjXJAoCbhO4eUjeZjQe6uYh-9jCv0hbSLdJ3OKtwCC9G9TvAunh99bdzEeDx4VnQ,RekSai,421,False,5,7,16,9788,6559,7704,485,14749,14789,14454,317,29561,2051,3047,3067,3068,3065,1031,2052
False,Akshan,166,10,11,14,NA1_4994487938,1164,ARAM,1715310473232,Balkai,UaaAHDMrzSadZEnUtc2TEjGP5jaJQ8MVcULtz1SL1H8OAy6lAHz7EQ2OJwbvBST0YkR0fPD9AeT4ZA,Akshan,166,False,10,11,14,13630,31707,1935,1101,34745,14010,10429,976,25416,6672,6676,3031,1018,1053,3111,2052,actuallyapotato,59rYkD8T2UT6a4REJW3NuCgQ7dJr9FHUp4ukCMoHmqyHntBpaoS81CAuW5BhjahxEGHCBQl0DS5_tg,Garen,86,False,10,7,15,15018,18681,0,3266,21947,26164,18165,1844,46174,8001,6665,3053,3111,3133,6631,2052,Katinka4,5u1OuQR4vRKF7Wfn6FxxPnF4Pic4-FPSAvzJquGYzMPSFuMSEZoLeekzJDwtzrrqkKqmCIxy_uJFOQ,Blitzcrank,53,False,5,12,19,11379,4038,12568,1528,18135,33719,15405,2477,51602,3158,3083,3075,2504,2051,0,2052,Shuckle,wNZrz_iRLQUVnyoil-jSSQ3ZZd7o-bTCyYIDgBqheYtREHcZd0astsVtTKvM5-ORRt5kh9rBdiFR4w,Sona,37,False,3,8,30,11103,2907,9453,1881,14242,15887,11567,515,27970,3070,3107,3158,6621,3165,6617,2052,Montepremi,eHmHofAr3Lq2c55a8_huZdBnzvRWjeO0bn6wj2Vq1BHAgjUtOnRBrlnIXixAOgipl34UxJzcLPldQg,AurelionSol,136,False,8,7,21,13897,222,32546,2247,35016,9504,11853,475,21833,3116,3040,3165,3020,6653,4630,2052,Good 9,UioTpcM56m85xj-cifwpryQA4tcaanE_aSTrX2TMxk3XdFE4xdJIwyZBhOfVV6cl8RPmeWop0DPcdg,Syndra,134,True,5,8,19,12323,1188,29483,2054,32727,7176,11257,485,18919,3118,2031,6653,3020,3135,3145,2052,Süshl,xhdODwy4YQGtDdOXL41NIRxzaI2pJ4KKqBRUJjNyweefbjPpo0P-_PKHUw41ay5Mjok-Ld3DsAGByg,Naafiri,950,True,9,9,21,13664,33057,196,1083,34337,23532,11366,5175,40075,6610,3111,6333,3156,3133,1028,2052,40INA,GDJnRvvawbWZqFRo9JZym8lVZGskRs8d8kV7QMaf1OsQdTGEBO1kvU4qf9YWQ8jfIRRMDWpqqolfsQ,Anivia,34,True,8,4,24,13684,1277,27027,0,28305,9738,10095,452,20286,6657,3040,3020,3118,1058,0,2052,Slëëpy Pàddlemàr,RCKfCyp3oQRwuD1HMwM4-8r2I4VYnRGR2U7EZKNZfn3zoWh-AukrmAiCowUqzLkdbM6UopVX3QhIdQ,Lucian,236,True,23,9,9,16777,49284,3324,1188,53796,8095,8688,2643,19427,6676,3006,6696,3036,6675,1053,2052,gabetron0,l16uA6OajqqQROY07Svp6WAtPuck7n9Re000-9Y8Q1pPSrm0wRNdhpN4HKgFUlP2jwzuHln51w-bQg,Braum,201,True,0,6,38,11826,4175,7389,1962,13527,21929,15095,1974,38999,2051,3121,3084,3111,3083,0,2052
True,Jinx,222,9,2,2,NA1_4991824568,1162,CLASSIC,1714969559683,actuallyapotato,59rYkD8T2UT6a4REJW3NuCgQ7dJr9FHUp4ukCMoHmqyHntBpaoS81CAuW5BhjahxEGHCBQl0DS5_tg,Rumble,68,True,8,0,0,10377,612,14591,60,15265,4023,3024,332,7380,1056,3020,6653,1082,4633,2031,3340,Shuckle,wNZrz_iRLQUVnyoil-jSSQ3ZZd7o-bTCyYIDgBqheYtREHcZd0astsVtTKvM5-ORRt5kh9rBdiFR4w,Poppy,78,True,1,2,11,7065,5427,1733,254,7415,9213,4828,419,14460,0,2003,2055,3111,3068,1057,3364,Montepremi,eHmHofAr3Lq2c55a8_huZdBnzvRWjeO0bn6wj2Vq1BHAgjUtOnRBrlnIXixAOgipl34UxJzcLPldQg,Viego,234,True,14,0,5,10563,17333,3373,425,21132,6190,8188,757,15136,1054,6672,3111,6610,1037,0,3340,Balkai,UaaAHDMrzSadZEnUtc2TEjGP5jaJQ8MVcULtz1SL1H8OAy6lAHz7EQ2OJwbvBST0YkR0fPD9AeT4ZA,Jinx,222,True,9,2,2,9280,10609,47,0,10657,4831,3835,442,9108,1055,6672,3006,3031,1043,0,3363,Katinka4,5u1OuQR4vRKF7Wfn6FxxPnF4Pic4-FPSAvzJquGYzMPSFuMSEZoLeekzJDwtzrrqkKqmCIxy_uJFOQ,Alistar,12,True,2,1,19,7145,928,6759,7,7695,7458,5543,361,13363,2055,3876,3190,3050,3117,0,3364,Gurgle69,hj2f6fEkYZPzLVZrzgWrnnoSakqfIYU8TYttHXv31lwElHNsvOyNJ4NGkCMoe4ODm7U1SjcWW4z6KA,Udyr,77,False,0,3,0,5053,829,1637,38,2505,3190,10574,78,13842,1054,1001,3070,6653,0,0,3340,Redrahk,_hRXdXKfNAxcHXrrRBnqQ5_HyQFZtAjfHvjqJrWkkv-bVqKh1YoVl1s9e5AShxXWqH4QkM7Juwm6GA,Diana,131,False,3,6,2,8234,1748,11160,271,13180,7760,3283,164,11208,3020,2421,1056,3100,1058,0,3340,RabidTM,KpN6TXEeMmlC7ZmkWht0s9Ti8-o6lb0tJ2uRgqp1awLj4HyH_MYk2fVEtCpBBEmZ84cSQ3Se2ox2dQ,Amumu,32,False,2,12,1,5630,1181,10721,1429,13332,19005,10226,280,29511,1103,6660,1001,6653,0,0,3340,Booty Wiper,rHz-coiILCm4EishKfKDl9FSdLZgYlpOncDwBWxNsRedVEkX63x1MO7OTni6CaYF71S-1oX5_ABuxA,Ashe,22,False,0,8,1,4941,5867,917,10,6794,8990,2972,153,12116,6672,0,3006,0,0,0,3340,TerraValence,Zu-eYkHjFy50vNe_5zV7SnQKofKXJFfg_dxMIkjONv_qFh6xp01jL8z-C4gMXRdhwcjnQ6lIq-q8EA,Camille,164,False,0,5,2,4306,3693,237,563,4494,8782,1910,72,10765,3133,3877,1036,3047,0,1037,3364
True,Tristana,18,4,1,9,NA1_4991798306,1721,CLASSIC,1714967529234,actuallyapotato,59rYkD8T2UT6a4REJW3NuCgQ7dJr9FHUp4ukCMoHmqyHntBpaoS81CAuW5BhjahxEGHCBQl0DS5_tg,Zac,154,True,8,4,11,12803,3754,24230,234,28219,23248,20610,4043,47902,1054,3068,3047,2502,3065,1031,3340,Shuckle,wNZrz_iRLQUVnyoil-jSSQ3ZZd7o-bTCyYIDgBqheYtREHcZd0astsVtTKvM5-ORRt5kh9rBdiFR4w,Nunu,20,True,10,3,18,13127,2865,10468,636,13970,17231,16400,3621,37253,3065,2055,3109,1031,3068,3047,3364,Montepremi,eHmHofAr3Lq2c55a8_huZdBnzvRWjeO0bn6wj2Vq1BHAgjUtOnRBrlnIXixAOgipl34UxJzcLPldQg,Azir,268,True,8,0,11,14174,524,23493,212,24229,5514,6762,933,13210,3157,3115,3020,6653,4630,2055,3363,Balkai,UaaAHDMrzSadZEnUtc2TEjGP5jaJQ8MVcULtz1SL1H8OAy6lAHz7EQ2OJwbvBST0YkR0fPD9AeT4ZA,Tristana,18,True,4,1,9,10993,14412,1613,134,16160,7823,10509,386,18719,1055,6672,6673,6675,0,3006,3363,Katinka4,5u1OuQR4vRKF7Wfn6FxxPnF4Pic4-FPSAvzJquGYzMPSFuMSEZoLeekzJDwtzrrqkKqmCIxy_uJFOQ,Sona,37,True,4,2,14,8482,2356,11133,196,13686,7194,11444,226,18865,3504,2055,3870,3040,1004,3158,3364,FourZ,Fkyiot3kDvDKFwfy8ZEZRXlZJI6V6CeSn8LkiNe5xOUpjo-lH1BnE0NeBo1wyykhOKy1zEMUzdmeyA,Yorick,83,False,2,9,2,10995,17288,8818,2401,28508,10412,17830,228,28470,1054,6698,3111,3033,6692,0,3340,netfliz,nqBFPJS6Bh_glh6-IqXTAmspBTBO6WmAK9oAGY54IrROlzgzsE6xYBhjCHmvhEV7R98Dmlz-F01I4Q,Ezreal,81,False,3,4,1,10389,15038,8923,488,24449,4481,8967,150,13599,3042,3158,3508,6675,1055,0,3363,Kajitzu64,wbGu5LDVPp-Q_nTmuD6MO6F80pupj0lIFhEHKCKY82Db7EjAt281nxIr_MfG0RnQ7FUPsRZv615Qfg,Katarina,55,False,3,11,2,9123,1519,15349,1325,18194,8270,19878,590,28739,3115,4645,1054,1052,3020,1082,3364,Litten3571,HXdn05ufApediSjd3T3ZaNJWACZyrkE0FlR5WtyjWzP5fo22iASnePXj-ZK2yd15TgIEvgtEMLse1A,Shyvana,102,False,2,4,3,10913,1606,22895,3280,27782,20109,15933,416,36459,6653,3161,3020,3916,3147,3108,3340,MidKnightShadows,NXRJSDqDba8wEkMhznFjzHZdwmmLqrdgaGNd-LlrcfuetUFyMdqdj4dyGnaWxbyYoFkl7eYo-pVuNg,Milio,902,False,0,6,3,6463,1219,6708,1500,9428,7410,12163,28,19602,3876,3107,3006,6620,0,0,3364
True,Caitlyn,51,2,1,3,NA1_4991783739,937,CLASSIC,1714966207799,actuallyapotato,59rYkD8T2UT6a4REJW3NuCgQ7dJr9FHUp4ukCMoHmqyHntBpaoS81CAuW5BhjahxEGHCBQl0DS5_tg,Zac,154,True,7,0,1,7183,2067,11468,0,13536,9361,4531,536,14430,1054,3068,3047,3067,1028,0,3340,Shuckle,wNZrz_iRLQUVnyoil-jSSQ3ZZd7o-bTCyYIDgBqheYtREHcZd0astsVtTKvM5-ORRt5kh9rBdiFR4w,LeeSin,64,True,2,0,3,5082,4390,1026,112,5528,13056,2726,232,16015,1103,2003,2055,2422,6610,0,3340,Montepremi,eHmHofAr3Lq2c55a8_huZdBnzvRWjeO0bn6wj2Vq1BHAgjUtOnRBrlnIXixAOgipl34UxJzcLPldQg,Akali,84,True,5,1,2,6705,1565,9273,0,10839,3901,5730,266,9898,1054,3100,3020,1052,1052,0,3364,Balkai,UaaAHDMrzSadZEnUtc2TEjGP5jaJQ8MVcULtz1SL1H8OAy6lAHz7EQ2OJwbvBST0YkR0fPD9AeT4ZA,Caitlyn,51,True,2,1,3,6177,6772,500,0,7273,3003,2553,170,5727,1055,3095,2055,1037,3006,0,3340,Katinka4,5u1OuQR4vRKF7Wfn6FxxPnF4Pic4-FPSAvzJquGYzMPSFuMSEZoLeekzJDwtzrrqkKqmCIxy_uJFOQ,Leona,89,True,0,1,4,3935,871,1664,0,2536,3995,2679,190,6865,2031,3067,3876,3111,1029,1033,3364,Dohmen,U-JG4d77HOxfbMEW3lNbKxAcC0K_lWlxm9ilDMTusFmN9528ZCRY62r2CW6kwTJkdEJ1ZOVTMF61jA,Irelia,39,False,0,4,0,4468,6033,3000,0,9033,4452,7354,0,11806,1055,3111,1043,3123,2031,1053,3340,JS314159,sURCs1nm7HtP-fKjQ4n_ai2TKa3YtN1skNu6iJPz8RbdklxfPzDmgVke6Ay3H3AWvHxJNgr3PZmS8g,Shaco,35,False,0,2,1,4227,1084,3004,909,4998,8663,4356,0,13019,1102,3147,3158,1026,0,0,3364,jonpark,HXxusv7Vm8hoNTUn6glxhWizY2m4xTkEhoM-0gXkcbJ7q1owcjp25zo3ubXeWbMytXuTYfMWKHflLg,Sylas,517,False,3,5,0,5080,922,7600,0,8522,5503,7880,48,13431,1056,3100,3020,2055,0,0,3340,Spatula Khan,Lkaz5fftMH8VPBpHFXoZQDWF96gwTddukwFLW3t0qGe9flsRKLL-3h37F9Y0BrQrBfdHCTAqusE51g,Jinx,222,False,0,3,1,4805,4785,140,0,4925,3518,2376,8,5902,1055,6672,1042,0,1001,0,3340,Bard Goes Hard,Kd6hjxxu2w9r8w0YJZUY7VQXeqYxTTkywIVy9TcCpBQqSt8R1Wtzd8FzPRD-VKPl_AIXRQz4LwivzQ,Braum,201,False,0,2,2,3430,514,3759,486,4761,5658,2975,56,8689,3047,2031,3876,1029,3067,0,3364
True,Smolder,901,0,0,0,NA1_4991764542,437,CLASSIC,1714965549596,actuallyapotato,59rYkD8T2UT6a4REJW3NuCgQ7dJr9FHUp4ukCMoHmqyHntBpaoS81CAuW5BhjahxEGHCBQl0DS5_tg,Gragas,79,True,0,2,2,2265,1004,1810,0,2814,3961,423,720,5106,1056,3070,1001,1026,0,0,3340,Shuckle,wNZrz_iRLQUVnyoil-jSSQ3ZZd7o-bTCyYIDgBqheYtREHcZd0astsVtTKvM5-ORRt5kh9rBdiFR4w,Sejuani,113,True,3,0,0,3033,1197,641,40,1879,3151,1135,56,4343,1103,2003,1031,6660,1001,0,3340,sexymale61,KgiuZWTJhDt1CnZVFkyKW39ljim6RMHRFGw5Mvle1W2v5Hl-boglYo5zxGnZruzLGDvzs799q7DoPA,Veigar,45,True,1,0,0,2323,538,1729,0,2267,1601,75,130,1806,3070,1027,1052,0,1056,0,3340,Balkai,UaaAHDMrzSadZEnUtc2TEjGP5jaJQ8MVcULtz1SL1H8OAy6lAHz7EQ2OJwbvBST0YkR0fPD9AeT4ZA,Smolder,901,True,0,0,0,2212,1449,102,0,1552,1045,275,0,1321,1055,0,2010,0,0,0,3340,Katinka4,5u1OuQR4vRKF7Wfn6FxxPnF4Pic4-FPSAvzJquGYzMPSFuMSEZoLeekzJDwtzrrqkKqmCIxy_uJFOQ,Alistar,12,True,0,1,0,1519,81,466,0,548,2059,682,0,2741,3865,1001,2055,2022,1029,0,3340,Mishkane,1gsc7OSxgYnmUSuUWi0Uv1o1UVU3ReC10hgLdJkVRsSLr8gOqpd0aroR2f1XwtiqABmI00FYlAgRZg,Garen,86,False,1,2,1,2235,3098,0,668,3767,2512,2223,0,4735,2031,1001,1042,1054,0,0,3340,EunucZ,64CttMm7WzAo4AkgAbHoI8OAqAhP11UQ2ZEsNj5qzLWxgBPw17-UcTNef18KROyjJjhdQqBlX1KKjw,Rumble,68,False,1,1,0,2772,149,733,108,991,3254,1647,40,4941,1101,1026,1052,0,0,0,3340,funsize42,91CoW5ADFv3aAvm07NBxCLDaoC0IEh6f4K5vBtbET_iRj75v47b2RHxbgCZSsKP-F_J--L1nDPS5mw,Talon,91,False,0,1,0,1460,1019,0,130,1149,993,1152,0,2146,1055,1036,0,0,0,0,3340,Fawxty,LmExtoQGbIWUFbkN9INT-yKYT4MepMT1Yzorx9_yg12ZFxwxDa-JDpdp_QFlLskqPsKMUmquHRweow,Jinx,222,False,1,0,0,2587,1618,89,0,1707,553,22,0,576,2003,1055,3006,1042,1036,0,3340,Aziona,S4h1TIsE91eqlW8lFCr-IF4JLykQM-g3WHTN_LCkc6I7V-nPof6nagwwLyPNwtuVdRDJmMvvxKtj3g,Nami,267,False,0,0,1,1697,676,943,0,1619,1401,618,0,2020,3865,4642,2055,0,0,0,3340
False,Twitch,29,20,14,17,NA1_4990251991,1243,ARAM,1714798760177,Balkai,UaaAHDMrzSadZEnUtc2TEjGP5jaJQ8MVcULtz1SL1H8OAy6lAHz7EQ2OJwbvBST0YkR0fPD9AeT4ZA,Twitch,29,False,20,14,17,17376,37117,2314,3986,43418,14338,15926,1359,31624,6672,3085,3031,6673,3091,3006,2052,actuallyapotato,59rYkD8T2UT6a4REJW3NuCgQ7dJr9FHUp4ukCMoHmqyHntBpaoS81CAuW5BhjahxEGHCBQl0DS5_tg,Mordekaiser,82,False,6,9,18,12460,3277,19204,128,22610,31638,24613,1110,57361,4633,3111,3083,3116,1031,1057,2052,Katinka4,5u1OuQR4vRKF7Wfn6FxxPnF4Pic4-FPSAvzJquGYzMPSFuMSEZoLeekzJDwtzrrqkKqmCIxy_uJFOQ,FiddleSticks,9,False,4,8,25,12343,405,20190,1142,21738,7188,16928,682,24798,3020,3145,3157,3118,3116,1028,3330,Shuckle,wNZrz_iRLQUVnyoil-jSSQ3ZZd7o-bTCyYIDgBqheYtREHcZd0astsVtTKvM5-ORRt5kh9rBdiFR4w,Seraphine,147,False,1,9,44,12491,1643,9763,338,11745,10399,13176,774,24350,6617,3107,3111,1031,6621,6620,2052,Montepremi,eHmHofAr3Lq2c55a8_huZdBnzvRWjeO0bn6wj2Vq1BHAgjUtOnRBrlnIXixAOgipl34UxJzcLPldQg,Kled,240,False,24,12,18,18324,42748,0,1398,44146,23846,26771,1176,51795,6698,6610,6692,3111,3053,3073,2052,honeymìlk,3QnfuT3w0OWW5EA5H04Sr54kAEbQifdU86GDtXM0X-ck6s_4PKIBG1B_5fFizyZ4VQ_4iMZapLCMlQ,Lissandra,127,True,13,9,24,15467,1512,31333,2243,35089,18450,11162,1302,30915,6657,3089,3020,3118,3137,0,0,QTBuzzKill,g5NazcKAc7ZU7lusMw7EHm3hh5O2sfbyBZb7zc8THiqobM8XdqWfTpz50Sh0_F6nXV6I75TAX2Belw,Yone,777,True,9,12,20,15215,16656,8570,2045,27273,19212,12995,3420,35628,1038,3087,3184,3111,6665,6333,0,SkuIIfanatic13,7sarN-rmpyj4nNKxEpaCXL3BTD2CPEYH0BfeIpi2wUhW0OUGtB9_JkUgadmUyRNOjtli4LOluSbZ3A,Viktor,112,True,8,12,21,13381,459,22238,0,22697,16049,4871,576,21498,3140,3157,3100,6655,0,3158,2052,Raventhor,gq675hFinnGvbXeJhEh-e2oZ4C4hwHL2Q0zq88tEU4NPKM-ud1UvqixwARHshWTyleg8qDLR3pKPkQ,Xayah,498,True,17,12,17,16849,50773,0,0,50773,19305,8509,643,28458,3006,6672,6675,3036,6673,6670,2052,bibo pls,dnGhbKTuqmS-4LiobsMN8Wt3GmaNBaO6vTtpKZI_GbE90GOgWhxxAZKzyWPGJ286dglhTX-9I0Jwvw,Heimerdinger,74,True,5,11,31,13680,906,35273,814,36994,18959,13933,1174,34066,3916,6653,3020,3116,3118,4630,2052
False,Veigar,45,5,9,15,NA1_4990237864,806,ARAM,1714797745432,Balkai,UaaAHDMrzSadZEnUtc2TEjGP5jaJQ8MVcULtz1SL1H8OAy6lAHz7EQ2OJwbvBST0YkR0fPD9AeT4ZA,Veigar,45,False,5,9,15,8522,309,11822,252,12385,3709,13926,482,18119,6653,2031,3040,0,3020,0,2052,actuallyapotato,59rYkD8T2UT6a4REJW3NuCgQ7dJr9FHUp4ukCMoHmqyHntBpaoS81CAuW5BhjahxEGHCBQl0DS5_tg,Urgot,6,False,5,8,14,9811,8840,0,366,9207,11732,13516,668,25917,3084,2031,1031,3111,1057,3748,2052,Katinka4,5u1OuQR4vRKF7Wfn6FxxPnF4Pic4-FPSAvzJquGYzMPSFuMSEZoLeekzJDwtzrrqkKqmCIxy_uJFOQ,Udyr,77,False,3,9,10,8132,6303,52,0,6356,9181,11855,832,21869,3111,2051,1028,6610,1057,3066,2052,Shuckle,wNZrz_iRLQUVnyoil-jSSQ3ZZd7o-bTCyYIDgBqheYtREHcZd0astsVtTKvM5-ORRt5kh9rBdiFR4w,Vex,711,False,2,8,13,8042,841,11082,58,11982,2440,12202,601,15244,4629,3158,6653,1052,1052,0,2052,Montepremi,eHmHofAr3Lq2c55a8_huZdBnzvRWjeO0bn6wj2Vq1BHAgjUtOnRBrlnIXixAOgipl34UxJzcLPldQg,Vi,254,False,8,8,6,10402,12369,0,35,12404,9151,8613,2056,19821,6610,6333,3111,6692,0,0,2052,BigBirdSpinBar,locJms8qwNSRsFVpIKWD-0E2cxEQsJz4p_ta6m8qBVAV71VphhFt2kwardCbtPMAIMAw58rtuFEQzw,Hwei,910,True,11,3,28,10718,800,23010,588,24399,5909,3010,122,9042,2031,3145,1058,6653,6655,3020,2052,Young Lettuce,RdvoZfLOsnE12Mw6-k4cYPbuy1xW7S5eyuXslcJ7V6PpuNaCmFEG-CyhTE-LBHplt9Z-1tcOsBtzIg,Chogath,31,True,9,6,21,10010,1159,11773,2371,15304,7883,8810,339,17033,2051,4629,3118,3158,3066,1028,2052,DieDieDie,Y7yciZdzJzWmnYRzu9-4gNVl0dtv0oBpIItotqEMWMBeHzwv5uIFVeW25UlJq3P8MXguiWKrK7gogA,Kindred,203,True,13,4,17,12083,28088,3232,0,31320,6657,3345,162,10165,3006,6672,6676,3031,1042,0,2052,Deluxe,BG_tUUgXPoa1-pEygfXFcKZTbvpfjYovZEdlCZii7mTT2pWabrPZDnfn0RrZaRYW2EeSUyCxDW60qA,Annie,1,True,8,7,23,9536,836,17572,875,19284,8398,3573,21,11992,3118,6653,3020,1026,1011,0,2052,Bat Gourmet,FCiu0hS5M27Ts366r6MmBi5CycLmDEwN6rtiHxSlXGcfmZBgAnHwmo2Kz0r7IyGzinDslmZ_jo8_mg,Blitzcrank,53,True,1,4,23,8082,2114,4525,806,7446,10840,4218,67,15126,3190,3222,2051,3111,3070,0,2052
True,Lucian,236,11,13,35,NA1_4990211059,1495,ARAM,1714796107235,Balkai,UaaAHDMrzSadZEnUtc2TEjGP5jaJQ8MVcULtz1SL1H8OAy6lAHz7EQ2OJwbvBST0YkR0fPD9AeT4ZA,Lucian,236,True,11,13,35,18501,44159,4984,0,49144,24165,10577,1015,35758,6672,3158,6675,6673,3094,3072,2052,actuallyapotato,59rYkD8T2UT6a4REJW3NuCgQ7dJr9FHUp4ukCMoHmqyHntBpaoS81CAuW5BhjahxEGHCBQl0DS5_tg,Lillia,876,True,17,13,32,18728,805,31472,8773,41050,41435,13967,3023,58426,4629,3158,6653,4633,6665,2502,2052,Katinka4,5u1OuQR4vRKF7Wfn6FxxPnF4Pic4-FPSAvzJquGYzMPSFuMSEZoLeekzJDwtzrrqkKqmCIxy_uJFOQ,Ahri,103,True,16,13,28,17405,2652,24343,13355,40352,18802,16402,1936,37142,3020,6655,3157,3118,3089,6653,2052,Shuckle,wNZrz_iRLQUVnyoil-jSSQ3ZZd7o-bTCyYIDgBqheYtREHcZd0astsVtTKvM5-ORRt5kh9rBdiFR4w,Veigar,45,True,9,13,44,16459,1657,19533,246,21437,39094,16347,3215,58657,3190,6665,3083,3158,6653,1031,2052,Montepremi,eHmHofAr3Lq2c55a8_huZdBnzvRWjeO0bn6wj2Vq1BHAgjUtOnRBrlnIXixAOgipl34UxJzcLPldQg,Sett,875,True,17,13,31,18911,33641,0,12347,45989,39908,21286,2922,64117,6631,3053,3047,6610,2504,6662,2052,chris adges,TAxkGGvqGyTfTeGRxCMAxvT8aFTWVdLPqr7GEBkgujkBJ5M0I-N9ebwrd1fLaITxnjbGmaq6lyWmhA,Kled,240,False,17,18,28,20636,63287,0,3609,66896,31657,19092,6062,56813,126697,3111,6698,3814,3033,6701,2052,Greedy Duke,c50hVyH9ez9vMddpYJSevgU7jKaUJWyQ6rtvykWlY1Rkglv5pBxlAIr0EzoUl7ufrQwcQPNw48t7PA,Blitzcrank,53,False,0,8,25,13556,4724,15257,940,20921,20404,13942,10609,44956,3121,3190,2504,3083,3111,3108,2052,jinxmyloveQAQ,gmvn1GzpH56Gw3MVcYnyCfIQA6Fcnt8tHU6AmVbMzpsv6aK5uucfulwD9Fiz0ceG_eYqtm_C8JEdaw,Zoe,142,False,14,11,28,16556,2182,41573,5850,49606,10089,12379,5040,27509,4645,3020,6655,3089,3100,4630,2052,babyQAQ,N0i8TIU1R7m7LX-mZXYnwyMiSlEHqkp7hRyaMWMBtZQyvirm2U3tnwUf45N_1lHd4YvVsY50R-1wPA,JarvanIV,59,False,14,19,30,17292,48415,1917,1585,51918,18358,15380,6191,39930,6698,6696,6692,126697,6695,3035,2052,PeninsulaLunbox,ZFi0u_OXYoidbwhj53EKTrlR9-TUUSydKqdz3TcLCl_a75hO2IURih0kuyiBuTQMkjWXCa5p9GuTJg,Leblanc,7,False,19,14,29,18019,25834,19833,130,45798,14038,19538,6818,40395,3087,3158,3094,3095,6699,3078,2052
True,JarvanIV,59,8,9,34,NA1_4990195754,822,ARAM,1714795015038,osuzume,fceYIiV0fl9KK0yEbCWeyJ5IEdRgo2hmX4HQaMYdTE5zYi4CJf8Ejt3pIwQNpbCkmy5GDxHslfFpWw,Morgana,25,False,7,7,16,9657,935,17407,990,19332,10897,6190,0,17087,6653,3040,2031,3020,3165,0,2052,Ringuoti,3eScQKTkP6giM4big3CjUa2bK1-wNuNVcBXJegtR7elwGzZeukpUGhsfGOg0mdapm5y4dHKaI8aMtA,Senna,235,False,7,7,12,10966,21439,69,0,21508,8165,6833,440,15439,6672,3006,3094,1036,3031,0,2052,brebie12,EEJnuS9DvbfCFicus4-hRZ5AzW2ze2Xxr3adrvtG-oVraFrN_PXvwI-M9cb19JXRmGDcn-d_O18Y-A,Azir,268,False,5,7,10,8985,584,18688,416,19688,10142,4675,0,14818,3115,3020,6653,3145,0,0,0,QeemGod,FGUln1NPcZatedfTzr8f3OQVW4cWpqOVHTevFDm21GdEoXpZipNz-lKmAQb4vwogDQL1LgzCAyx9ew,Rell,526,False,0,15,19,7138,2400,4184,628,7213,24410,9964,305,34679,2051,3084,3111,1031,1057,0,2052,Doju,--wCnTrN2_CQd6-P-88afsuOFNN4muInaBr1OwFdlwGO5UmG_SFvMhpOGKsueIO35lMKhqnICxvPgQ,Yasuo,157,False,8,10,6,9669,11984,1437,185,13606,12063,2901,135,15099,6672,3031,1053,0,0,3006,2052,Balkai,UaaAHDMrzSadZEnUtc2TEjGP5jaJQ8MVcULtz1SL1H8OAy6lAHz7EQ2OJwbvBST0YkR0fPD9AeT4ZA,JarvanIV,59,True,8,9,34,11001,16241,667,420,17328,12747,11279,776,24803,6610,3047,3053,3161,0,0,2052,actuallyapotato,59rYkD8T2UT6a4REJW3NuCgQ7dJr9FHUp4ukCMoHmqyHntBpaoS81CAuW5BhjahxEGHCBQl0DS5_tg,Vladimir,8,True,7,4,24,9864,826,14707,0,15533,11932,8137,154,20224,3112,4629,3020,1052,1052,3152,2052,Katinka4,5u1OuQR4vRKF7Wfn6FxxPnF4Pic4-FPSAvzJquGYzMPSFuMSEZoLeekzJDwtzrrqkKqmCIxy_uJFOQ,Kaisa,145,True,8,5,26,11528,14904,4858,0,19763,6808,6429,395,13632,3006,3184,6675,6672,0,6670,2052,Shuckle,wNZrz_iRLQUVnyoil-jSSQ3ZZd7o-bTCyYIDgBqheYtREHcZd0astsVtTKvM5-ORRt5kh9rBdiFR4w,Varus,110,True,21,5,20,13334,25133,2746,0,27880,5278,5469,293,11042,3042,6701,3158,3814,3035,2022,2052,XiAoZhi,mk52qZP4qmKCZRRXFKAMTfpq5VPkkPvLoDB7R-qEYcS5ZUcXSVpjGF-nqKRWmCPHha8Yc8tDyLX4KA,Rakan,497,True,2,4,39,9844,2710,7585,460,10756,12653,10471,599,23724,3190,1001,3050,2051,3113,4642,2052
True,Syndra,134,3,9,23,NA1_4990168650,1008,ARAM,1714793789371,Balkai,UaaAHDMrzSadZEnUtc2TEjGP5jaJQ8MVcULtz1SL1H8OAy6lAHz7EQ2OJwbvBST0YkR0fPD9AeT4ZA,Syndra,134,True,3,9,23,10270,686,18360,1315,20362,5417,12181,492,18091,6655,4645,3020,3165,0,0,2052,actuallyapotato,59rYkD8T2UT6a4REJW3NuCgQ7dJr9FHUp4ukCMoHmqyHntBpaoS81CAuW5BhjahxEGHCBQl0DS5_tg,Urgot,6,True,12,9,19,13484,19066,0,2219,21285,14561,17535,650,32746,2051,2031,3047,3053,3083,3748,2052,Katinka4,5u1OuQR4vRKF7Wfn6FxxPnF4Pic4-FPSAvzJquGYzMPSFuMSEZoLeekzJDwtzrrqkKqmCIxy_uJFOQ,KogMaw,96,True,14,8,20,14868,18524,9842,3143,31510,9070,11386,392,20849,1057,6672,3153,3111,3124,3123,2052,Shuckle,wNZrz_iRLQUVnyoil-jSSQ3ZZd7o-bTCyYIDgBqheYtREHcZd0astsVtTKvM5-ORRt5kh9rBdiFR4w,Amumu,32,True,5,6,24,10777,966,11749,898,13615,12367,16102,800,29270,2051,3047,0,3075,3083,0,2052,Montepremi,eHmHofAr3Lq2c55a8_huZdBnzvRWjeO0bn6wj2Vq1BHAgjUtOnRBrlnIXixAOgipl34UxJzcLPldQg,Leona,89,True,3,5,29,10994,2388,11104,384,13877,9966,13986,506,24459,3121,2502,3047,6664,1029,0,2052,ArIong,gUBMYR0SpLpfga1lbH9YTHmqqzGXO0S-aNLAfTmatkI8VSu4pmIRYQGffmQ35NiczaurbuEwgAa-FA,Smolder,901,False,5,6,20,11534,19538,4674,0,24213,8533,9733,951,19218,3158,3508,3161,1036,6653,1036,0,Xavenwn,I_ipQ-7afReFfFoORrYt2RhgNP-H_6dd4gyFM8Lz_UOf0Jxl_N-7Wrt5qH8ccye8j4YtkBPx41phGA,Aatrox,266,False,11,7,16,11263,19720,3386,570,23676,12511,14381,2262,29155,3047,3814,6698,6333,0,0,2052,iSavory,t1sTU5G_JzJqC8dcphawUx1wNEClf_-LfrOY4GKgqF2wMwd5yv8uEIknue3RGseduGVNBr_TboHS4w,Soraka,16,False,3,4,28,10097,523,9758,0,10282,6377,4435,1068,11881,6617,3070,6657,3083,1052,3158,2052,exsxg,8nWYpoftX-D1QUMmvCcY-AQ-ETcZlkwnAdCZ-ssPTECCMNMWJPlPes-xqm8WM0789EXobEkHVGiwTg,Ekko,245,False,9,12,15,11458,2026,23498,881,26406,16889,11505,1870,30266,3020,3152,4645,3100,4630,0,0,XiAoZhi,mk52qZP4qmKCZRRXFKAMTfpq5VPkkPvLoDB7R-qEYcS5ZUcXSVpjGF-nqKRWmCPHha8Yc8tDyLX4KA,Nidalee,76,False,9,9,23,11434,573,29873,1177,31624,10365,11000,1596,22962,3070,3112,6655,4628,3020,6653,2052
True,Smolder,901,8,9,16,NA1_4988787679,1169,ARAM,1714625219847,Destroyer of Tur,lBcYTqNMG3OZlKWQQdZkygbHhdZcW2qsOkEDlr1fqAcTOP40cBetiyFz6wVrbbZC-gy-t1AJfv5UVg,Naafiri,950,False,4,13,13,11743,19223,0,812,20036,16760,11763,2423,30947,6692,6676,3158,6694,3155,0,2052,booty slapper,dewLQqVMxrJRPMGf1hU70pt54qRPhaX6Mny87CKFgNlFSCZxLDz1w6hFH0wpbWjhUU68zs6Q_xkHnw,Xerath,101,False,11,5,16,13017,812,30856,1016,32684,8238,6711,3626,18576,3040,6653,3020,3137,3916,1058,2052,xKurayami,u3EUh7KwbTqVIvwMxhLkbCNeeyIEAzlzDuKjnYyQflh_YiUscaNp7hV-DiBIcnI82Ox43jJMwxOZrw,Khazix,121,False,4,12,18,11915,25261,786,643,26691,17462,8490,1331,27284,6698,3158,6694,3070,1036,6692,2052,Toxic James,1Tpb9IORMZtxrVAy76ZxROq4thoT3EmxJqs9zbk-_21Xna4CL2FcKpL-Mb54BcJ1rvI2eI0xcha_Kw,Syndra,134,False,14,9,11,14592,100,42528,3295,45925,10016,6613,1489,18119,6655,3020,4645,3137,1058,1058,2052,xDarkFlower,6tbCa9xbpHd2Sj2pDZ5wB93FRlLmEYi1GFEviH9IwZl6pzSOoHt_HR9SI9wkXUxaj9raR8RREDjLFQ,Nami,267,False,2,8,21,10765,195,9135,862,10193,9519,6928,1588,18036,3107,3070,4642,6616,3158,6617,2052,Balkai,UaaAHDMrzSadZEnUtc2TEjGP5jaJQ8MVcULtz1SL1H8OAy6lAHz7EQ2OJwbvBST0YkR0fPD9AeT4ZA,Smolder,901,True,8,9,16,13075,14373,2147,0,16521,9892,11949,875,22717,3508,1018,6675,3094,1053,3158,2052,actuallyapotato,59rYkD8T2UT6a4REJW3NuCgQ7dJr9FHUp4ukCMoHmqyHntBpaoS81CAuW5BhjahxEGHCBQl0DS5_tg,Thresh,412,True,3,4,30,12214,1146,13102,1115,15364,18785,22881,2389,44056,2051,3111,3083,4401,0,2031,2052,Katinka4,5u1OuQR4vRKF7Wfn6FxxPnF4Pic4-FPSAvzJquGYzMPSFuMSEZoLeekzJDwtzrrqkKqmCIxy_uJFOQ,Darius,122,True,13,5,18,14859,22449,0,4645,27094,16224,19363,1135,36723,3111,6610,6631,1057,1028,0,2052,Shuckle,wNZrz_iRLQUVnyoil-jSSQ3ZZd7o-bTCyYIDgBqheYtREHcZd0astsVtTKvM5-ORRt5kh9rBdiFR4w,Orianna,61,True,6,8,33,13556,769,23199,0,23969,7905,13879,1144,22929,2031,3040,3020,6653,3089,1058,2052,Montepremi,eHmHofAr3Lq2c55a8_huZdBnzvRWjeO0bn6wj2Vq1BHAgjUtOnRBrlnIXixAOgipl34UxJzcLPldQg,Vayne,67,True,17,10,11,14845,16865,2056,4699,23620,8723,15233,1085,25042,3006,3153,3124,3302,1057,1043,2052
False,Lissandra,127,11,15,35,NA1_4988766360,1385,ARAM,1714623611636,Balkai,UaaAHDMrzSadZEnUtc2TEjGP5jaJQ8MVcULtz1SL1H8OAy6lAHz7EQ2OJwbvBST0YkR0fPD9AeT4ZA,Lissandra,127,False,11,15,35,14704,824,27965,2244,31034,15732,17228,2523,35484,3118,3157,3102,3137,1058,3020,2052,actuallyapotato,59rYkD8T2UT6a4REJW3NuCgQ7dJr9FHUp4ukCMoHmqyHntBpaoS81CAuW5BhjahxEGHCBQl0DS5_tg,Xerath,101,False,14,11,40,16092,794,64706,983,66485,10865,18525,692,30082,6655,3020,6653,3135,3089,3108,2052,Katinka4,5u1OuQR4vRKF7Wfn6FxxPnF4Pic4-FPSAvzJquGYzMPSFuMSEZoLeekzJDwtzrrqkKqmCIxy_uJFOQ,MissFortune,21,False,17,13,30,18220,39793,1310,2660,43764,19112,14027,1255,34395,3006,6676,3072,3031,3036,3156,2052,Shuckle,wNZrz_iRLQUVnyoil-jSSQ3ZZd7o-bTCyYIDgBqheYtREHcZd0astsVtTKvM5-ORRt5kh9rBdiFR4w,Malphite,54,False,8,12,32,13781,5805,16074,868,22749,27848,21614,4204,53668,8001,3110,3083,3047,6665,0,2052,Montepremi,eHmHofAr3Lq2c55a8_huZdBnzvRWjeO0bn6wj2Vq1BHAgjUtOnRBrlnIXixAOgipl34UxJzcLPldQg,Varus,110,False,13,11,19,17111,23700,12823,315,36839,17484,11075,1911,30472,2421,3006,3124,3302,3091,3153,2052,reuku,wK7GuN73-ihXs8Hk4j3PFjs7CDTedSuQ6whzJsMTJ8CHzH7miXK8hvzvLVckLuI7Gy1dbgkETslERQ,Quinn,133,True,6,14,23,15069,29673,111,0,29784,10851,20824,849,32525,6672,3111,3072,3036,3031,0,2052,BladeCrazy,XohxrfdmuQd-wkwiuy-HT1uY0BObG3KHdGGG-zn_IZDqFIq2DuBvE2G6CKOSLL3c7s-qH6vmtDaUeg,Syndra,134,True,21,11,23,19036,344,57970,5680,63995,5181,20685,887,26753,6655,3137,4646,3020,3089,3102,2052,ADCAndHisFriends,FwkqATgIkxHxEMdQ8DrJbaZONbT62zfw8PSPOxyUICl5VWKeAa_pEACr_edV4ynZsKhYCnD7kMKqzg,TahmKench,223,True,6,8,25,14749,2248,18232,1902,22384,33274,40576,1447,75297,2051,8001,3068,3020,3110,3065,2052,YuumiToT,GkWyHSgAb0KviE9ONdNqbblJpRZEixfsn3lfJtvcjXXFulW-Q5ofkexacgVcIIxetd-A705jVo4qsA,Viego,234,True,13,15,20,16331,27220,3031,1863,32116,19061,18448,2054,39564,6676,6698,3111,6610,6694,3155,2052,NotReallyMeKotIF,2vK-EqeRsZFHthcaWNWEKaqDKlS2DHNr2Jb-ncBiog4jF5Q0EbyltIlUTZZ0Sx71bhEpU_VjnYJK1w,JarvanIV,59,True,16,15,29,18190,25402,3126,1140,29668,20646,22346,3858,46851,6610,3161,3111,6692,6333,3155,2052
True,Zyra,143,8,12,17,NA1_4988750894,1318,ARAM,1714622129758,Solo Sekai,OSJ8vFD2e8Ujz8wzA2LoMnnHUDV8MOUj2hFDYkDSyQQFPBRPcJQsqSXtlWzH74u6QuGunGj2NwSwYQ,Bard,432,False,7,5,24,15937,22915,9385,955,33257,12516,11097,848,24462,6672,3031,3094,3006,3087,0,0,Sabreclaw8,H2vfHin4nk3yeAJM-JUps_T0ABCRlrMgBE46BXrtOOap65xI1eXvV19S3Dt0FZ9Dc3jdhjZ-Yjv_bA,Shaco,35,False,7,8,29,14686,735,36061,4659,41456,13543,8277,662,22483,6655,3118,3020,6653,3916,3116,0,Wälly,QUhHGATSlfCbg_TRIRjxoo4J9OXJ4xJTE2ybveN-eHHAVbCqZbvdT90DeknsEdpTMJBhimBCYBhXvg,Syndra,134,False,8,11,23,14679,560,33892,2657,37111,14563,7735,890,23189,3157,0,4645,3020,3137,6655,2052,TZL,UQNqFMkoQv5__pzyAn_zLRDhh8-rpvs6OfrAtKkGzJwl7-BByTJzXF1eW5D2mpocw6AntnU75czNnQ,MasterYi,11,False,13,10,10,15038,18047,113,7388,25549,16073,8776,3632,28483,6676,3153,3111,6672,6333,0,2052,The Schmutatoe,S2m7qC8gRvEjbAZvgAgWdwwcVwZ2rYlaB4BtgLmf1wYJ52wM1yXhGPZBjZliif1oKvxC3JaIxW5KIA,Jax,24,False,13,15,14,15539,19530,12119,2030,33680,25265,13433,1144,39843,3089,4646,3135,3020,0,0,2052,Balkai,UaaAHDMrzSadZEnUtc2TEjGP5jaJQ8MVcULtz1SL1H8OAy6lAHz7EQ2OJwbvBST0YkR0fPD9AeT4ZA,Zyra,143,True,8,12,17,14001,673,24418,1981,27073,7002,19315,1540,27858,3118,6653,3020,3116,3137,1058,2052,actuallyapotato,59rYkD8T2UT6a4REJW3NuCgQ7dJr9FHUp4ukCMoHmqyHntBpaoS81CAuW5BhjahxEGHCBQl0DS5_tg,Aphelios,523,True,10,9,22,18077,36295,1946,680,38922,10600,16682,2099,29382,3184,3006,3095,3031,3072,3036,2052,Katinka4,5u1OuQR4vRKF7Wfn6FxxPnF4Pic4-FPSAvzJquGYzMPSFuMSEZoLeekzJDwtzrrqkKqmCIxy_uJFOQ,Amumu,32,True,3,11,29,12961,2237,12359,5393,19989,24314,16722,7858,48895,3111,6665,2502,2504,0,0,2052,Shuckle,wNZrz_iRLQUVnyoil-jSSQ3ZZd7o-bTCyYIDgBqheYtREHcZd0astsVtTKvM5-ORRt5kh9rBdiFR4w,Renata,888,True,5,6,29,13875,1245,3153,573,4972,6483,16839,1891,25214,3190,3107,3083,4005,3158,0,2052,Montepremi,eHmHofAr3Lq2c55a8_huZdBnzvRWjeO0bn6wj2Vq1BHAgjUtOnRBrlnIXixAOgipl34UxJzcLPldQg,Viego,234,True,23,10,10,18669,25203,6756,6957,38916,19263,21326,13073,53663,6610,3047,3153,3091,6333,1037,2052
True,Garen,86,8,14,23,NA1_4988720558,1266,ARAM,1714620602748,Balkai,UaaAHDMrzSadZEnUtc2TEjGP5jaJQ8MVcULtz1SL1H8OAy6lAHz7EQ2OJwbvBST0YkR0fPD9AeT4ZA,Garen,86,True,8,14,23,13402,15236,164,5383,20783,24084,15258,3511,42854,6631,3071,3742,1057,0,3111,2052,actuallyapotato,59rYkD8T2UT6a4REJW3NuCgQ7dJr9FHUp4ukCMoHmqyHntBpaoS81CAuW5BhjahxEGHCBQl0DS5_tg,Lillia,876,True,18,8,22,15503,665,46769,11236,58671,24225,15166,728,40120,4633,3020,6653,4629,3137,0,2052,Katinka4,5u1OuQR4vRKF7Wfn6FxxPnF4Pic4-FPSAvzJquGYzMPSFuMSEZoLeekzJDwtzrrqkKqmCIxy_uJFOQ,Belveth,200,True,12,9,24,15352,15004,4011,5231,24247,17744,11036,7202,35984,3111,3184,3155,3153,3078,6333,2052,Shuckle,wNZrz_iRLQUVnyoil-jSSQ3ZZd7o-bTCyYIDgBqheYtREHcZd0astsVtTKvM5-ORRt5kh9rBdiFR4w,Milio,902,True,1,7,45,12638,1542,8225,383,10151,9545,8846,2122,20514,6617,3107,3109,3158,1029,3067,2052,Montepremi,eHmHofAr3Lq2c55a8_huZdBnzvRWjeO0bn6wj2Vq1BHAgjUtOnRBrlnIXixAOgipl34UxJzcLPldQg,Tristana,18,True,9,7,27,17137,36073,2610,0,38684,12664,5956,448,19069,3140,3006,6675,3036,3153,6672,2052,,VCf94u5M91NmYDf0ST_ZQ7taS9DAbrBFBH-JlCCeiz8eZpYFztVokQMLQm48DA7YTIAvoMTOIZcnmw,Skarner,72,False,8,11,29,14146,14772,10541,1728,27043,23488,13628,3693,40810,3068,3075,3121,3047,6665,3211,2052,NightingaleXLord,QBWHm85zE0kJuYsDX5KUi24ADd5XxMzcpJIKFRHue5Ry_arn-2fFcNIJ_qqqSf-YOxAiphTw61kt5Q,JarvanIV,59,False,5,11,34,13043,22123,1635,1158,24917,12275,7873,3629,23778,6698,6696,3158,126697,3134,1018,2052,Armed and Ready,CdIR-v5YbSTOwCa7gGTA4IOMosLsKQOivP58YoWUK-oCalQt519nxdGSj7TDW8H9CHjzzenejR1jrQ,Kalista,429,False,12,9,23,16622,32934,2224,404,35564,7868,8746,3954,20568,3006,126697,6676,6701,6694,3072,2052,SupremeSénpai,2kqcgNNtppqpMDHo6zdAwZvojmdeG0OImH5JytFtx2uM3F0PFnjxuxmPN0HDnTbp_cmawTFh0AiBoA,Chogath,31,False,9,10,25,13560,5138,14068,7697,26904,27038,22996,9021,59056,3084,3047,3075,3110,2504,6660,2052,,9wcqAscPeZU3GSW5vf8O3EcfOvh3eDbHYx8GjhWG7BRQRwuPFXjLQwdVYrQED1wouR-fzmzTGHnw4g,Anivia,34,False,10,7,17,14209,1594,27795,2471,31861,11517,8536,1935,21989,3040,3118,3157,4645,3020,1052,2052
True,Malphite,54,5,10,31,NA1_4988694391,1330,ARAM,1714619127705,The Wrangler,NKlIfdLIsl48_O5lUmQyQH1WgO_TC-LsoCObo3hKEf1CNuDfdKni_UAHhbG2o7Lbgo27jjT5N_aWcg,Annie,1,False,10,13,27,14687,1140,37520,2355,41016,19892,10814,1730,32437,3020,3135,6653,3118,3116,1058,0,ypkqpzrs,BvZ7gzvv_ucCLvFjcafmlIQyo3e3HPqD77_vtTpdIAkUo75JOpTPHYZNh20RB_43TCuqbSM0qI0hXg,Orianna,61,False,6,12,24,13658,949,26955,696,28601,18622,10075,1955,30653,3158,3040,6653,3137,3089,0,2052,Tristanl0l,QMx6jK6ZsK2ITmGgXgWjnmllF6WgPi-qnAK1L6JO6IXO-MnZXGjYNQDVsP7KpCufacpK4o5y-jUc1A,Sivir,15,False,15,11,22,17604,53067,1867,0,54935,18603,14958,1038,34600,6672,3006,6675,3153,3036,1053,2052,Gottahaveitgreem,_qcDGbG8sDdVnm9i_fRXHeyHXkbIiIFPUKEKcziwn9hwtFjDrftcRv2xHizZqS2ZLZvIuuh8f-UZ9w,Ahri,103,False,11,13,27,15082,1542,25115,13374,40032,20245,12397,1181,33824,3118,3089,3157,3137,3020,3916,0,Catjg,VB6aTiNST9daQrZ-f03x2YDYeukxYiRS7tdl9vQ2Ziyf8Zmz0VlLmyTr2Oa9BDRaSpP-JstaxgvvUw,Azir,268,False,12,12,21,16297,2083,34589,0,36672,19870,10063,482,30415,6653,3115,3020,3100,3135,1058,2052,Balkai,UaaAHDMrzSadZEnUtc2TEjGP5jaJQ8MVcULtz1SL1H8OAy6lAHz7EQ2OJwbvBST0YkR0fPD9AeT4ZA,Malphite,54,True,5,10,31,13731,5638,13840,1755,21234,27068,24985,4736,56790,6665,3075,3083,3111,2504,0,2052,actuallyapotato,59rYkD8T2UT6a4REJW3NuCgQ7dJr9FHUp4ukCMoHmqyHntBpaoS81CAuW5BhjahxEGHCBQl0DS5_tg,Smolder,901,True,11,10,24,16887,25105,6289,1905,33300,5976,22453,3044,31474,3094,3111,3508,6675,3072,1036,2052,Katinka4,5u1OuQR4vRKF7Wfn6FxxPnF4Pic4-FPSAvzJquGYzMPSFuMSEZoLeekzJDwtzrrqkKqmCIxy_uJFOQ,MissFortune,21,True,11,11,29,15642,17526,2326,1182,21035,10355,15795,1594,27745,3111,3814,3142,6676,3072,3155,2052,Shuckle,wNZrz_iRLQUVnyoil-jSSQ3ZZd7o-bTCyYIDgBqheYtREHcZd0astsVtTKvM5-ORRt5kh9rBdiFR4w,Brand,63,True,13,11,25,15320,329,35851,0,36181,8964,28029,2210,39204,3113,6653,3020,3116,3083,3137,0,Montepremi,eHmHofAr3Lq2c55a8_huZdBnzvRWjeO0bn6wj2Vq1BHAgjUtOnRBrlnIXixAOgipl34UxJzcLPldQg,Kled,240,True,21,12,28,18445,38528,0,1545,40073,28578,34785,4838,68202,3748,6610,3111,2504,6692,3156,2052
True,Malzahar,90,4,6,16,NA1_4988681423,789,ARAM,1714618200039,Balkai,UaaAHDMrzSadZEnUtc2TEjGP5jaJQ8MVcULtz1SL1H8OAy6lAHz7EQ2OJwbvBST0YkR0fPD9AeT4ZA,Malzahar,90,True,4,6,16,8792,126,12236,502,12864,6518,4507,856,11883,3118,1026,6653,1011,0,3020,2052,actuallyapotato,59rYkD8T2UT6a4REJW3NuCgQ7dJr9FHUp4ukCMoHmqyHntBpaoS81CAuW5BhjahxEGHCBQl0DS5_tg,Zed,238,True,12,4,12,10754,16655,575,445,17675,6418,3891,137,10447,3177,3111,6692,6696,1036,2031,2052,Katinka4,5u1OuQR4vRKF7Wfn6FxxPnF4Pic4-FPSAvzJquGYzMPSFuMSEZoLeekzJDwtzrrqkKqmCIxy_uJFOQ,Nocturne,56,True,10,5,10,10028,10979,636,895,12512,10168,4279,1378,15827,3111,0,3074,3073,3184,0,0,Shuckle,wNZrz_iRLQUVnyoil-jSSQ3ZZd7o-bTCyYIDgBqheYtREHcZd0astsVtTKvM5-ORRt5kh9rBdiFR4w,TahmKench,223,True,4,3,21,9070,1888,10787,65,12741,16129,9681,1541,27352,2502,1001,2031,2051,6665,1029,2052,Montepremi,eHmHofAr3Lq2c55a8_huZdBnzvRWjeO0bn6wj2Vq1BHAgjUtOnRBrlnIXixAOgipl34UxJzcLPldQg,Azir,268,True,4,5,16,9157,482,11744,0,12227,6638,3429,482,10551,2420,3020,4645,3115,0,0,2052,RondaMiao,N__kfY5-JT2JRE6DRQGN8rIzebLTBi6Xh3DyLG8Sf_wQwXKGMr2MRExAsvyT2avwea3nTs5W8Gc_6w,Yasuo,157,False,0,9,6,7580,9829,1084,445,11358,6437,9566,465,16470,3153,3006,6672,0,0,0,0,Bamsae,DZOzVU3WlEIxh42L910q0P6rSW4pEjSgQh_qFmNfvhh34Z8TGR-tQBS3BDkihhMi89kjGpSw5waKFg,Gangplank,41,False,7,7,9,9839,13517,1205,2710,17432,8306,6944,434,15685,3508,2031,3158,6675,3035,1018,2052,TroiMua,bCl3KQ_NVtsKZwCzSR03BUU6aXufTF0bcVHUcqqAxLDbgxRqMBQKzGv3l6ifkYhacVrl70aFjWWqOg,Annie,1,False,9,7,7,10066,682,14345,806,15834,6251,7134,438,13825,3118,6653,3116,0,0,3020,2052,xxDevistation,nsFNCTrGIq07EwPDLdfv2ZJ_OCDKNUu34ZI_CwY9en94vIkh_HLVhSY2R3pItCX4Eru0m86_t41EJg,Smolder,901,False,6,7,10,9882,16243,4056,435,20736,7142,7764,152,15059,3508,3158,2031,3161,2015,1036,2052,Epic Pajunen,pC812f3L3cqt3yiYb-vJUoSx0HwI77mYNLAlhIre64n4kWaIE-n7fThfFuNQ6j_Nm4B3_ra_bsfyEA,Nami,267,False,0,4,17,7252,515,5098,0,5614,3928,4570,417,8915,3158,4005,3070,6617,1052,0,0
False,Velkoz,161,8,9,25,NA1_4987143909,1276,ARAM,1714449157228,HODLHODLHODLHODL,cfTHO3uvq3ogcDvnLAFGJnsHkjLpcMPRBaoAlGIWHkUOU6vK4eci3yP_6rMt2ETP9ZCO9Q45OgqLcQ,Teemo,17,True,13,11,25,16062,3575,37284,2418,43278,18723,10843,99,29666,6653,3118,3158,4629,3089,4630,2052,AsstroIogistMona,al3I0_xz_Gs6JRezgUmOq4SV8-B9YhnaZ0av0kH06HnnWRADNMz357GqxH6E0Fs8xB0dT_m7vkvOhw,Caitlyn,51,True,6,11,19,13626,33200,2410,0,35611,14785,11920,1251,27957,6672,3006,3031,3094,1053,1018,0,Niesha,InpfODmqhKs8KVU1GpPU_zgwXTFu35UxiVFqtCY3-t0IX8RcitG2mtZO0BP0QuKRXUA_5VEH_tle7w,Milio,902,True,5,4,40,13917,990,12312,0,13302,6619,9881,238,16739,3222,3040,3504,3158,3916,6617,0,ez mac,WRTLoCDVweZzusqrEig5VGkO4k44TMkRsvG25x0j6Wud6KCn1aZWl_6EyG3xB9BQJ073NSZQQSKz1Q,Tryndamere,23,True,18,11,15,16967,37485,1214,730,39429,18423,17319,3306,39049,6672,3006,6675,3046,3153,3051,2052,CLG Pobelter,W4vjhmmTtSBfelBhsatYzj9eAmNfcwQbvWIUHdRIgGAKN2SuLpJEvwWcD2Bp4E3SayBNyXeFpS-hMg,Sion,14,True,9,10,17,14487,7682,4520,895,13097,39203,19197,4362,62763,3084,3075,3111,3110,6664,3082,2052,Balkai,UaaAHDMrzSadZEnUtc2TEjGP5jaJQ8MVcULtz1SL1H8OAy6lAHz7EQ2OJwbvBST0YkR0fPD9AeT4ZA,Velkoz,161,False,8,9,25,14236,684,26385,8396,35466,17068,5584,498,23152,3118,3137,3020,4645,3089,0,2052,actuallyapotato,59rYkD8T2UT6a4REJW3NuCgQ7dJr9FHUp4ukCMoHmqyHntBpaoS81CAuW5BhjahxEGHCBQl0DS5_tg,Tristana,18,False,12,12,17,14776,34651,5556,0,40208,17679,13403,1443,32526,3072,3087,3111,6675,3036,1018,2052,Katinka4,5u1OuQR4vRKF7Wfn6FxxPnF4Pic4-FPSAvzJquGYzMPSFuMSEZoLeekzJDwtzrrqkKqmCIxy_uJFOQ,Udyr,77,False,5,10,16,12087,19774,432,0,20207,25134,18236,521,43892,3047,6665,3742,6610,1033,1028,2052,Shuckle,wNZrz_iRLQUVnyoil-jSSQ3ZZd7o-bTCyYIDgBqheYtREHcZd0astsVtTKvM5-ORRt5kh9rBdiFR4w,Zyra,143,False,8,6,29,14270,2082,35645,0,37728,10523,7240,699,18463,3089,6653,3020,3137,3116,3916,2052,MiddlePlease,_yCGdesbDRP7yTBuHJdidThHobSc0P_rgBa6-M8b9AQgYjZaZw7bc6bFlUmz6k053w2m80K1AtfQiA,Yasuo,157,False,14,14,15,15185,25375,1141,410,26926,20019,13276,428,33724,3143,3031,3006,6672,6673,1031,2052
False,Kayle,10,18,18,20,NA1_4987077283,1587,ARAM,1714445362551,AndroidAlpha,xLgMoQ4zztmrzjBl5nQkECkgrsKmZ-vklFwwJLm8l4UU-uFgPvW3WefQtdgRhfyPuwgDa_545kug6w,Draven,119,True,27,13,26,23690,88663,0,0,88663,35655,20472,1055,57183,3072,3508,3031,3036,3153,6673,2052,Leamera,MlZxrmmfmq_kEds_zKVjhnBornZ5g9HiWPjbm4GYjcBFn-LDY-PJbJb1nBPjcAOtDltx_Iz5x92UMQ,Soraka,16,True,2,10,56,15419,1452,20028,5326,26808,27805,15811,1287,44905,3040,3083,3107,3158,6617,3075,0,Nicor01,s4dm4d2wS90d2O8J9Ti_2YdtQnbkGANW73EdIV-3E3kg4XP9FpQwdNNxVFRAacUNl3x1g08jtdt6-A,Garen,86,True,23,10,28,21137,41925,2430,10738,55094,34175,22813,1345,58334,3078,3047,6631,3075,3071,3053,2052,Wavy0,IhNyEb7V_CjvMNO9OLRU3FJDsk-yw5m498S-GIcOgWY_l7jLmJxRSwuiugM6hkBcDDbH4ozL7rhLjQ,Hwei,910,True,12,9,45,17807,1254,62484,2968,66707,21447,15131,1151,37730,3040,4645,6653,3118,3020,3116,2052,EraBook,3rS9y9vNxtIDcMJhMZMipK4NBWbqKjtzHwL0bcTeoQjhFeM6FFnH8i86-_xKBm5OrN93gEBuQNJqhw,Gragas,79,True,7,10,41,16752,3176,50527,3731,57435,42342,19507,1857,63707,3211,3121,3118,3111,6653,4645,0,JimmyX,R06aIbi5QIUpTCj_ZgG_F-05kyGCSuxDg_TftMqF0hylUexXvj6oUAMcYldSp0wnYw317WcolRTJmQ,Fizz,105,False,10,20,30,16362,15990,30479,1372,47842,49097,29050,9033,87181,6665,6610,6662,6653,3047,3165,2052,Balkai,UaaAHDMrzSadZEnUtc2TEjGP5jaJQ8MVcULtz1SL1H8OAy6lAHz7EQ2OJwbvBST0YkR0fPD9AeT4ZA,Kayle,10,False,18,18,20,20005,48226,27826,0,76052,25139,22660,2478,50278,3006,6672,3153,3124,3302,3091,2052,actuallyapotato,59rYkD8T2UT6a4REJW3NuCgQ7dJr9FHUp4ukCMoHmqyHntBpaoS81CAuW5BhjahxEGHCBQl0DS5_tg,Gnar,150,False,13,15,26,17386,51097,10100,1715,62912,29930,34281,4132,68344,6665,3047,3078,3053,4401,3143,2052,Katinka4,5u1OuQR4vRKF7Wfn6FxxPnF4Pic4-FPSAvzJquGYzMPSFuMSEZoLeekzJDwtzrrqkKqmCIxy_uJFOQ,Nasus,75,False,10,10,35,19181,17637,15251,0,32888,34834,27215,5806,67856,3111,6662,3143,3065,4401,3075,2052,Shuckle,wNZrz_iRLQUVnyoil-jSSQ3ZZd7o-bTCyYIDgBqheYtREHcZd0astsVtTKvM5-ORRt5kh9rBdiFR4w,Ivern,427,False,1,8,43,15035,5815,10079,3610,19506,24004,22262,1314,47580,2065,3107,3158,6617,3165,3083,0
True,Mordekaiser,82,6,10,23,NA1_4987060759,947,ARAM,1714444156684,,_x7Pc7WND-hSiWwMsqtLuGAvRBbmAlUa3cI8j18ou_RF-xLVp0I1yeF0ODH_dSC9nyk_5J8h9Mc-Xg,Pyke,555,True,23,11,14,14405,21121,0,4419,25540,12239,12199,1751,26189,6698,3211,6696,6701,6697,3158,2052,Balkai,UaaAHDMrzSadZEnUtc2TEjGP5jaJQ8MVcULtz1SL1H8OAy6lAHz7EQ2OJwbvBST0YkR0fPD9AeT4ZA,Mordekaiser,82,True,6,10,23,11471,1433,11812,425,13671,14833,10773,2139,27746,4633,3116,3075,3147,0,3111,2052,actuallyapotato,59rYkD8T2UT6a4REJW3NuCgQ7dJr9FHUp4ukCMoHmqyHntBpaoS81CAuW5BhjahxEGHCBQl0DS5_tg,Aatrox,266,True,7,7,30,12415,17696,2797,0,20494,15947,11806,3086,30841,6694,2031,3111,3814,1028,6698,2052,Katinka4,5u1OuQR4vRKF7Wfn6FxxPnF4Pic4-FPSAvzJquGYzMPSFuMSEZoLeekzJDwtzrrqkKqmCIxy_uJFOQ,Alistar,12,True,0,7,42,9930,1037,7553,805,9396,13517,12161,2442,28121,3111,3083,3147,3110,2051,0,2052,Shuckle,wNZrz_iRLQUVnyoil-jSSQ3ZZd7o-bTCyYIDgBqheYtREHcZd0astsVtTKvM5-ORRt5kh9rBdiFR4w,AurelionSol,136,True,11,10,31,13819,369,25617,280,26267,13421,11921,1112,26455,3089,3116,3147,3020,6653,1052,2052,,dOzaWND31xae3PdOVoe-7RpxB-9f9SBxNm5wrbbgso9kQi6Kl3-JUTjLFYFqU-cWnK9y8LPLsO71dA,Yuumi,350,False,0,6,42,9121,183,12531,0,12714,5982,4816,1049,11848,3070,3114,3504,6621,6617,2022,2052,Smokin da ZAZA,T6Y6VguKjnHvWSfwztrbvmkDHoDAY-_lS6UoxkGj1hFHlBIgl2AFbGJiYcGQLaxMPviDxI0aEkToxg,Vayne,67,False,18,10,16,14003,24205,2898,6545,33649,9967,11238,1476,22682,6672,3124,3006,6665,3302,0,0,TehOG,I9ZVKuxu7hvWM5-OpCUzxRyn5w_E22Ga2VUotPUo9Qas_ykvEXnVOrqA8uMqdHHH1LLBz-cMci4QMg,Lissandra,127,False,6,10,26,11108,934,24444,1872,27251,8005,13298,758,22061,3020,3157,3118,6653,1052,0,2052,BloodhoundX,t9yGHTjwh4k8v0hDnhbnFSeRMiMGgmAKqC2mVRqs9sDNLOKaou-aG-J3drK7YzKe7Hnf2zsxoHD6PA,Draven,119,False,16,13,15,13096,27885,42,65,27994,12082,10978,2252,25313,3031,6676,3508,3006,3035,1018,0,JukunCa1,rf8-L-TWDgB0lKa5TyGCKTPb3LRwuxZL9e49pMzjtjU1cWuAuJPpt2m01Y-5K4i489CqTROMfb1_PQ,Teemo,17,False,5,8,22,9725,1175,18945,1049,21170,8982,7448,394,16825,3118,3158,6653,4629,0,0,0
False,Tristana,18,14,12,25,NA1_4987032275,1238,ARAM,1714442763244,BloodhoundX,t9yGHTjwh4k8v0hDnhbnFSeRMiMGgmAKqC2mVRqs9sDNLOKaou-aG-J3drK7YzKe7Hnf2zsxoHD6PA,Yone,777,True,11,11,12,14801,14574,6211,4047,24833,9949,17360,309,27619,6672,3031,6673,3006,1053,1038,2052,JukunCa1,rf8-L-TWDgB0lKa5TyGCKTPb3LRwuxZL9e49pMzjtjU1cWuAuJPpt2m01Y-5K4i489CqTROMfb1_PQ,Gnar,150,True,12,9,22,15445,25581,4007,897,30486,13237,17868,412,31518,3091,3111,3078,3053,6692,1036,0,OneException,seXdLBr0IeynYkb-bTmVTMgybcW5Ebb-UnhDTUItFx-BhxIwiVNZdqJxBne_XETiRvdh8vVnG6oD3g,Camille,164,True,11,15,16,14303,15227,364,8510,24102,18901,20647,2707,42256,3078,3111,3053,6610,2019,0,2052,Marsnaut,BH0oUGv64PCcmZQwiwyaqD9LPD46V4N7UyKBexwQuK4hNK7kGSM-9TcldrbvLwK5tjguNU9DbB4S-w,Smolder,901,True,6,11,29,14407,28969,6508,3186,38664,10034,15242,423,25700,3508,3158,6675,3094,3156,0,2052,richard is fat,UfvSOW8LntoDxfTrVTiPU2vW-39s_KkXfnT7DGePy5e5sdbJQcFGIrzUjDL5Ay8qjVkU58HrYUBe1Q,Ezreal,81,True,10,14,23,14130,24229,14307,0,38537,8743,22651,713,32107,3042,6694,1053,3158,3078,1043,0,Balkai,UaaAHDMrzSadZEnUtc2TEjGP5jaJQ8MVcULtz1SL1H8OAy6lAHz7EQ2OJwbvBST0YkR0fPD9AeT4ZA,Tristana,18,False,14,12,25,16336,38390,2116,0,40507,25541,5500,2838,33880,6672,6675,3072,3036,1053,3006,2052,actuallyapotato,59rYkD8T2UT6a4REJW3NuCgQ7dJr9FHUp4ukCMoHmqyHntBpaoS81CAuW5BhjahxEGHCBQl0DS5_tg,Xerath,101,False,9,8,37,14287,805,32063,0,32869,16242,4589,2263,23095,6655,3020,4645,3137,3089,2031,2052,Katinka4,5u1OuQR4vRKF7Wfn6FxxPnF4Pic4-FPSAvzJquGYzMPSFuMSEZoLeekzJDwtzrrqkKqmCIxy_uJFOQ,Elise,60,False,18,10,23,15150,900,29982,1308,32191,18577,4038,3260,25876,3020,6655,6653,3089,3137,1052,2052,Shuckle,wNZrz_iRLQUVnyoil-jSSQ3ZZd7o-bTCyYIDgBqheYtREHcZd0astsVtTKvM5-ORRt5kh9rBdiFR4w,Thresh,412,False,4,7,38,13082,2300,12191,700,15191,33099,10904,4346,48351,3190,3075,3083,3047,0,3110,0,Montepremi,eHmHofAr3Lq2c55a8_huZdBnzvRWjeO0bn6wj2Vq1BHAgjUtOnRBrlnIXixAOgipl34UxJzcLPldQg,Diana,131,False,15,13,27,15144,2683,17416,557,20657,23653,6366,3933,33952,3157,4633,3020,3068,3118,4630,2052
False,Ezreal,81,10,12,10,NA1_4983512228,1116,ARAM,1714104678905,CptOblivion00,VGpJkx-DuY9huRJ38vza4XldDBQHfkbwC8hQshlnU3pxEfL4l_4Q7ibzoaMBlrsS3ESAU_mFkpSLRA,Morgana,25,True,6,8,24,11966,1012,20730,1757,23500,9869,10932,2381,23183,2420,2031,3020,3116,6653,3118,0,JaceQuinlin,En7JsAnylPRF9jTaHYiwo3dVF0Vw2zLPVXBA9235yjnYWe0knJ9lDO57JoP2c-v_MBoR2FtBD2e7rA,Maokai,57,True,8,9,33,12719,1570,23863,646,26079,15664,14650,1942,32256,6653,3111,2502,2504,1031,1057,2052,Kappachino Latte,L-PS2JBxdtQedA0xnNfMZ1E2yZx6F6hoJMM5iT5aCx8rkgPaJwmfClgT5ajwyT9Nk8XenQpxxPJIwQ,LeeSin,64,True,26,9,17,16564,43292,9245,0,52538,11125,9904,1281,22311,6692,6698,3814,6694,6701,1001,2052,DyreWolfy,k2IG1-ndGav-FvgHQH8pBF6DdkwLjNWW4LJE9woVQlrmVt9-rpAqdkAmNQEAqbCu03QWLsHdqGh5MA,Velkoz,161,True,9,7,22,12725,740,22128,5563,28431,7639,6957,833,15430,3118,3020,3137,4645,1058,0,0,LeagueBBQ,4O_VZtAGt4OzZJUH4z17x2sNqgr1lbzq4EDMrobX-mhmcAr7Dlsmc_dZSDDRuuQPekYQp_F3qQ7sTA,Sivir,15,True,4,6,33,13281,27973,0,0,27973,9232,5818,1577,16628,6672,3006,3070,3036,3072,3123,0,Balkai,UaaAHDMrzSadZEnUtc2TEjGP5jaJQ8MVcULtz1SL1H8OAy6lAHz7EQ2OJwbvBST0YkR0fPD9AeT4ZA,Ezreal,81,False,10,12,10,13251,13143,6122,0,19265,11733,12853,789,25376,3508,3042,3158,6675,3035,2020,2052,actuallyapotato,59rYkD8T2UT6a4REJW3NuCgQ7dJr9FHUp4ukCMoHmqyHntBpaoS81CAuW5BhjahxEGHCBQl0DS5_tg,Lillia,876,False,11,10,16,12401,1154,17279,6870,25304,17666,18520,1553,37740,4633,3158,6653,4629,1011,3066,2052,Katinka4,5u1OuQR4vRKF7Wfn6FxxPnF4Pic4-FPSAvzJquGYzMPSFuMSEZoLeekzJDwtzrrqkKqmCIxy_uJFOQ,Zilean,26,False,4,8,21,11210,944,7705,0,8650,10405,12299,339,23045,3020,3112,6653,6655,3916,1052,0,Shuckle,wNZrz_iRLQUVnyoil-jSSQ3ZZd7o-bTCyYIDgBqheYtREHcZd0astsVtTKvM5-ORRt5kh9rBdiFR4w,Bard,432,False,3,11,25,10488,2952,13140,95,16187,14366,13328,749,28445,3100,3158,4629,6653,0,0,0,Montepremi,eHmHofAr3Lq2c55a8_huZdBnzvRWjeO0bn6wj2Vq1BHAgjUtOnRBrlnIXixAOgipl34UxJzcLPldQg,Renekton,58,False,11,12,14,13878,20161,4015,1050,25226,27535,18965,4534,51036,6610,3047,3161,3053,3065,1029,2052
False,Twitch,29,19,17,29,NA1_4983491777,1349,ARAM,1714103167343,Balkai,UaaAHDMrzSadZEnUtc2TEjGP5jaJQ8MVcULtz1SL1H8OAy6lAHz7EQ2OJwbvBST0YkR0fPD9AeT4ZA,Twitch,29,False,19,17,29,17859,50924,2214,5885,59024,25553,13463,1904,40922,6672,3006,3085,3031,3036,3153,2052,actuallyapotato,59rYkD8T2UT6a4REJW3NuCgQ7dJr9FHUp4ukCMoHmqyHntBpaoS81CAuW5BhjahxEGHCBQl0DS5_tg,Rumble,68,False,16,11,45,17224,3877,62035,643,66556,27469,16999,777,45246,3089,3020,6653,4633,3137,1058,2052,Katinka4,5u1OuQR4vRKF7Wfn6FxxPnF4Pic4-FPSAvzJquGYzMPSFuMSEZoLeekzJDwtzrrqkKqmCIxy_uJFOQ,Maokai,57,False,6,15,44,13205,2692,12745,833,16271,36168,23814,1131,61114,3047,3068,3190,6665,3065,1029,2052,Shuckle,wNZrz_iRLQUVnyoil-jSSQ3ZZd7o-bTCyYIDgBqheYtREHcZd0astsVtTKvM5-ORRt5kh9rBdiFR4w,Nunu,20,False,15,9,48,16688,4378,18586,665,23630,39239,29894,2188,71322,2502,3075,3109,3111,3065,3110,0,Montepremi,eHmHofAr3Lq2c55a8_huZdBnzvRWjeO0bn6wj2Vq1BHAgjUtOnRBrlnIXixAOgipl34UxJzcLPldQg,Ahri,103,False,18,9,40,17569,1656,38749,14358,54765,20415,15055,615,36086,3157,3137,3020,4645,3118,6653,2052,lauv u like that,KkUYrqVeV6V2H18oj8jLAMwkdtOMBYdRpooNIVMloZDYSMylEMvA9uxT97RggkFUnRn-UoMrYPuOtA,Skarner,72,True,12,13,36,17779,39648,26111,2984,68744,26657,38831,6030,71520,3084,3111,6664,2504,3065,3110,2052,DX3L,hdGLzC4rDWKgFj1fqG2Rj0sGzo14m3D7LkMT-vzznj0IF4J9Ne1CAe3vfvZbkn_AMuiQfetr9lnNHg,Alistar,12,True,1,14,45,13165,1832,14472,1450,17754,29417,28551,7062,65031,3083,6665,3121,1057,3158,3066,2052,Valkyrie Cain,inp7HCCVWk5u4wEH1kiuF2rXGIOn2-PzFOUMaBB_jKKY696W7R9MawnL5rDe__x95GWKtZv53mMsOQ,Zyra,143,True,18,12,30,17462,2286,56089,74,58450,9411,18985,3279,31677,6653,3020,4645,3137,3165,3108,0,Aquatic Lazuli,Llb9wK7pitwr5CDw0aOyRzEboc3hwzbLE84l2tdy-AKflDvlOA5gZhl-86e7_NV-nfDzlB7By5OdNQ,Quinn,133,True,9,16,24,15534,43066,387,0,43454,9483,22183,2971,34638,6672,3006,3153,3036,3031,1053,0,EvilAsh002,kPDxZp-jhh06tqTje-KRix-KZmb-IKCfxvQYW_mc7fuJcFNQyN6KpsO7vz3NcUugHGIVxrcNWjzh8A,Nocturne,56,True,21,19,19,18420,47211,2166,2108,51486,15413,25781,3041,44236,6676,6698,6696,3111,3042,3814,2052
False,Tristana,18,8,10,7,NA1_4983469773,960,ARAM,1714102038819,Balkai,UaaAHDMrzSadZEnUtc2TEjGP5jaJQ8MVcULtz1SL1H8OAy6lAHz7EQ2OJwbvBST0YkR0fPD9AeT4ZA,Tristana,18,False,8,10,7,11920,14366,1702,0,16068,8853,11392,827,21073,6672,3006,3094,3031,1053,0,2052,actuallyapotato,59rYkD8T2UT6a4REJW3NuCgQ7dJr9FHUp4ukCMoHmqyHntBpaoS81CAuW5BhjahxEGHCBQl0DS5_tg,Velkoz,161,False,4,6,13,10200,132,18845,2277,21254,7447,6637,161,14247,3118,3020,4645,1058,1058,2031,2052,Katinka4,5u1OuQR4vRKF7Wfn6FxxPnF4Pic4-FPSAvzJquGYzMPSFuMSEZoLeekzJDwtzrrqkKqmCIxy_uJFOQ,Sona,37,False,5,8,19,10211,1241,7384,700,9325,7944,11610,541,20096,3158,3070,3916,6617,6621,3504,2052,Shuckle,wNZrz_iRLQUVnyoil-jSSQ3ZZd7o-bTCyYIDgBqheYtREHcZd0astsVtTKvM5-ORRt5kh9rBdiFR4w,Rell,526,False,1,7,21,9232,1702,4864,530,7097,14693,14994,1194,30882,3190,1033,3111,2051,3083,1031,2052,Montepremi,eHmHofAr3Lq2c55a8_huZdBnzvRWjeO0bn6wj2Vq1BHAgjUtOnRBrlnIXixAOgipl34UxJzcLPldQg,LeeSin,64,False,9,9,12,11462,15031,3210,375,18616,14209,13092,1090,28392,6610,3047,6692,3156,0,0,2052,CrazyThursdayVme,pkHWSksFX7xY1ENkgd142Tu5AC0tbIZX1L0bTX1NHL7AZv7KQJg0_-ryCXgKL00PWNPk_QpHpBlYtw,Aatrox,266,True,11,9,19,12630,27988,2023,582,30593,16581,13017,1757,31356,3814,3047,6698,6694,3155,0,2052,Gín and Tonic,27IIT81bGswxDOsx7mDb6zaKL0ETJs5I2nzpS6sBB7AgRBjSZuSouLVcLxe6EfAUoX_gDgAo0R5IOw,Syndra,134,True,7,4,26,11662,803,28632,1938,31374,4540,5180,704,10425,3040,3145,1001,3089,1052,1052,0,Yoya529,jYAQzbD9ybSk8-rEcOLugJql0GgsHHyjAsBseK42GhHk7XZ2DD6rKWaOZM8SCHrcS575qLqOWeI9Kw,Lulu,117,True,2,3,31,10095,545,6598,300,7444,5153,3131,235,8520,3113,3040,3111,1004,0,2065,0,GeneralSugarBear,OKIJ2mAMyJysYDWhIW-xSUcvinkFbQbPHUjVnje-XCSpylbLV8dnJjjmbbj0GVG7EotjL5EBuAMSeg,Kayle,10,True,13,4,21,13395,14989,7830,0,22820,8611,6853,782,16247,3006,6672,3153,1057,1043,1042,2052,20170702,MfHZ_Pn86ulzkL7AGEm_0IW_mSnvcy6-Vrd_cKAaeRW7gMPrqjQDV2q9iK0pI20hlzYl-57Hp9pOaQ,Blitzcrank,53,True,7,7,19,10574,2537,12645,993,16175,8544,7825,402,16771,3070,3110,4629,3111,0,3118,2052
False,Karthus,30,15,19,19,NA1_4983444981,1223,ARAM,1714100489262,GENEROUX,rXn4SaJ-O0ZMUBUn47wZf--5h2vAwAra9Nz168Am-Ua2pfyMcK7MdGeh-Va27RD653acaqH6KnFLvQ,Smolder,901,True,15,11,28,16108,42176,6970,11122,60269,11859,19744,6460,38064,3508,1018,3042,3161,6675,3158,2052,AznDL3,KSk5sp1VhJz6-AhpjUhmY6LIUfie8DMlMrjwNKdTu4ONvBuUL0Qwq5S8sK44OnXtWVypjvEjXkzPCA,Taliyah,163,True,18,8,26,16350,940,47579,7604,56124,9420,17002,6963,33386,3040,6653,3020,3116,3137,3102,2052,CasualToxicPleb,aA0ReVMKJegAyyatuYCvc89wNxMDzjLRO1klGSuH5pd_FVhztKiZxVgob49tNTTw4rBWxiS1ewCUGQ,Zac,154,True,12,10,28,14746,7025,30894,9631,47551,37017,29175,17737,83930,3084,2502,3065,3047,3075,1026,2052,Bear Fists,zkbw4Z7NF2szWkG2d6D9kVScZQb9M7KMRN_nA-pzI9MJv744iYjdXsve_GPuMEk9jkx_TLQm4xOCaw,Alistar,12,True,4,8,37,12175,1031,16976,2389,20398,18625,17323,1902,37851,8020,2051,6653,3111,2502,6660,2052,Iron Chef Obamna,sjPlbMxme5juy4-aEePEq4S5eYAVplNFx_OuH-Rl8z30Ouj2YTCsjaZE71pAkqMRR9H7MMefokOX2Q,Renata,888,True,6,5,45,13199,1741,14887,1214,17843,6316,11582,222,18121,3190,3040,3111,3107,1052,4005,2052,Balkai,UaaAHDMrzSadZEnUtc2TEjGP5jaJQ8MVcULtz1SL1H8OAy6lAHz7EQ2OJwbvBST0YkR0fPD9AeT4ZA,Karthus,30,False,15,19,19,15602,165,50248,5658,56072,11777,25668,1879,39325,3118,4645,6653,3020,3135,1058,2052,actuallyapotato,59rYkD8T2UT6a4REJW3NuCgQ7dJr9FHUp4ukCMoHmqyHntBpaoS81CAuW5BhjahxEGHCBQl0DS5_tg,Jayce,126,False,6,9,22,13057,27533,4292,1056,32882,7422,16061,391,23875,6701,3042,3158,3814,6694,0,2052,Katinka4,5u1OuQR4vRKF7Wfn6FxxPnF4Pic4-FPSAvzJquGYzMPSFuMSEZoLeekzJDwtzrrqkKqmCIxy_uJFOQ,TahmKench,223,False,6,10,17,11613,5823,16900,1976,24700,28878,28995,5281,63154,3111,2504,2502,3084,3076,0,2052,Shuckle,wNZrz_iRLQUVnyoil-jSSQ3ZZd7o-bTCyYIDgBqheYtREHcZd0astsVtTKvM5-ORRt5kh9rBdiFR4w,Blitzcrank,53,False,1,10,29,11275,3996,9409,417,13823,11533,31009,2520,45064,3190,3083,2051,3111,3110,1011,2052,Montepremi,eHmHofAr3Lq2c55a8_huZdBnzvRWjeO0bn6wj2Vq1BHAgjUtOnRBrlnIXixAOgipl34UxJzcLPldQg,Varus,110,False,14,8,14,15171,22659,14422,2295,39376,9182,16018,321,25522,3157,3006,3153,3124,3302,3123,2052
False,Kennen,85,8,13,20,NA1_4983415993,1194,ARAM,1714099037606,S3menLoad,fWiQ_lxVqbTO3D_I0eEknXl3IY5YPLzClNKLS-aYux6lJS6DNWtGR7iheH3fJ8duHHVE8qJk2jH4FA,Sona,37,True,6,6,36,12848,1897,10969,0,12867,9380,12431,965,22777,6617,3158,6616,3504,3040,3114,2052,Fortunes,PBmRshvwEnWadDvpjxkOg8lorG8vBBRSEIx8L7gdbuhgpifaEitI5ROVHnsnjLio_kt3oRKz-1wbpw,Varus,110,True,17,9,16,16596,28260,4427,791,33479,7766,13057,1561,22385,3042,6676,3036,3153,3111,1043,2052,MemoryAce,E0nuGCSwZPepxzFi_y7DNxcsw5S4Ru-cWSIWgcMPnSHFGY28gluKprBqIViHst8z-8DT-jExfOG4cg,Vladimir,8,True,5,10,23,12878,683,24710,0,25394,14072,16471,819,31363,4633,3020,6653,3089,3113,0,2052,NwJeans Haerin,ewAvcBCccYNG9HZSJrssUcC-jl3_xkalB8JKtz_m0YleOpVK9QK7GAqhrdP-3GMi_6mhJviuylqvLA,Ahri,103,True,9,6,25,14189,1245,20413,10972,32630,12941,11211,1388,25541,3020,3118,6655,3089,3802,3070,2052,eiwoqu,mpsoZD38b90i-rdQ0NlvWQD2HxGU56vQe7Puptzpteb5XmvAsU5n73NuRBi4lrd4JbCgYSDdL-flgQ,TwistedFate,4,True,10,10,19,14951,1159,28961,52,30173,9036,14553,428,24019,3089,3100,0,6655,4645,3020,2052,Balkai,UaaAHDMrzSadZEnUtc2TEjGP5jaJQ8MVcULtz1SL1H8OAy6lAHz7EQ2OJwbvBST0YkR0fPD9AeT4ZA,Kennen,85,False,8,13,20,12602,1168,31975,1766,34910,6109,19300,3243,28654,3152,3157,4645,1058,3020,0,2052,actuallyapotato,59rYkD8T2UT6a4REJW3NuCgQ7dJr9FHUp4ukCMoHmqyHntBpaoS81CAuW5BhjahxEGHCBQl0DS5_tg,KogMaw,96,False,11,7,19,15364,6633,18285,2523,27443,8257,13469,2769,24495,3184,3009,3124,3091,6665,3302,2052,Katinka4,5u1OuQR4vRKF7Wfn6FxxPnF4Pic4-FPSAvzJquGYzMPSFuMSEZoLeekzJDwtzrrqkKqmCIxy_uJFOQ,Rammus,33,False,3,9,28,11864,2640,12002,0,14642,10975,21901,4163,37040,3111,3075,3083,8020,1057,1029,2052,Shuckle,wNZrz_iRLQUVnyoil-jSSQ3ZZd7o-bTCyYIDgBqheYtREHcZd0astsVtTKvM5-ORRt5kh9rBdiFR4w,Janna,40,False,2,8,35,11614,861,5462,336,6660,4339,19117,848,24304,2065,3107,3158,6617,3916,6621,0,Montepremi,eHmHofAr3Lq2c55a8_huZdBnzvRWjeO0bn6wj2Vq1BHAgjUtOnRBrlnIXixAOgipl34UxJzcLPldQg,Riven,92,False,17,10,11,15529,35990,0,675,36665,13427,15693,930,30052,6692,3158,6610,3161,3156,2019,2052
True,Lissandra,127,18,17,36,NA1_4983394185,1162,ARAM,1714097667445,Balkai,UaaAHDMrzSadZEnUtc2TEjGP5jaJQ8MVcULtz1SL1H8OAy6lAHz7EQ2OJwbvBST0YkR0fPD9AeT4ZA,Lissandra,127,True,18,17,36,14815,613,39021,3079,42714,17830,15128,486,33445,3020,3157,3137,3118,4645,0,2052,actuallyapotato,59rYkD8T2UT6a4REJW3NuCgQ7dJr9FHUp4ukCMoHmqyHntBpaoS81CAuW5BhjahxEGHCBQl0DS5_tg,FiddleSticks,9,True,8,12,41,13119,345,34993,756,36095,17535,19280,587,37403,4632,3157,3020,6653,0,3152,3330,Katinka4,5u1OuQR4vRKF7Wfn6FxxPnF4Pic4-FPSAvzJquGYzMPSFuMSEZoLeekzJDwtzrrqkKqmCIxy_uJFOQ,MissFortune,21,True,20,11,36,17109,31171,1564,2332,35068,20264,16241,468,36975,3158,3086,3072,6676,3036,3031,2052,Shuckle,wNZrz_iRLQUVnyoil-jSSQ3ZZd7o-bTCyYIDgBqheYtREHcZd0astsVtTKvM5-ORRt5kh9rBdiFR4w,Nautilus,111,True,9,10,56,14765,7122,19194,747,27064,21709,22167,765,44642,3083,3143,4401,3075,3047,3024,2052,Montepremi,eHmHofAr3Lq2c55a8_huZdBnzvRWjeO0bn6wj2Vq1BHAgjUtOnRBrlnIXixAOgipl34UxJzcLPldQg,Ezreal,81,True,16,8,30,16395,29001,11383,340,40724,13255,8522,913,22692,3508,3042,3158,3161,3153,3155,2052,TheRavensNest,3qOeDsVIDBiBH2cfGgXZKPpyf5q-Ay4lxBMJTSjRhLy-mpYV4sr-i1AtNq4HgbfsJfy6tVlCI_4__Q,Smolder,901,False,6,13,28,13393,19181,3546,0,22727,10407,20598,1256,32261,3508,3094,3161,3009,6653,0,2052,Xenoquill,wVvtmTVYtcdu7fnJfTezATTUivFY7vUrpsmzp2b9IlWjQw3mFZO3cSo80iU5Kv1JOoP_l09UrRUk0Q,XinZhao,5,False,11,14,33,14470,29548,1791,1325,32665,25598,20083,3307,48989,6610,3111,6692,6333,3161,1028,2052,Arneshie,FKL5-OuKIxZwUt78j6w1QuWWDEF3vY6sCaV8yY2GLOUifzGfKOPJcHxSZC3vwCjOaClpoHMTvVaTKQ,Swain,50,False,6,15,26,12373,1241,22657,1896,25795,23633,26181,1414,51229,3116,3157,2031,3020,6653,3802,2052,Meeks Coaching,vevSM_03hMQHeHhelYfA3c4FR9h4wgWLxHuagP4yYtaQoTv6CY6MKa79BNOTpxQmg9VoyVcDwC62Zg,Kayle,10,False,20,14,24,15627,4806,39967,0,44774,7956,21223,830,30009,3100,3089,3115,3020,4645,1026,2052,Auernia,f_GoTZJklS0mw93elvLoTCLcD98XnkoGJPW3qS9tZ-Bs74o6ONaHolzJR8S0e77wJWZoRRVTdkx-9A,Zeri,221,False,15,15,30,15021,29629,13377,0,43006,10719,18071,593,29384,1053,3036,3031,3087,3085,3006,2052
False,Kindred,203,11,13,14,NA1_4983368430,1097,ARAM,1714096398789,Flobama,Fh8DvDZAtkan5nbbCyCbY2mo92D-UArjMaIEmjYXa7hhdKhQHkhICdheFG3WC7Bi8gwRbpVuHDXvEA,Tristana,18,True,30,8,18,19425,53049,3061,2482,58593,9727,12130,5391,27250,3006,6675,3046,3033,3072,6672,0,Guye,qKhwkl_3hBbyIM4nzvsO-15BscDW7nqdRVZgM06PR4oq29I36iGN2E0I1S35me9yK_THkTvimX0_ng,Yone,777,True,16,12,33,14751,23177,9506,7562,40246,12582,13204,12995,38782,3087,3006,6673,6333,3065,1038,2052,Yami No Kokoro,qFtlPtkx1kXhJYp5SHGbNrcCCadaVtdH5P7s8tVriUOleJfWTdan6dLCmqPHBuz4jfGSBXo5o-XPBA,Orianna,61,True,5,6,44,12468,1346,36134,959,38441,8747,7579,2660,18987,2031,3118,3040,3020,3135,1058,2052,Angra Mainyu,3yiO2MgmBlr86DlWTzJKnNIeog--sgA62rXkF3Ybw6X960IRJUsieGwXlXEI_KdZ3O-B_SpPhsqIYQ,Renata,888,True,2,7,43,11198,1037,5156,3464,9659,8179,7674,5323,21177,3121,3190,3222,3111,4005,0,2052,Lv6Slime,htKTxFOVK6BEwI91hy4UZnwmaJo2EiUK22HS94PQvoquGASfKEprmCN0bwAtnPm6pXAW1Tfgyli7-w,FiddleSticks,9,True,8,11,40,12613,472,26524,2354,29352,14921,12881,4336,32140,3118,3157,6653,3020,3916,1011,3330,Balkai,UaaAHDMrzSadZEnUtc2TEjGP5jaJQ8MVcULtz1SL1H8OAy6lAHz7EQ2OJwbvBST0YkR0fPD9AeT4ZA,Kindred,203,False,11,13,14,13096,15552,3333,832,19717,16465,16171,1182,33819,3184,3078,3091,6672,1043,3111,2052,actuallyapotato,59rYkD8T2UT6a4REJW3NuCgQ7dJr9FHUp4ukCMoHmqyHntBpaoS81CAuW5BhjahxEGHCBQl0DS5_tg,Sylas,517,False,11,11,17,13636,728,21749,1553,24030,21864,15725,1272,38862,2051,3157,3100,3111,3089,1026,2052,Katinka4,5u1OuQR4vRKF7Wfn6FxxPnF4Pic4-FPSAvzJquGYzMPSFuMSEZoLeekzJDwtzrrqkKqmCIxy_uJFOQ,Lux,99,False,6,9,33,12903,1684,19964,1576,23225,8638,9704,474,18817,3020,3070,6655,3118,3137,1058,2052,Shuckle,wNZrz_iRLQUVnyoil-jSSQ3ZZd7o-bTCyYIDgBqheYtREHcZd0astsVtTKvM5-ORRt5kh9rBdiFR4w,Chogath,31,False,3,13,24,10545,1421,8722,3008,13152,20761,25692,1130,47584,3083,3111,3075,1057,3082,1028,2052,Shiverblaze,iCnWpB5UnyIBEBzlJFr6l2J3F2dQ_lDOGM_sLu0QCsHYvtUHVwpM9uOyCVeSFR2adUlqmDAC6m1ByA,Vi,254,False,12,15,18,13000,26378,48,1221,27648,18510,13438,615,32564,3508,3111,6692,6610,3076,1011,2052
False,Graves,104,5,13,13,NA1_4981070398,1142,ARAM,1713848432118,Frithinis,QTS2-haFl_3ysBK35w_OOspvfX9KPoULVyGniB2lVTziC6t16C52K_ArS7JDtSuoA4X8OPWiBdrttA,Brand,63,True,11,6,28,13869,760,33608,1131,35500,6903,12545,191,19640,3802,6653,3020,3116,3089,0,2052,Ah BOoHoWAEr,czALlZDCETH2eudsmUaY77vksCR8aBTZnVMOwH-1kzpzUB0uSgal1GbvlV0OPYs1RwXL2A7ELUVxcw,Annie,1,True,13,10,30,13593,505,29893,1584,31984,8848,11164,1417,21430,3040,3157,3158,3145,3118,1058,2052,Roewsss,W0jpi3rXsHmtZvzbEfICGTPb4JmPfmQrUCy9zQzXSERsnNGjUN9MxYWHxBjkYX1DNlvd351D3MZiew,Nami,267,True,1,5,49,12039,963,12553,0,13516,3464,8690,3321,15476,4005,2065,3190,3109,3158,0,2052,Masked Rider DCD,nwc86Uv7_xfnJd6kOGxXoGUYUyC9oVWgGvC5E9kkA7tFFo2uPMrN_uW5oABkEh2ielp8PwcBGJNbmA,Sejuani,113,True,7,8,33,12942,7794,8272,745,16812,16823,23919,369,41113,3083,3111,3075,2502,0,0,2052,SN7 Pride,vL4kLk9vnnsOSAVOczKhMsk0KSMIDmfZrh6l48MDuFE6czi5GvCC6sOlBP14yHqZGwzLFkA7YCi4mQ,Caitlyn,51,True,20,7,19,16497,46198,3991,0,50189,8603,14525,140,23269,3095,3031,3006,3094,3035,1018,2052,Balkai,UaaAHDMrzSadZEnUtc2TEjGP5jaJQ8MVcULtz1SL1H8OAy6lAHz7EQ2OJwbvBST0YkR0fPD9AeT4ZA,Graves,104,False,5,13,13,12410,10421,716,327,11465,6682,16931,627,24241,6676,6692,6673,1018,1037,3111,2052,actuallyapotato,59rYkD8T2UT6a4REJW3NuCgQ7dJr9FHUp4ukCMoHmqyHntBpaoS81CAuW5BhjahxEGHCBQl0DS5_tg,Rumble,68,False,12,10,19,13776,1377,36433,1524,39335,15088,17678,1270,34037,4629,3111,6653,4633,4630,2031,2052,Katinka4,5u1OuQR4vRKF7Wfn6FxxPnF4Pic4-FPSAvzJquGYzMPSFuMSEZoLeekzJDwtzrrqkKqmCIxy_uJFOQ,Sion,14,False,3,10,18,10907,8904,4241,950,14096,26568,24360,981,51909,6664,3083,2502,0,3076,3111,2052,Shuckle,wNZrz_iRLQUVnyoil-jSSQ3ZZd7o-bTCyYIDgBqheYtREHcZd0astsVtTKvM5-ORRt5kh9rBdiFR4w,Karma,43,False,5,9,21,11915,546,20218,404,21170,6403,16577,439,23419,2065,3118,3158,6653,3067,3108,2052,Montepremi,eHmHofAr3Lq2c55a8_huZdBnzvRWjeO0bn6wj2Vq1BHAgjUtOnRBrlnIXixAOgipl34UxJzcLPldQg,Zeri,221,False,11,10,13,14246,16954,9236,1365,27557,9153,12772,477,22403,3087,3006,3085,3031,3156,0,0
False,Smolder,901,10,9,27,NA1_4981056459,871,ARAM,1713847408226,NexusBlitzPlease,3q6nOtzJYKRC4hv9qjG9JwgTHqawoq3HNerIXq8Os5oZtEPInaik28fG7E0UQKNVnnQGYaer5FPUAg,Brand,63,True,8,5,22,11776,862,27744,0,28607,4416,7873,185,12475,3118,3020,2031,6653,1052,0,2052,God is Kind,6gTU4fMM-6aQqp7xFcHrx7tuIFqBnr_69RERRSZKpodqu8gjeIN8QxWH_gV4KplnJFrFwna42TsSAg,LeeSin,64,True,9,7,19,11584,18990,4321,690,24002,10773,10929,2748,24451,2051,3074,2031,3111,3156,0,2052,CDhotpot,_xIJk8_gUlRwHlw6nIQrq2uawz9vRF21QflC_rCao6oJz4etMfuhaxGks1mzcPQq40OnyygJXjBVCg,Kassadin,38,True,4,10,18,9717,1617,14734,744,17095,13177,8338,1031,22547,6657,3040,3020,3118,0,0,2052,Thang,xekH0JVxD4KMb5U9m93yKWbh9AWUV63p1CQ5zdpS8t-dpbBG4QNHybugE78HAKYNs7AmBd83CEZVQg,Vi,254,True,4,12,16,9709,16929,0,954,17884,10012,8671,132,18816,6676,3111,6692,3133,2021,0,2052,G00,3Omijdfcj5bRtlS9_s88HBf2P_VIEyXqmThJ4HnIWLTfgUscgPyxzKor4K06Yyl11k3EmrskKGZOdw,Gwen,887,True,15,10,18,13305,7460,30856,8808,47125,16143,19122,949,36216,2051,3111,3075,3115,4633,1033,2052,Balkai,UaaAHDMrzSadZEnUtc2TEjGP5jaJQ8MVcULtz1SL1H8OAy6lAHz7EQ2OJwbvBST0YkR0fPD9AeT4ZA,Smolder,901,False,10,9,27,11528,20433,2633,0,23066,7184,12041,2265,21491,3508,3094,6675,3158,1038,0,2052,actuallyapotato,59rYkD8T2UT6a4REJW3NuCgQ7dJr9FHUp4ukCMoHmqyHntBpaoS81CAuW5BhjahxEGHCBQl0DS5_tg,Rumble,68,False,8,10,28,10622,5191,16353,534,22079,12455,22700,2730,37886,3084,3020,4633,1026,3147,1052,2052,Katinka4,5u1OuQR4vRKF7Wfn6FxxPnF4Pic4-FPSAvzJquGYzMPSFuMSEZoLeekzJDwtzrrqkKqmCIxy_uJFOQ,Leona,89,False,7,9,24,9524,7285,6329,770,14385,13061,14766,3250,31079,3111,3084,3190,2504,0,0,2052,Shuckle,wNZrz_iRLQUVnyoil-jSSQ3ZZd7o-bTCyYIDgBqheYtREHcZd0astsVtTKvM5-ORRt5kh9rBdiFR4w,Yuumi,350,False,8,5,30,10670,229,11393,922,12545,2645,4469,725,7840,3070,6655,3137,3089,1052,1052,2052,Montepremi,eHmHofAr3Lq2c55a8_huZdBnzvRWjeO0bn6wj2Vq1BHAgjUtOnRBrlnIXixAOgipl34UxJzcLPldQg,TahmKench,223,False,11,7,19,11515,9169,18225,820,28215,24524,23679,2225,50428,3084,3047,6664,3065,1031,1028,2052
True,Annie,1,5,9,27,NA1_4981039439,928,ARAM,1713846260348,BuluoHua,MR7-i4-YHWsIqcfp07g70aV9lBfAQBT2Wf871cR6Em4JPd8_0gz4BRcOwP8bO0EcQEV30MVIT8H2BQ,Kassadin,38,False,7,8,16,10149,1163,13341,260,14764,10365,9535,890,20791,3118,2031,0,3040,6657,3020,2052,StanX,donDsxa1RJMPVrfLx3yhCh3gfDyp5punWgmRH4ApN57mX1sNH6ORWTqiRnTExibeCCWMqet8G4acyA,Ekko,245,False,13,8,17,12469,2562,20714,605,23881,9160,10241,291,19692,3157,3020,3100,4645,4630,0,2052,G00,3Omijdfcj5bRtlS9_s88HBf2P_VIEyXqmThJ4HnIWLTfgUscgPyxzKor4K06Yyl11k3EmrskKGZOdw,Darius,122,False,3,14,20,9895,16968,85,1872,18925,26439,18197,440,45077,2051,3111,1028,6610,2502,3211,2052,Shiverblaze,iCnWpB5UnyIBEBzlJFr6l2J3F2dQ_lDOGM_sLu0QCsHYvtUHVwpM9uOyCVeSFR2adUlqmDAC6m1ByA,Jax,24,False,11,13,12,11515,13404,7968,854,22227,19726,13994,324,34045,3091,3111,6610,3078,0,0,2052,Popoiis,fwk2DzHZd-yatvFE64FP5X0iy5PrejuoYulgbtR5IiRDlhfGEzout4KSkuB_QjloT7w9CXzVs4tuFQ,Jinx,222,False,5,9,29,11693,25008,1753,0,26761,9014,7617,286,16918,3006,6672,3085,3036,1038,0,0,Balkai,UaaAHDMrzSadZEnUtc2TEjGP5jaJQ8MVcULtz1SL1H8OAy6lAHz7EQ2OJwbvBST0YkR0fPD9AeT4ZA,Annie,1,True,5,9,27,10584,932,16573,1058,18564,7922,7538,390,15851,2031,3157,3020,3118,3108,2022,2052,actuallyapotato,59rYkD8T2UT6a4REJW3NuCgQ7dJr9FHUp4ukCMoHmqyHntBpaoS81CAuW5BhjahxEGHCBQl0DS5_tg,TwistedFate,4,True,13,8,22,12621,22678,12511,0,35189,13571,7427,530,21529,3124,3153,3302,1057,3009,1031,2052,Katinka4,5u1OuQR4vRKF7Wfn6FxxPnF4Pic4-FPSAvzJquGYzMPSFuMSEZoLeekzJDwtzrrqkKqmCIxy_uJFOQ,Nautilus,111,True,1,7,35,9722,4307,5527,720,10555,14337,8471,508,23317,3111,3076,3190,2051,3002,1057,2052,Shuckle,wNZrz_iRLQUVnyoil-jSSQ3ZZd7o-bTCyYIDgBqheYtREHcZd0astsVtTKvM5-ORRt5kh9rBdiFR4w,Brand,63,True,11,6,30,12181,1695,23708,0,25404,10120,8168,840,19129,3116,3020,6653,3165,1058,0,2052,Montepremi,eHmHofAr3Lq2c55a8_huZdBnzvRWjeO0bn6wj2Vq1BHAgjUtOnRBrlnIXixAOgipl34UxJzcLPldQg,JarvanIV,59,True,21,9,27,15005,32767,1264,455,34487,21037,12258,1323,34619,6631,3047,3161,6610,3053,0,2052
False,JarvanIV,59,6,11,20,NA1_4637127415,874,ARAM,1682221539758,LenixStone,IieJcsrXDRZHnZaMdfm56EKIeCAm5TFg4AyOyQDPWicORPDnTQ19bOZmTSNsSgLTcJNwU3VATcIa_Q,Morgana,25,True,3,7,40,9428,711,9739,1334,11785,8875,7372,1830,18078,3158,6656,3157,1011,1052,1026,2052,Duckmaster,dxtLTDJDA1QyarWJxsbJLsGha2oF7Lte9lW9mYoshvNda5UvZ-xF5Xrfscw-pwiuhJM3nCc4oHkZCw,Caitlyn,51,True,9,8,29,10984,19494,1559,0,21053,6829,6969,383,14182,6671,3031,1053,1018,0,3006,2052,Pidgeottoes,9NK1EIZWZvbKBvbQxOqCFDgooCVP9_l3H27SyCl9f2QO1IkuxlT2CkSj74edQrTB334Wkgqe9gPH4w,Jayce,126,True,25,6,31,15055,41656,3755,274,45686,6940,4936,438,12315,3042,2031,3158,6692,6694,6676,2052,NA american,O2B5rEJyOfiVbvWCjIashCq6k51b_jVku-ZXo_xfD4MvTOeG4V0kjObCAeFDttZJ31btvMxrArvbtg,Irelia,39,True,14,11,26,13164,16839,4788,0,21628,23752,8487,840,33081,2051,3153,3111,6665,3091,0,2052,Backtosquare1,gwxZsD1GMh3ldzv5PatRiSypAhWCN7MQ9r01gQ713FEmx3623Q8Cgbd9dKrDwlT9jsn93XV4h6dAdQ,Xerath,101,True,8,3,39,10789,320,20021,565,20906,6263,1991,105,8360,3112,3070,6655,3020,3089,3108,2052,Jaÿne,9AmcLdjrWtj6IeruQtXE_L3Ehyt9F1V16z71uO-yXIlUeeewGCaatfJLgn_SUOkwAwtq4s9ag6Ynsw,Yasuo,157,False,9,18,14,10655,13361,1496,1071,15929,20643,7943,698,29285,6673,3046,3031,0,0,3111,2052,Balkai,UaaAHDMrzSadZEnUtc2TEjGP5jaJQ8MVcULtz1SL1H8OAy6lAHz7EQ2OJwbvBST0YkR0fPD9AeT4ZA,JarvanIV,59,False,6,11,20,9973,8653,1803,617,11073,23204,11807,623,35636,2051,3083,6665,3076,1028,3047,2052,actuallyapotato,59rYkD8T2UT6a4REJW3NuCgQ7dJr9FHUp4ukCMoHmqyHntBpaoS81CAuW5BhjahxEGHCBQl0DS5_tg,Taliyah,163,False,4,11,20,9134,345,20983,0,21328,14243,5922,410,20576,6655,3020,3116,1028,1026,1052,2052,Katinka4,5u1OuQR4vRKF7Wfn6FxxPnF4Pic4-FPSAvzJquGYzMPSFuMSEZoLeekzJDwtzrrqkKqmCIxy_uJFOQ,Quinn,133,False,13,9,12,12334,22890,1578,911,25380,14136,7399,263,21799,3111,3031,6671,1036,3086,3035,2052,Shuckle,wNZrz_iRLQUVnyoil-jSSQ3ZZd7o-bTCyYIDgBqheYtREHcZd0astsVtTKvM5-ORRt5kh9rBdiFR4w,Lulu,117,False,3,10,24,9076,1507,3895,0,5402,15147,6790,178,22116,2065,3107,2051,3916,3158,3114,0
False,Warwick,19,2,7,7,NA1_4637057693,602,ARAM,1682217954607,IVE YUNA,LTQV_b6zE3yU8emaTFIdlKM873iADguaHqxOckjJ5zrTsbExHLmk1eyqRNG6uqdzxfOWTSieIuw05A,Janna,40,True,1,1,23,6687,184,2556,0,2741,2478,1222,80,3780,3070,2065,3158,0,0,0,2052,Pu Tong Peng You,OGKES1lPUOvcXrhWLkpOSai8d_qJwxCAKWw83ddVbqNUUBMgn_mT1m-MNIao75Tqe_yF4DMvgGjhEw,LeeSin,64,True,11,5,11,8404,10030,3468,300,13799,10361,2906,30,13298,3071,6630,2031,3047,1036,0,2052,Lights Out,1U1uLv99SI8n6AjfpeJNrHW7YC8gGr6CIuKab4-hSMyPMfNIoCjKlRgJMIQsfe-gu4tOitBgHRm7Fw,Xerath,101,True,4,3,17,6950,259,10050,338,10647,2262,2305,175,4742,6655,1001,3145,3108,0,0,2052,stevendking,Hn0AIdc3GUsk_YqqlU20yUkfd0_PdcopxHLxoInVPIZKUqtWuTc9d87cHSsxu5aE6P0PfJ2biHJAQg,Pantheon,80,True,8,4,9,7458,9034,141,245,9421,5423,2045,45,7514,6692,3111,3155,0,0,0,2052,Snypie,9l3seA6Plbjg0LSFrCy6fS7_qgBhNzIZ3rCpa7d286GoOtXux5BtyvpU79av8rgUY43WIxzvQoaSDA,Brand,63,True,3,1,18,7391,597,15326,0,15923,2443,803,0,3247,6653,3020,0,0,0,0,2052,CEO of Applebees,PtSBUQt1ipcz8ClDpuI7qFXKYjHSzg4mSBKaOuFQe48GJnE1S_h-RKHU9LCZFuhWKtaE8573e5X_Aw,Aphelios,523,False,3,6,8,7199,8489,129,0,8618,4731,6222,47,11001,3072,3006,6670,1037,0,0,2052,Balkai,UaaAHDMrzSadZEnUtc2TEjGP5jaJQ8MVcULtz1SL1H8OAy6lAHz7EQ2OJwbvBST0YkR0fPD9AeT4ZA,Warwick,19,False,2,7,7,6124,785,1993,160,2939,5713,8300,302,14316,2051,3105,3111,1028,0,3067,2052,actuallyapotato,59rYkD8T2UT6a4REJW3NuCgQ7dJr9FHUp4ukCMoHmqyHntBpaoS81CAuW5BhjahxEGHCBQl0DS5_tg,Irelia,39,False,3,7,4,6424,2487,1301,170,3959,6437,6084,308,12829,3184,2031,3111,1036,0,6630,2052,Katinka4,5u1OuQR4vRKF7Wfn6FxxPnF4Pic4-FPSAvzJquGYzMPSFuMSEZoLeekzJDwtzrrqkKqmCIxy_uJFOQ,Tristana,18,False,3,3,9,6881,5733,0,0,5733,2951,5743,119,8813,3184,0,2031,3072,6670,2422,2052,Shuckle,wNZrz_iRLQUVnyoil-jSSQ3ZZd7o-bTCyYIDgBqheYtREHcZd0astsVtTKvM5-ORRt5kh9rBdiFR4w,Veigar,45,False,3,4,8,6624,218,5858,0,6076,1594,5192,106,6893,6655,3020,1058,0,0,0,2052
True,Malzahar,90,8,8,21,NA1_4637112921,958,ARAM,1682220381004,Pk9aN,cX1WAJJMXTFd0EzA80smrg4IWb_OMF-xTATlYN9oja5m28zENopaD09SXIIAST9NcT5DF4GLHv3v-Q,Jhin,202,False,6,6,18,11963,13231,1151,163,14546,6738,6932,288,13959,6692,3006,6676,3031,1036,1036,2052,TruongCg7CG7,KbDvsfC483q-8_Fw30iSA5BKIkKpFRR3GXmrOVb49nysLseKvm_HfnSab4tTeNOE6mdkY1pesDXbfA,Nidalee,76,False,12,6,21,12576,727,32489,1402,34619,7052,9513,476,17042,3112,3040,6655,3020,3089,1052,2052,Gilthunder,Tn5St7yPO_FiqClWDirh6w_bFimUQVX-SDsMjSEu44hnbbmNYTiQcxtLQ7WYhZbEJIt4tUkRWO7alg,Trundle,48,False,0,10,23,8844,9279,1593,415,11288,15475,12999,955,29430,6632,3153,3076,0,0,3111,2052,deedone22,LpfwXpzb4Xj_Teeb0WL6nHjk0lOrQLe6TvXq5nuRotXg6GuRx2JDa9eon_7ViWXq3HY27CIzUscwZg,Kassadin,38,False,12,8,11,12019,1203,21899,338,23440,14916,7643,516,23076,6657,3040,3089,3020,3916,0,2052,XenoviaExcalibur,u_ke2MnBxQK5BAKCYY46Y28U5H35GBbvW5bSlBxRpkQ4jmAMFkdlRrMBrUio_fnYRYVKGy7V1SpMKQ,Darius,122,False,4,7,20,10530,10440,0,1443,11884,9444,12464,1484,23393,6630,6333,2051,3076,1011,3111,2052,Balkai,UaaAHDMrzSadZEnUtc2TEjGP5jaJQ8MVcULtz1SL1H8OAy6lAHz7EQ2OJwbvBST0YkR0fPD9AeT4ZA,Malzahar,90,True,8,8,21,12752,603,21114,1211,22929,2595,9277,190,12063,6653,3116,4637,0,0,3020,2052,actuallyapotato,59rYkD8T2UT6a4REJW3NuCgQ7dJr9FHUp4ukCMoHmqyHntBpaoS81CAuW5BhjahxEGHCBQl0DS5_tg,Kayn,141,True,11,10,18,12065,23561,1178,26,24766,12670,18009,937,31617,3076,1037,3071,3158,3044,6630,2052,Katinka4,5u1OuQR4vRKF7Wfn6FxxPnF4Pic4-FPSAvzJquGYzMPSFuMSEZoLeekzJDwtzrrqkKqmCIxy_uJFOQ,Nocturne,56,True,10,7,19,11992,22335,2391,995,25722,13395,8858,2298,24553,3047,6333,6630,3155,0,3184,2052,Shuckle,wNZrz_iRLQUVnyoil-jSSQ3ZZd7o-bTCyYIDgBqheYtREHcZd0astsVtTKvM5-ORRt5kh9rBdiFR4w,Ivern,427,True,3,3,29,10383,2317,3647,155,6119,5197,7266,260,12723,2065,3158,2031,2051,3011,3114,2052,TimTamTatami,TjbQnU-8xb5u__W9uyrLlJeInIyUsesmCK4hTrnuy6IqwbDMknLVD0YzmLldRXddjIcMWaARBeK1UQ,Swain,50,True,5,6,28,10828,1644,21221,1331,24197,8511,13721,431,22664,6653,3111,3116,1052,1026,1028,2052
False,Lucian,236,17,10,14,NA1_4637081202,1262,ARAM,1682218953519,WAN WAY YEE,R_Vgkl8v1OvnCChHCgMM_9C-IsHJ4OA3yMIb1tDt0kNyhFIJ5z5FsBF5sSO9TihKWjm5S9CZCXhAOg,Graves,104,False,17,14,16,16836,37929,2375,1985,42290,8224,22313,932,31471,3042,6676,3031,3006,3036,3134,2052,Balkai,UaaAHDMrzSadZEnUtc2TEjGP5jaJQ8MVcULtz1SL1H8OAy6lAHz7EQ2OJwbvBST0YkR0fPD9AeT4ZA,Lucian,236,False,17,10,14,15740,36593,5944,4414,46953,11629,14968,663,27260,6672,6675,3036,3072,3086,3111,2052,actuallyapotato,59rYkD8T2UT6a4REJW3NuCgQ7dJr9FHUp4ukCMoHmqyHntBpaoS81CAuW5BhjahxEGHCBQl0DS5_tg,Zilean,26,False,2,7,35,12677,743,28067,1231,30042,7093,14990,320,22403,6653,3040,3158,4629,1058,0,2052,Katinka4,5u1OuQR4vRKF7Wfn6FxxPnF4Pic4-FPSAvzJquGYzMPSFuMSEZoLeekzJDwtzrrqkKqmCIxy_uJFOQ,Taric,44,False,2,9,32,12007,1844,8638,1342,11825,15208,21200,638,37048,3121,3111,3190,3109,3050,0,2052,Shuckle,wNZrz_iRLQUVnyoil-jSSQ3ZZd7o-bTCyYIDgBqheYtREHcZd0astsVtTKvM5-ORRt5kh9rBdiFR4w,Ivern,427,False,4,4,36,12932,3532,5424,409,9366,15872,11677,575,28125,2065,3107,3109,2051,3011,3158,0,Yuuri,DTjSbvu7COlyubFmkPWX0mWBT4rJTPaBRlYJHmBtkrFJ1w7AM4ZEE989juryewOFPxOs8jVTy73ssA,Varus,110,True,9,10,22,15245,25840,9786,41,35668,17777,9742,1031,28551,6673,3124,3006,3085,3153,1036,2052,Silvermooninja,rwsRh_GDKsEXiVh8tfshC2bPPY9FerliQiBhGvSoehsvv7ISrZDX4jibQ4YvZdAWHSFP24c1jC_5AQ,Nami,267,True,3,4,34,12888,693,10529,0,11223,6098,4520,462,11081,4005,3222,3158,3504,6616,3070,2052,Modernized,ytA4WmWA2TW4cg-AfOXuwNOk-0hwolbh_hk5nbS9tJJilM2N_fxtroRTvz0pozeEcSXRF8wqNnpY3w,Maokai,57,True,6,8,26,13724,1716,17587,1615,20918,28454,13323,1409,43187,4637,3070,6665,3047,3068,3211,0,ethan2012roblox,O-6WAsXGomyNZ04gQhzApfYgfDNWp2T7J0gfdOYEOOtFJ0f3u-qiOSpJj989g5Smg1qzfs8JqAcjpg,Viego,234,True,12,8,20,15047,23451,5132,1381,29964,15518,11524,4926,31968,3111,6695,6333,3177,6665,3133,2052,DonnieTrump,ZxKLzQCsll-rLZEsBDomch770gv0t_hYdJ6SMGIs92m4-Y9Z9J4mmBiUha1dvJ0fMz4JAFGJHtzHdg,Ryze,13,True,13,12,16,16440,409,42115,92,42617,27694,11339,2232,41267,3040,4629,6657,3111,3089,1052,2052
True,Amumu,32,3,13,18,NA1_5017334377,947,ARAM,1718076668559,PinguCult,Exn1Rj9J-leYwLOPFlOO4TiLXv64lAMCXuvzooyxS-URwuwQgUAWlZacxUV7fsIN-gN1gkEjpje7Xg,Viego,234,True,15,8,20,13434,27847,5128,2314,35290,17965,12682,2316,32965,6610,1036,3111,3091,2019,1037,2052,Balkai,UaaAHDMrzSadZEnUtc2TEjGP5jaJQ8MVcULtz1SL1H8OAy6lAHz7EQ2OJwbvBST0YkR0fPD9AeT4ZA,Amumu,32,True,3,13,18,9711,1592,8740,1659,11991,11587,13937,4855,30380,3121,3068,1029,8020,3047,1033,2052,actuallyapotato,59rYkD8T2UT6a4REJW3NuCgQ7dJr9FHUp4ukCMoHmqyHntBpaoS81CAuW5BhjahxEGHCBQl0DS5_tg,Ezreal,81,True,11,7,19,12660,26065,10548,87,36701,10937,5474,1272,17684,3042,3078,3158,3161,3035,0,2052,Katinka4,5u1OuQR4vRKF7Wfn6FxxPnF4Pic4-FPSAvzJquGYzMPSFuMSEZoLeekzJDwtzrrqkKqmCIxy_uJFOQ,Rammus,33,True,3,8,22,9937,2590,9915,89,12596,12632,16649,2122,31404,3047,3075,3083,1031,3067,0,2052,Shuckle,wNZrz_iRLQUVnyoil-jSSQ3ZZd7o-bTCyYIDgBqheYtREHcZd0astsVtTKvM5-ORRt5kh9rBdiFR4w,Bard,432,True,15,7,25,13454,4942,23695,1206,29844,12630,7287,978,20896,3100,3158,4629,6653,3144,1042,2052,Johnny X100,DKCrfrc2qorUiFkQ6g-sdZFfPav7bQrfqEEuvhE3V3rhXZFk2JMQ11Y49oSWa6D3DUyy0oZr_hUMsQ,Zoe,142,False,4,5,29,11466,2246,24848,3479,30574,6447,7324,301,14073,6655,2031,3020,4645,3135,0,2052,LoiddForgerr,0RZVfUcIg96U-PsB2p4FqMviVQcmswAjbyDxxNVTV3BWx13-4sIro7i_MG_UPtRqU0Y3b7XPTwmy7g,Pyke,555,False,13,10,17,10881,16674,0,5045,21719,12462,13669,918,27050,6696,6698,3158,6694,0,0,2052,Mys 13,EzY0Y4UvflGR_dOJ5G7wMsA8je0glVI-oVVZuFQQuBa7Xmc8CgflXZSZEv_Yqn_xaGZYgYR1bv0xeA,Nidalee,76,False,9,9,22,12057,368,26494,993,27855,10781,11193,830,22805,2503,3020,6653,4628,1058,0,2052,JKylin,xTuYjeAoatQqw387WMUqgbkWYZgTwv_q6zUgGNdBeKlaySuxi4KSHfaq0erktnpYx5Z0paR2VjIb7g,Sion,14,False,2,11,27,9965,13089,3342,655,17088,31161,15749,2798,49710,2051,3121,3084,3111,6660,1031,2052,158,5WVPA10PwgxP-PlIaxofkFpFB_vloSxz1DaFCTkUwqehEIC-VfLiGyc67uxxky5t7caQJpRSNJ-6_w,Zed,238,False,15,12,13,13340,21493,1347,1691,24531,11834,10090,829,22753,126697,6698,6696,6676,1036,1036,2052
True,Twitch,29,23,11,19,NA1_4626886549,1581,ARAM,1681189785294,xPLUTOx,dd9bRNWnSxppDwxv9GAOs4swb4ooxdP3bzvyDem1XTw5aCh-jYKRS-dSXI8ZzGBn8ZouAtTSfRbOCQ,Zed,238,False,14,13,18,19324,40565,2307,535,43407,22999,12432,1060,36493,3074,3111,3814,6691,6694,3071,2052,b2z2b,ZPA85CYOdRNZpdZXkN8Ph28m1BVuTdlY__10vZH9Oz7QaZNQpyaGpxkvR4-79NrpxVyjT95wLotoGg,JarvanIV,59,False,5,13,32,15903,25410,2996,1005,29412,29536,17278,2150,48965,3143,6630,3121,3071,3111,6660,2052,tysOOk,smfGF5G04Lc7iGs6NNT6au7ujZSU9LVqkXL3tgb5jjNkxbq1-05I3Dgz7mnslsXofCugHHSyn6vKaQ,Lillia,876,False,10,11,22,16944,354,38602,10039,48996,23505,12524,1297,37327,6653,3157,3111,4629,4645,4637,2052,Yosoeni,akquRkoXQ7BS_MGae0nrIHtHDQDy6tPfvH9sYRcYzIwjZBTb-L3BWozFABNR41TAYynt_UmguYUReA,Lulu,117,False,4,6,39,14910,741,4364,0,5105,10131,7335,1217,18685,3158,2065,3222,3121,3011,3114,2052,owo David uwu,6CZ08pStwGVgqntVOds6Aa2EIJ2cN_zCFclbHb1WWUTA_MIs3mR9BirL3TCTXVX1e1E8ud0Y8tUDtQ,Vayne,67,False,14,10,14,18579,22921,3136,16280,42337,15934,11653,1665,29252,6672,3143,3124,3111,3153,3091,2052,Balkai,UaaAHDMrzSadZEnUtc2TEjGP5jaJQ8MVcULtz1SL1H8OAy6lAHz7EQ2OJwbvBST0YkR0fPD9AeT4ZA,Twitch,29,True,23,11,19,21469,45699,1419,3136,50255,23462,10386,2895,36744,6673,3085,3031,3072,3036,3006,2052,actuallyapotato,59rYkD8T2UT6a4REJW3NuCgQ7dJr9FHUp4ukCMoHmqyHntBpaoS81CAuW5BhjahxEGHCBQl0DS5_tg,MonkeyKing,62,True,14,8,32,19051,31893,5696,1348,38938,27389,11038,6703,45131,3053,3047,3071,6632,3161,3105,2052,Katinka4,5u1OuQR4vRKF7Wfn6FxxPnF4Pic4-FPSAvzJquGYzMPSFuMSEZoLeekzJDwtzrrqkKqmCIxy_uJFOQ,Leona,89,True,0,7,34,14546,2406,4945,188,7540,21199,7698,7139,36036,3111,3083,3193,3001,3076,1011,2052,Shuckle,wNZrz_iRLQUVnyoil-jSSQ3ZZd7o-bTCyYIDgBqheYtREHcZd0astsVtTKvM5-ORRt5kh9rBdiFR4w,TwistedFate,4,True,10,10,28,18004,1447,33525,696,35670,16302,9647,1863,27813,6653,3157,3020,4629,1058,3100,0,Higgins37,9hlUSDijNvTEWybNg4tbzgMiaEAtOVw-cGLeF_7fthSRcrxvIaaoVjpx_Tc2mNv5R9C8N66-dvOjcg,Amumu,32,True,5,11,32,16307,2152,15638,2021,19811,17754,12634,9258,39647,3193,3110,3047,6665,3075,2051,0
True,Chogath,31,4,12,20,NA1_4626878754,1100,ARAM,1681188519634,Zayn Malik,S178Cl5Dl8McSNj6VBTC6LysD3aJWBi0idR2bFn5uB-VDj5ecbrZKEQ7oQBpxPnAupvWccBgO4UDWw,TahmKench,223,False,5,8,17,12121,2220,16595,355,19170,15172,29716,300,45189,2051,3068,6665,3111,3070,3065,2052,Evos,NB8-Ubki57ncwwzcsb7-bTSjRF9XENH6S_GWxIAbcqo_ijcvVugc0jUPgEZFXtPoUFfTFA2oWZngfQ,Corki,42,False,7,11,19,12633,3691,30633,0,34325,7745,14063,83,21892,6655,3042,3074,3020,3916,1052,2052,MrTastea123,PI4-SULrn0g7zr68rwZVUykvJREGIAUaUY3NHMTNfpOMtmUPo910LeTXG28AZmMvd3uNknSFuNu9OA,Talon,91,False,3,11,18,10575,15530,265,1330,17126,12360,15391,1970,29722,3071,2051,3111,6692,3067,1011,2052,Unagi Donburi,CDOLXai-3xnD0SzpRI5UYdqMNeTKJgzerjL4xXZm0Rn_RFMpZHwtuZKnAaHvGjCozhtht1v2WM0YFA,Viktor,112,False,5,8,14,11119,337,23786,0,24123,5155,11040,33,16229,4645,3070,6655,3111,3916,1058,2052,o0Seeker0o,y5iq2q2IjuQAnqgPXgkBU8HLXtO3i6i1L0F4aO1jQm5hcpe6T4a3vsQ6w8g4XDBiS3p3rKGxi27gFg,Senna,235,False,11,8,16,14435,19970,25,1584,21580,6292,15122,899,22314,3184,3042,6672,3006,3153,3035,2052,Balkai,UaaAHDMrzSadZEnUtc2TEjGP5jaJQ8MVcULtz1SL1H8OAy6lAHz7EQ2OJwbvBST0YkR0fPD9AeT4ZA,Chogath,31,True,4,12,20,11017,2028,9132,2584,13746,22636,23922,1952,48512,3083,1029,6665,4401,1029,3111,2052,actuallyapotato,59rYkD8T2UT6a4REJW3NuCgQ7dJr9FHUp4ukCMoHmqyHntBpaoS81CAuW5BhjahxEGHCBQl0DS5_tg,Aphelios,523,True,20,4,19,16272,39034,2246,0,41281,9333,12586,544,22464,3184,3036,3006,3072,1038,6671,2052,Katinka4,5u1OuQR4vRKF7Wfn6FxxPnF4Pic4-FPSAvzJquGYzMPSFuMSEZoLeekzJDwtzrrqkKqmCIxy_uJFOQ,Soraka,16,True,1,5,40,11088,688,5808,192,6690,7176,11747,59,18982,3158,3067,3070,3083,6617,3112,2052,Shuckle,wNZrz_iRLQUVnyoil-jSSQ3ZZd7o-bTCyYIDgBqheYtREHcZd0astsVtTKvM5-ORRt5kh9rBdiFR4w,Zyra,143,True,2,4,33,11054,1186,34226,0,35412,4038,10589,157,14785,6653,3020,4637,3116,0,0,0,Higgins37,9hlUSDijNvTEWybNg4tbzgMiaEAtOVw-cGLeF_7fthSRcrxvIaaoVjpx_Tc2mNv5R9C8N66-dvOjcg,Vex,711,True,19,6,17,15038,484,33919,510,34914,6056,12460,554,19071,6655,3020,4645,3135,1058,0,0
False,Morgana,25,4,7,10,NA1_5077172042,767,ARAM,1722919186036,GatorAlligator,O0JBemyokAd5TyGSvfls3egXufdApV6UtoVJzBLUOWLtpkGdk3tN46Tx23-XJzaM9rc95FUU8vKAGg,Lulu,117,True,1,3,32,7944,684,3373,21,4078,4024,5501,95,9621,6617,3158,3504,3114,3067,0,2052,PRmars,vTLeVyYxe5iWXJkCw7FwgDE8wj3ouBABBMApyyY16d7SsLr_M9-_Ca2XVyLkCtZsGtYZW9QlcG_WMg,Thresh,412,True,7,4,24,8715,1075,8021,479,9575,7808,13771,768,22347,2051,3084,3111,3211,1057,0,2052,LW2000,CP5ADqBOpobzfBdLIH-2iUzMxaa4D6O-Bjmn54LrF4M8gUnv7MYJhKL-7WbDCuWGS09qXgsXRK2ytA,Seraphine,147,True,4,2,31,8611,1379,11616,31,13027,2183,5110,130,7424,3118,2508,3116,3158,0,0,2052,Spingiggle,C4A4BMZ36-l_T7DjUtT3a0TC8gjcKdfL0DnTPymV6QyCEqUjzRlM0lmKGLCNULE87ay3jatbFihdmw,Xayah,498,True,11,3,23,11772,22370,5611,45,28027,4504,7251,80,11836,3184,2031,3087,6672,3035,1001,2052,JohnInTheBox,INZlFQ02Q4QF9AnSkFHWLY2Iq0DxGmKsImnGKzePDKIMzA5R8l6uAyFGWOnjkGcJJ5agbpCB2cyLFA,Zed,238,True,12,4,13,9888,18502,1268,886,20657,4078,4500,300,8878,6676,6696,3111,1036,1036,2022,2052,Shißßa,z_gPZddx-prX1l4-gb8QHtalP8sTeOwRowbRpX5Sp4slIfB3rfy2MMI2uS0GSGYQq9A_zDDsOisJPA,Brand,63,False,1,10,9,7755,150,16498,373,17022,9819,5388,86,15294,2503,3020,3116,2508,0,0,2052,Balkai,UaaAHDMrzSadZEnUtc2TEjGP5jaJQ8MVcULtz1SL1H8OAy6lAHz7EQ2OJwbvBST0YkR0fPD9AeT4ZA,Morgana,25,False,4,7,10,8936,714,13966,782,15463,9606,6218,80,15905,6653,2420,1058,1052,1028,3020,2052,actuallyapotato,59rYkD8T2UT6a4REJW3NuCgQ7dJr9FHUp4ukCMoHmqyHntBpaoS81CAuW5BhjahxEGHCBQl0DS5_tg,Jhin,202,False,8,5,5,9595,11548,817,58,12424,6301,3053,140,9495,6676,3009,3094,3035,1036,1018,2052,Katinka4,5u1OuQR4vRKF7Wfn6FxxPnF4Pic4-FPSAvzJquGYzMPSFuMSEZoLeekzJDwtzrrqkKqmCIxy_uJFOQ,Warwick,19,False,2,5,6,7532,735,2664,0,3399,9691,5474,752,15918,3111,2051,2031,6333,1053,0,2052,Shuckle,wNZrz_iRLQUVnyoil-jSSQ3ZZd7o-bTCyYIDgBqheYtREHcZd0astsVtTKvM5-ORRt5kh9rBdiFR4w,Nautilus,111,False,1,8,6,7008,1281,2187,160,3629,10273,9756,444,20473,2031,3143,1001,2051,1011,3066,0
False,Veigar,45,11,11,23,NA1_5079202363,1225,ARAM,1723086829103,Balkai,UaaAHDMrzSadZEnUtc2TEjGP5jaJQ8MVcULtz1SL1H8OAy6lAHz7EQ2OJwbvBST0YkR0fPD9AeT4ZA,Veigar,45,False,11,11,23,13100,1024,28047,743,29815,10947,19645,1648,32241,6657,3040,3089,4630,3020,1026,2052,actuallyapotato,59rYkD8T2UT6a4REJW3NuCgQ7dJr9FHUp4ukCMoHmqyHntBpaoS81CAuW5BhjahxEGHCBQl0DS5_tg,Smolder,901,False,19,6,27,17700,53314,11034,17820,82168,10859,16280,1818,28958,3508,3161,3158,3094,3036,1053,2052,Katinka4,5u1OuQR4vRKF7Wfn6FxxPnF4Pic4-FPSAvzJquGYzMPSFuMSEZoLeekzJDwtzrrqkKqmCIxy_uJFOQ,Elise,60,False,8,10,28,14046,1592,31961,1767,35321,11208,12229,2102,25541,3020,3040,6655,3137,4645,0,2052,Shuckle,wNZrz_iRLQUVnyoil-jSSQ3ZZd7o-bTCyYIDgBqheYtREHcZd0astsVtTKvM5-ORRt5kh9rBdiFR4w,Rammus,33,False,7,10,36,13586,2941,11204,775,14921,20950,22769,4344,48063,3083,3143,4401,3075,3047,0,0,Piikachu Bot,c2MS8ZjGMtVIsAO-DBM9g5tm0DzrDU-W8YfXGjsPAPCZVLEJ7bRG5xKqg8jOHrExujhoWTb85xNFOw,Qiyana,246,False,8,13,23,11922,31850,1172,2494,35517,12919,12165,1570,26655,126697,3042,6696,3035,0,3158,2052,TeamGAP666,7GXCZUNC-Qu4n8K4OFDHubi1YxDoBGyWYorL8UJlVMfHe5rXQhlBgLVotE_CLE1CCEGdO3oUKhpxDA,Hwei,910,True,12,5,26,15089,654,37412,1485,39551,9110,7016,1193,17320,4630,3102,3020,3070,6653,3089,2052,Kybex,2wJc_ztze5mrnCgWq5-k6ZhdmCZW6NvwQQF78Nw4AO2Wpnl77upPHGAz9XGtmKEvfuTUA3AMqAvFLQ,Gragas,79,True,10,9,24,14693,3681,30522,1850,36054,29418,26969,8468,64856,3111,3065,6657,3121,6665,1029,2052,IMPo,CU9E5B5MjxXlcjVHwwpgmsNPKTqmdG8LeFzXY-xcJDJ0m-Qkw1TMGalGI1txBO6mZN3kYtbgMZCBcw,Sion,14,True,7,13,22,13494,11787,7496,2467,21751,44793,17324,10361,72478,3084,3111,3068,2504,3075,0,0,Hey dont go,mPNlgI38fGGc5HYzxBKIrrrvToSFLHBiCGrKLBji0QpASBKrk2hquMvRYmlvij0EQKs5t_d8Xuio6Q,Draven,119,True,13,12,13,16116,21649,0,335,21984,13121,17583,2316,33021,6676,3072,3031,3036,1042,3006,2052,BazaarMedic,_qmWbmG81RXyOBmqCM5qK4WMYh-BtkIEebftdEs2BcMaV5yTDleIVPmSu6eKO3JUcI5EPJhjpqDgIg,Yone,777,True,8,14,24,14274,23444,7659,5844,36947,17708,14526,1758,33993,3031,3153,3006,6673,6333,0,0
True,Singed,27,5,15,41,NA1_5079237135,938,ARAM,1723088293726,Balkai,UaaAHDMrzSadZEnUtc2TEjGP5jaJQ8MVcULtz1SL1H8OAy6lAHz7EQ2OJwbvBST0YkR0fPD9AeT4ZA,Singed,27,True,5,15,41,11194,1594,22729,1150,25474,17506,19436,1236,38179,6657,3116,6653,3066,0,3009,2052,actuallyapotato,59rYkD8T2UT6a4REJW3NuCgQ7dJr9FHUp4ukCMoHmqyHntBpaoS81CAuW5BhjahxEGHCBQl0DS5_tg,Taliyah,163,True,17,4,30,14194,621,42141,2391,45154,3887,7228,727,11843,2503,6653,3020,3135,4632,0,2052,Katinka4,5u1OuQR4vRKF7Wfn6FxxPnF4Pic4-FPSAvzJquGYzMPSFuMSEZoLeekzJDwtzrrqkKqmCIxy_uJFOQ,Amumu,32,True,11,9,35,12493,2497,15764,3210,21472,17176,11894,1492,30564,3111,2051,3067,6664,3110,6653,2052,Shuckle,wNZrz_iRLQUVnyoil-jSSQ3ZZd7o-bTCyYIDgBqheYtREHcZd0astsVtTKvM5-ORRt5kh9rBdiFR4w,LeeSin,64,True,14,7,38,13224,16451,4610,527,21589,15728,17226,3034,35989,2051,3111,3053,6610,3071,0,2052,Pill Bug Petter,pPbhhpax4xtVP9NkQnewSjNeJBZb_6evy8it1vbtQvnVFh24odWiYhT6Kl9SSKwgGHaahVfKDGUGPg,MissFortune,21,True,18,10,36,13549,39203,1214,1290,41708,10141,10760,896,21798,3508,3006,3031,3072,1018,0,2052,GameBoy CoIor,wWWTfOIw9ON3u5Zbvvkau5DQLRcDTg0BuvEiH13c-LKtw0K9F6A50Mqg7xHDvrouV8saZscmi-qH2Q,AurelionSol,136,False,9,12,28,11043,164,29224,1748,31138,11011,13964,1217,26194,3040,3116,1052,3020,6653,0,2052,Lyconix,jOrxurCYt07IzOz2NUMZwK4kTSvq2goasiDQsSSrsZqdA3STQy128tcSXzoXfi3dEeb2rP9ctfUGXQ,Azir,268,False,9,15,21,11932,1264,23062,708,25035,11570,17385,1388,30344,3115,6653,3020,3089,3145,0,2052,CasualToxicPleb,aA0ReVMKJegAyyatuYCvc89wNxMDzjLRO1klGSuH5pd_FVhztKiZxVgob49tNTTw4rBWxiS1ewCUGQ,Samira,360,False,18,12,12,15532,29584,3272,791,33648,11406,12524,1737,25668,6676,3111,3031,1053,3036,1038,2052,Wyxix,YWFR0JJUJyJMVqNZBlUnZg8TnFJzLDOY3HpfcocPpEfpaK2xwdkH2BrAIyxLiOABTyUBqCGYGmUPLQ,Leona,89,False,3,12,27,9710,5691,8268,725,14684,16278,22618,2112,41009,3084,3111,2031,3119,2502,0,2052,JerrbewrR,xdaVqJXOsnaKW8O4am6ceG_7uNf9RaCmQ0jf02EoFH-6oBx6oMIY3RBEgZpvomSPI0jXrObPOhJ6eg,KSante,897,False,5,14,21,10342,14241,2718,1413,18373,17138,19966,2113,39217,3076,1028,0,6665,6662,6664,2052
False,Jinx,222,5,8,11,NA1_4630832256,753,ARAM,1681602971711,Balkai,UaaAHDMrzSadZEnUtc2TEjGP5jaJQ8MVcULtz1SL1H8OAy6lAHz7EQ2OJwbvBST0YkR0fPD9AeT4ZA,Jinx,222,False,5,8,11,8611,9214,513,0,9727,3180,10397,518,14095,6673,1037,3111,1038,1018,0,2052,actuallyapotato,59rYkD8T2UT6a4REJW3NuCgQ7dJr9FHUp4ukCMoHmqyHntBpaoS81CAuW5BhjahxEGHCBQl0DS5_tg,Shyvana,102,False,4,9,9,7854,1606,8516,0,10122,11307,14669,1344,27321,4637,3111,3083,1029,0,0,2052,Katinka4,5u1OuQR4vRKF7Wfn6FxxPnF4Pic4-FPSAvzJquGYzMPSFuMSEZoLeekzJDwtzrrqkKqmCIxy_uJFOQ,Shen,98,False,3,8,14,7862,3135,2408,820,6364,8510,14215,1104,23830,3111,3083,2031,3067,2051,3105,2052,Shuckle,wNZrz_iRLQUVnyoil-jSSQ3ZZd7o-bTCyYIDgBqheYtREHcZd0astsVtTKvM5-ORRt5kh9rBdiFR4w,Poppy,78,False,2,9,10,7324,5870,1477,540,7888,11065,14104,1209,26379,1031,0,3111,2051,3083,3067,0,Hitori Yo,EhbLfqoDUY-o6gbEXCuZdCFh8aO52EDgEMHiuAlNwfPFb0fzk99UsFCp3NTyhBKssPY5AxR_UBAnMQ,Kayle,10,False,8,8,7,11206,2673,7152,257,10083,6396,10006,379,16783,3115,3006,4633,1033,3051,0,2052,chateaubriand,zCb2XypwyCddZ3Vm0j1rwgVKDimcey-ppzlsW7-cz4rNEKa91C2adf42hhMxd-xcfo_fcCZLdH3MkQ,Lucian,236,True,7,4,22,9104,17436,2366,0,19803,4492,3812,194,8500,3153,2031,3072,1001,1018,0,2052,Puppy Eater,CjRCS8b7_-RnhHOEZzScyJVx1pl18LKr7LTJf6ep0rThGIAZlfr2DdOChMEnROmGM89AlJvxAkwNtQ,Taliyah,163,True,9,5,23,10544,301,27380,850,28532,6311,2105,520,8936,6653,3089,1052,1028,1026,3020,2052,quanmianxiaokang,v2bis08VM-HH8K-hkXdm5NqaOW6_4p7fP9cIQ6tm3LLLaKraFefrhtcN5Y6PdSbgW985tVsjVYeO9w,Leblanc,7,True,8,4,25,9630,918,21190,0,22108,4892,4284,1267,10443,6655,4645,3020,1052,1058,0,2052,zenigamé,VfxfwKsjZYL1TzQuNVb_CMkNz6nOVKXEnoM59BkA7fHNuiNMyVxjtelnBN7eYoPrcTBYK_A3YFY_5g,Tristana,18,True,16,4,19,12042,17390,1400,2331,21123,4901,3757,240,8898,6672,3006,3046,3036,1018,0,0,CoyleD24,A9AeotbeCjbZASc8EpypfZ0yD61cKCk3VyuLW5torhjjZA-iWbg0v8TAS_NULPE3sGp4dauC40xMAA,Lissandra,127,True,2,6,31,8719,784,11055,1373,13213,8476,6108,395,14979,3070,6665,3111,4637,3067,0,0
False,Strawberry_Xayah,3947,0,0,0,NA1_5077105105,13,STRAWBERRY,1722916056053,Balkai,UaaAHDMrzSadZEnUtc2TEjGP5jaJQ8MVcULtz1SL1H8OAy6lAHz7EQ2OJwbvBST0YkR0fPD9AeT4ZA,Strawberry_Xayah,3947,False,0,0,0,0,0,0,0,0,0,0,0,0,9306,0,0,0,0,0,0,actuallyapotato,59rYkD8T2UT6a4REJW3NuCgQ7dJr9FHUp4ukCMoHmqyHntBpaoS81CAuW5BhjahxEGHCBQl0DS5_tg,Strawberry_Seraphine,3153,False,0,0,0,0,0,0,0,0,0,0,0,0,9302,0,0,0,0,0,0,Katinka4,5u1OuQR4vRKF7Wfn6FxxPnF4Pic4-FPSAvzJquGYzMPSFuMSEZoLeekzJDwtzrrqkKqmCIxy_uJFOQ,Strawberry_Illaoi,3678,False,0,0,0,0,0,0,0,0,0,0,0,0,9305,0,0,0,0,0,0,Shuckle,wNZrz_iRLQUVnyoil-jSSQ3ZZd7o-bTCyYIDgBqheYtREHcZd0astsVtTKvM5-ORRt5kh9rBdiFR4w,Strawberry_Yasuo,3157,False,0,0,0,0,0,0,0,0,0,0,0,0,9304,0,0,0,0,0,0,,,,266,True,0,0,0,0,0,0,0,0,0,0,0,0,0,0,0,0,0,0,0,,,,266,True,0,0,0,0,0,0,0,0,0,0,0,0,0,0,0,0,0,0,0,,,,266,True,0,0,0,0,0,0,0,0,0,0,0,0,0,0,0,0,0,0,0,,,,266,True,0,0,0,0,0,0,0,0,0,0,0,0,0,0,0,0,0,0,0,,,,266,True,0,0,0,0,0,0,0,0,0,0,0,0,0,0,0,0,0,0,0,,,,266,True,0,0,0,0,0,0,0,0,0,0,0,0,0,0,0,0,0,0,0
False,Kindred,203,7,7,20,NA1_5035720241,1145,ARAM,1720497291546,Împatient,ENzZDC-AfNdgtpWiBEY_fHUQQjmvfaNVms22iUZqdXag0Jge9_SfjSNSTq3wIhM5T8zViixwj0trTQ,Caitlyn,51,True,24,9,5,17834,48734,596,734,50065,9725,12751,716,23193,6676,3031,3036,3086,3072,3006,2052,Its So Fetch,0ZW1k4jTUdLmjGEHpaS3_eiuytfafQkL4xWEDF-wdR0_PKPKbHAK_OZeQI9iHkzAY-WEjawSXiJ4ZQ,Poppy,78,True,2,6,22,11754,12839,3970,823,17633,13839,8706,203,22749,2504,3121,3075,3111,1029,0,2052,Otazuno,82hP0HBWqtMngZP1Wgi3sLH1g75MsShg7EnSA2Bhn2dQa41grEbCdScL2twbvu-WmZRrO0OoQ6fQWQ,Xerath,101,True,8,6,25,13482,285,31144,0,31429,10632,5769,360,16761,3020,6655,4628,3089,3137,2031,2052,HyunY,xXTRVn7S9deV83JS681sdzaUK3VYSd6vXrNqdYEeecdk6kFKiEz3m-V0VvIRT4SP42leiW_RWHBG2Q,AurelionSol,136,True,1,6,23,12685,546,19471,435,20453,13006,7606,588,21201,3020,3040,0,6653,6657,3116,2052,Fire Buff OP,jRyAZQfk1N7aRT4Buqb1l2wp8dKbkMIsaGvTk5JhJrHGNQMALAA9lOSt7RYC78Mlf4fXLZTcOHbj1w,MonkeyKing,62,True,6,10,20,12822,14974,2423,1741,19138,15754,12870,1852,30477,6610,3047,3071,6333,3155,1036,2052,Balkai,UaaAHDMrzSadZEnUtc2TEjGP5jaJQ8MVcULtz1SL1H8OAy6lAHz7EQ2OJwbvBST0YkR0fPD9AeT4ZA,Kindred,203,False,7,7,20,14035,15060,2667,1302,19029,11113,9748,1019,21881,3031,6672,3036,3094,0,3047,2052,actuallyapotato,59rYkD8T2UT6a4REJW3NuCgQ7dJr9FHUp4ukCMoHmqyHntBpaoS81CAuW5BhjahxEGHCBQl0DS5_tg,Swain,50,False,6,9,22,12894,422,25164,113,25700,26224,13847,777,40849,2503,6653,3020,4633,3116,0,2052,Katinka4,5u1OuQR4vRKF7Wfn6FxxPnF4Pic4-FPSAvzJquGYzMPSFuMSEZoLeekzJDwtzrrqkKqmCIxy_uJFOQ,Malphite,54,False,2,10,14,10081,4155,12227,1133,17516,32030,10975,992,43998,3111,2051,1031,3083,3075,1033,2052,Shuckle,wNZrz_iRLQUVnyoil-jSSQ3ZZd7o-bTCyYIDgBqheYtREHcZd0astsVtTKvM5-ORRt5kh9rBdiFR4w,Seraphine,147,False,5,8,24,11565,807,7645,580,9034,9450,13407,409,23266,6617,3107,3190,3158,6616,0,2052,Montepremi,eHmHofAr3Lq2c55a8_huZdBnzvRWjeO0bn6wj2Vq1BHAgjUtOnRBrlnIXixAOgipl34UxJzcLPldQg,Draven,119,False,15,7,10,16912,27766,0,558,28325,7127,9628,535,17290,6676,3006,3031,3072,3035,1018,2052
True,Nidalee,76,14,8,18,NA1_4628478746,1527,ARAM,1681358486837,Princess Tulips,Y0_4uk6oUNJVq7PB26e07hIEk47zXLIlk59AMZnd0PxDa1bK5bIo5xJS43-ONrV6aFkB-mthk-KuzA,Qiyana,246,True,17,12,26,18403,46875,4869,0,51745,15653,13849,1880,31382,3042,3111,6691,3036,3156,6333,0,Balkai,UaaAHDMrzSadZEnUtc2TEjGP5jaJQ8MVcULtz1SL1H8OAy6lAHz7EQ2OJwbvBST0YkR0fPD9AeT4ZA,Nidalee,76,True,14,8,18,17149,591,38822,475,39888,10095,24129,826,35051,6655,4645,3089,3135,3100,3020,2052,actuallyapotato,59rYkD8T2UT6a4REJW3NuCgQ7dJr9FHUp4ukCMoHmqyHntBpaoS81CAuW5BhjahxEGHCBQl0DS5_tg,Garen,86,True,15,6,17,19103,25165,0,6540,31705,13841,31026,2713,47581,3161,3071,6609,3047,3053,6631,2052,Katinka4,5u1OuQR4vRKF7Wfn6FxxPnF4Pic4-FPSAvzJquGYzMPSFuMSEZoLeekzJDwtzrrqkKqmCIxy_uJFOQ,Riven,92,True,15,14,24,18368,42667,0,2755,45422,21846,34641,2941,59429,3184,3156,6630,3158,3074,3071,2052,Shuckle,wNZrz_iRLQUVnyoil-jSSQ3ZZd7o-bTCyYIDgBqheYtREHcZd0astsVtTKvM5-ORRt5kh9rBdiFR4w,Shaco,35,True,11,11,29,16856,410,34328,2454,37192,9193,16984,1046,27224,6653,3158,4645,3089,3135,4629,0,RectalTerror,8Pzk5EbpO5MFqqz6CqUmiq3y_XukFmKwAPsRHQheGVBA-pBacdv9AIfPOY5o-BARtTeACpH7BHo-Vg,Vladimir,8,False,8,11,22,16688,607,35089,1831,37528,33662,20181,2541,56385,4636,3020,4629,4645,3135,1058,2052,EloWeIfare,gMqdSvFD6HgCnnIBLhzo6UO8azKx_Mi8BDMXYO92z0FXLQ6yuiNI4OVpj6IyzcJ0PrV91CpNJjr1YA,Draven,119,False,10,18,14,17862,28800,0,916,29716,25845,16982,1583,44411,3508,3072,6673,3006,3036,3031,2052,jkHKlgOHWGHAOHGG,U_pDJdpWvVhngDNUCPk3pGaQkblA1gT1adg5Q4QdBC2ZsP4uVlpqQPbnsPfNiSEtP-Zw9TsnkNn46g,Ezreal,81,False,8,15,27,16940,25604,13101,6,38712,18198,14863,1766,34828,3111,6675,3508,6691,3074,3155,2052,Pose7d0n,60rv0t7n9yriWlNv0vjDYYL-vCh9n8fKWb_qrvAeKcqtsg0dtaMai6Vge1PARj-gNdKAatk16D0new,Karthus,30,False,9,17,24,16641,62,34246,2503,36811,27464,12310,5768,45543,6653,1058,3020,4637,3116,4645,2052,stampylonghead,qxYAuRL7KE2qdyHnaLH379e2AlwYnh6h3dk2Ap3PFApoeOG73Me1FFh0tCu3VIUoWFAc9t_8LCeVHQ,Elise,60,False,16,11,16,20148,1633,38194,4485,44313,16211,13681,900,30793,3157,3020,3089,3135,6655,3102,2052
True,Strawberry_Yasuo,3157,0,0,0,NA1_5076008984,978,STRAWBERRY,1722833836661,Balkai,UaaAHDMrzSadZEnUtc2TEjGP5jaJQ8MVcULtz1SL1H8OAy6lAHz7EQ2OJwbvBST0YkR0fPD9AeT4ZA,Strawberry_Yasuo,3157,True,0,0,0,3258,0,0,0,0,13536,0,0,13536,9404,9283,9292,9279,9280,0,0,,,,266,True,0,0,0,0,0,0,0,0,0,0,0,0,0,0,0,0,0,0,0,,,,266,True,0,0,0,0,0,0,0,0,0,0,0,0,0,0,0,0,0,0,0,,,,266,True,0,0,0,0,0,0,0,0,0,0,0,0,0,0,0,0,0,0,0,,,,266,True,0,0,0,0,0,0,0,0,0,0,0,0,0,0,0,0,0,0,0,,,,266,True,0,0,0,0,0,0,0,0,0,0,0,0,0,0,0,0,0,0,0,,,,266,True,0,0,0,0,0,0,0,0,0,0,0,0,0,0,0,0,0,0,0,,,,266,True,0,0,0,0,0,0,0,0,0,0,0,0,0,0,0,0,0,0,0,,,,266,True,0,0,0,0,0,0,0,0,0,0,0,0,0,0,0,0,0,0,0,,,,266,True,0,0,0,0,0,0,0,0,0,0,0,0,0,0,0,0,0,0,0
False,Tristana,18,8,7,17,NA1_5022183944,772,ARAM,1718679897185,Balkai,UaaAHDMrzSadZEnUtc2TEjGP5jaJQ8MVcULtz1SL1H8OAy6lAHz7EQ2OJwbvBST0YkR0fPD9AeT4ZA,Tristana,18,False,8,7,17,10394,13881,1470,40,15391,8437,6761,300,15499,3006,3139,6675,0,6672,0,2052,actuallyapotato,59rYkD8T2UT6a4REJW3NuCgQ7dJr9FHUp4ukCMoHmqyHntBpaoS81CAuW5BhjahxEGHCBQl0DS5_tg,Mordekaiser,82,False,7,6,14,9749,1578,15941,27,17547,15499,8452,586,24539,3112,3111,6653,4633,1029,1029,2052,Katinka4,5u1OuQR4vRKF7Wfn6FxxPnF4Pic4-FPSAvzJquGYzMPSFuMSEZoLeekzJDwtzrrqkKqmCIxy_uJFOQ,Belveth,200,False,6,10,15,8808,5515,1974,2289,9779,12341,9697,413,22453,3047,3184,2031,3153,3091,0,2052,Shuckle,wNZrz_iRLQUVnyoil-jSSQ3ZZd7o-bTCyYIDgBqheYtREHcZd0astsVtTKvM5-ORRt5kh9rBdiFR4w,Braum,201,False,3,7,17,8371,1504,6922,428,8855,13493,7785,419,21698,3190,3047,2031,2051,3076,3083,0,Montepremi,eHmHofAr3Lq2c55a8_huZdBnzvRWjeO0bn6wj2Vq1BHAgjUtOnRBrlnIXixAOgipl34UxJzcLPldQg,Yasuo,157,False,5,6,8,9257,7332,197,130,7660,8928,3697,254,12880,3153,3006,2031,3031,1018,1036,2052,Señor Joe,8A4cfgy0xgji-TTF2YI2RJBcSmTYcsao9wTHZ-8uga1FWpKMhxFINxQh8VjtCsQsiWZq6OJtzlEWrA,Caitlyn,51,True,10,6,17,11064,22617,816,0,23434,7557,4942,524,13023,3031,3006,6672,1018,3035,0,2052,Cheebo6,OdynUCOp8GhhjArtr7OOQKaa3OKaahsQhauPJlFJ5x4Mt5r_Z2693f1N3dvp3GDoevKbJa83EjS6tA,Jayce,126,True,13,4,19,11938,21349,3484,619,25453,4873,3277,273,8425,3111,3042,6676,3036,1036,0,2052,sGYHs,x8VGGzArKZ6a_WbUPBs-RCg1Phgm4Ty2-zE9684OLP1vLvO7kBptPKLGsIBMfyy6mAGRdV4dGoLAXw,Veigar,45,True,8,4,20,9863,671,18212,334,19219,4384,3766,314,8465,6655,3020,4646,3145,0,0,0,T1 Fezz,ROHLwx8m8ZSpCQWYgRX3ejLr302dTtk2_g6Kc-60vODv2oP8apg1fLGsdiiRa9Xmk3ZNlsbK-OEeqQ,Briar,233,True,4,10,19,8655,8879,2417,640,11937,14157,6187,1243,21588,2051,3111,2031,6692,6333,0,0,Pirate Agent,-JH3qUYf0mVdeEfvmYP5vu8iWFTY4c8N24uroggK-BNuPxXAalQPUMKWq7LRfSmUb-9fP5p1azrfGQ,Rammus,33,True,1,6,23,8384,962,11462,380,12804,6621,8332,560,15514,3075,3082,3110,3020,0,0,2052
True,Renekton,58,4,12,19,NA1_5023571146,996,ARAM,1718852169308,Just MaNiaC,gl5AcRTg1bcDSYNBcskWbicSKEVM9Djnf2y_32Fmp_Uhfi7hUxuM9Mo78k03GBvwNBUt7rQs4I-_qw,Brand,63,False,11,9,19,11418,661,29502,957,31122,10892,14090,2499,27482,3112,6653,3020,2503,3116,0,2052,Vagary,JrKBbbNfFawtyGJTMu8RWqb-P5pcsr11GCe8XH3oqM167EVaxhuTnwI6ar-9pegXqGjFj9s441jKMw,Lucian,236,False,15,11,19,14058,31585,4317,0,35902,9800,17678,2843,30321,3031,6672,2422,3072,3508,0,2052,Tomi Hailua,BFgw_IdoyAkvtg99PwdrJ6LrVki2K7fLqrbQWYBAvZOOOrxfGPABEGlv58fR6a7ri6c4DJMPCChlbg,Ornn,516,False,6,8,26,10950,8163,11969,160,20292,13762,30186,3649,47597,3083,1033,0,8020,3075,3111,2052,Giant Boy,30KXvW3Zz4o0P-7dtollLfUFi4UqVH_E82zcphzwSAVpi8jFB4bEoxT0zy2hia5_M1iT_MaTwfFtpw,Soraka,16,False,2,9,32,9597,309,5042,0,5351,5265,11267,1412,17945,3040,6617,3083,1001,0,0,2052,highsam5,gXJzsosEKauf2dMz-VGFGr-iufXmQ9NmVcjHaij8LejdGeWSnwHE0MdBvDHx6t5grWHwZKt2boaPUA,Ashe,22,False,7,7,23,11215,21780,895,0,22675,8228,13420,2426,24075,3153,3085,3184,3031,0,3111,0,Balkai,UaaAHDMrzSadZEnUtc2TEjGP5jaJQ8MVcULtz1SL1H8OAy6lAHz7EQ2OJwbvBST0YkR0fPD9AeT4ZA,Renekton,58,True,4,12,19,10118,13003,2369,960,16332,21354,14205,334,35895,6610,3111,3161,2021,1028,1037,2052,actuallyapotato,59rYkD8T2UT6a4REJW3NuCgQ7dJr9FHUp4ukCMoHmqyHntBpaoS81CAuW5BhjahxEGHCBQl0DS5_tg,Rumble,68,True,13,9,19,13751,1562,41351,687,43601,16758,8194,167,25120,3112,3020,6653,3135,4633,1052,2052,Katinka4,5u1OuQR4vRKF7Wfn6FxxPnF4Pic4-FPSAvzJquGYzMPSFuMSEZoLeekzJDwtzrrqkKqmCIxy_uJFOQ,Qiyana,246,True,12,8,18,12990,24733,1880,1633,28247,11394,8995,273,20663,3158,3177,3142,126697,6696,3123,0,Shuckle,wNZrz_iRLQUVnyoil-jSSQ3ZZd7o-bTCyYIDgBqheYtREHcZd0astsVtTKvM5-ORRt5kh9rBdiFR4w,Veigar,45,True,5,3,25,11060,2002,19143,70,21216,12731,11950,146,24829,3158,3070,3067,3083,6653,3916,0,bouis,CBVrHWYU2nUVMNlucozTbPQaJYUdDTxiz0zAQxXknynpGa37XzaBH3qO-jWn6NUxOI_NRLNZQ4BZNw,Ahri,103,True,9,9,25,12269,1569,21898,9480,32948,13844,8381,194,22419,1058,3118,3158,6655,3137,1058,2052
False,Maokai,57,5,12,22,NA1_5079306973,931,ARAM,1723091670244,LFG,DnN-rNaPcG3FevZv7DbI9p7fMU980WZITwCyEIz2Mm1mGDlCRYNi_PYLCrSqEPrL0eGIKX6PsgCObQ,Kennen,85,True,13,11,22,12052,416,34073,870,35361,7981,11280,1311,20573,6653,3118,3020,3089,0,0,2052,Amlo,OmYpysNg3E2vbaNLTGEItzv9buh3iaEUxlMoyn8_DRXZTHRZN0ibIP77cfzLez9BDuOd-G5F3oHUAg,Lucian,236,True,6,10,31,11999,24004,2788,83,26876,7655,9265,1534,18455,3508,6676,3158,3036,1038,0,0,,f6MEKBJTV3YFBKgDMhK7qZgiJTblms6cXjYNO_495oiCiEMEC6Kmk_pl0YKTerM27eRzQGXZEJf4FA,Fizz,105,True,8,10,18,11462,2203,13578,1135,16917,11751,6712,843,19307,4646,0,3100,3020,1058,3145,2052,E1ectricSheep,u7yEDUR3Vvd6UeGJ7geTdBx0AD9jyQHkuSKUQvYwIORLTK5liSYZI_M6NKBQnrDAL2Q-4hv4Y8Ey9A,Pantheon,80,True,15,9,26,13749,26423,305,746,27474,16811,9064,1337,27213,6692,3111,6610,3161,2019,1037,2052,xMilfSlayer,lBA5ks1o8v26QSQm8S0uk3IZkPQlIzd-yi1epir6KLPJuf0LV5bBTnPobDDw3MvlHFp4neP3Gh3XkA,Jhin,202,True,12,8,29,13380,23922,1477,162,25562,6998,8620,1003,16622,6676,3009,3031,3094,3035,0,2052,Balkai,UaaAHDMrzSadZEnUtc2TEjGP5jaJQ8MVcULtz1SL1H8OAy6lAHz7EQ2OJwbvBST0YkR0fPD9AeT4ZA,Maokai,57,False,5,12,22,9864,1380,13410,406,15197,22302,10642,378,33324,6653,3047,3121,3075,0,0,2052,actuallyapotato,59rYkD8T2UT6a4REJW3NuCgQ7dJr9FHUp4ukCMoHmqyHntBpaoS81CAuW5BhjahxEGHCBQl0DS5_tg,Leblanc,7,False,9,13,19,10494,624,16225,827,17677,12708,8824,998,22532,6655,3020,4645,4632,1058,0,2052,Katinka4,5u1OuQR4vRKF7Wfn6FxxPnF4Pic4-FPSAvzJquGYzMPSFuMSEZoLeekzJDwtzrrqkKqmCIxy_uJFOQ,Tristana,18,False,12,9,14,13106,14999,1714,437,17150,11084,9444,804,21334,3006,3184,3031,6672,6675,1053,2052,Shuckle,wNZrz_iRLQUVnyoil-jSSQ3ZZd7o-bTCyYIDgBqheYtREHcZd0astsVtTKvM5-ORRt5kh9rBdiFR4w,Malphite,54,False,6,11,22,9821,3661,12991,270,16922,23323,14623,460,38407,2051,3047,1028,2502,3083,3076,0,Montepremi,eHmHofAr3Lq2c55a8_huZdBnzvRWjeO0bn6wj2Vq1BHAgjUtOnRBrlnIXixAOgipl34UxJzcLPldQg,Fiora,114,False,16,9,17,13166,14706,602,4088,19398,14325,8686,356,23368,3074,2031,3047,3078,3156,0,2052
True,Karthus,30,14,13,20,NA1_5035648637,898,ARAM,1720492250995,10A Okami,n1jdgTH4pMx5NjJWrOHRsYW2CYviKM-dToicZxQK0dvTj5Dn8b66snDU_80kN6PbixWO09NUdtwU5w,Twitch,29,False,3,10,21,9981,9838,2748,5389,17977,4323,11942,1395,17662,3006,3115,3042,3145,1058,0,0,Rancor17,XzbpYPXXSC9WXS_WvdClg2_FNTf5qlO0fkcSlq2ul4m_IYswrI9QuxfcE0CJdTmt5LGFe43TMcAS_g,Nautilus,111,False,2,8,21,8801,2872,4685,625,8182,9377,10531,2441,22350,2051,3111,3075,3070,3065,1028,2052,matcha bun,MXgPTdJ6bHA_5hxHdRvx5bPqpKTGUY0wElzCNtnPiU4XhldmLFaYVmPumtPyTH0eo7V8-Jgv_ZUENg,AurelionSol,136,False,19,6,9,13405,412,19755,1089,21257,5925,10062,1031,17019,3116,3020,3137,3070,6653,4645,2052,SkY Pythons,1GLP98DvivTzusO9a1kql4Ldlzp92ATMDlN8d5GqQTi1fS0XuHuAP3pzV_KrX9QuNRLP-qZQy2Wc-w,Jinx,222,False,7,10,15,10041,11271,510,0,11781,2204,12893,2062,17161,3006,6672,3031,3144,3086,0,2052,,uTTxN4H1dUkm2GrC31HTx9fkYajDkWnOktIbpwKWR6lpu4E3M6ruCL0C0WHM8E0vcGevyFNLA34ZGg,Neeko,518,False,4,9,15,9666,776,20806,1138,22721,6256,9658,875,16790,3118,3020,3152,1058,1058,0,2052,Balkai,UaaAHDMrzSadZEnUtc2TEjGP5jaJQ8MVcULtz1SL1H8OAy6lAHz7EQ2OJwbvBST0YkR0fPD9AeT4ZA,Karthus,30,True,14,13,20,11713,138,26325,1586,28049,9878,10061,2324,22265,2503,4645,3020,6653,1058,0,2052,actuallyapotato,59rYkD8T2UT6a4REJW3NuCgQ7dJr9FHUp4ukCMoHmqyHntBpaoS81CAuW5BhjahxEGHCBQl0DS5_tg,Zeri,221,True,13,5,14,12804,14026,7475,163,21666,6376,10291,1205,17874,3184,3087,3006,6675,3031,1036,2052,Katinka4,5u1OuQR4vRKF7Wfn6FxxPnF4Pic4-FPSAvzJquGYzMPSFuMSEZoLeekzJDwtzrrqkKqmCIxy_uJFOQ,RekSai,421,True,7,5,24,11333,8885,3944,1060,13889,11359,8465,1932,21757,3111,2051,3053,6610,1028,1036,2052,Shuckle,wNZrz_iRLQUVnyoil-jSSQ3ZZd7o-bTCyYIDgBqheYtREHcZd0astsVtTKvM5-ORRt5kh9rBdiFR4w,Janna,40,True,2,3,34,9684,422,2508,0,2931,2068,7367,1266,10702,4005,3107,3158,6621,0,0,0,Giordino,d3w0kgckTwUlDbvddB9scZyNVTCPcW1R1JyiQJLzZcK0atW1OW4UhjJl9Ft8TPTRj1dQ6GpvR1zVQg,Ahri,103,True,7,9,22,11402,942,14834,5292,21070,4714,12320,1808,18843,6655,2031,3020,4646,3145,1058,0
False,Gragas,79,5,13,26,NA1_5035738777,1172,ARAM,1720498555763,Balkai,UaaAHDMrzSadZEnUtc2TEjGP5jaJQ8MVcULtz1SL1H8OAy6lAHz7EQ2OJwbvBST0YkR0fPD9AeT4ZA,Gragas,79,False,5,13,26,11376,2127,18648,1680,22455,32482,7816,1497,41797,2051,3040,6657,3158,4633,0,2052,actuallyapotato,59rYkD8T2UT6a4REJW3NuCgQ7dJr9FHUp4ukCMoHmqyHntBpaoS81CAuW5BhjahxEGHCBQl0DS5_tg,Lucian,236,False,19,14,13,16726,47916,3208,0,51124,17466,6336,2131,25935,3508,3158,6675,3031,3036,3139,2052,Katinka4,5u1OuQR4vRKF7Wfn6FxxPnF4Pic4-FPSAvzJquGYzMPSFuMSEZoLeekzJDwtzrrqkKqmCIxy_uJFOQ,Shen,98,False,2,11,29,10995,7017,7603,1400,16020,23122,12047,3160,38330,3047,2031,3143,2502,4401,0,2052,Shuckle,wNZrz_iRLQUVnyoil-jSSQ3ZZd7o-bTCyYIDgBqheYtREHcZd0astsVtTKvM5-ORRt5kh9rBdiFR4w,Karma,43,False,5,8,32,12297,1409,13348,686,15444,16064,7347,1767,25180,2065,3107,3108,6616,3158,3118,2052,Montepremi,eHmHofAr3Lq2c55a8_huZdBnzvRWjeO0bn6wj2Vq1BHAgjUtOnRBrlnIXixAOgipl34UxJzcLPldQg,Hwei,910,False,13,9,27,15499,671,32957,1067,34696,11913,7298,1262,20474,2503,6653,3020,3137,3165,1058,2052,Zoulanji,pTOI6XmsqZ6L3F7pnQ_QrW5vJMzjNEypygIzEwZhVKRc9euMdwAHIjPOQXqSsn412gNR_okAoIKxIw,Lillia,876,True,7,12,35,12703,337,24349,7049,31735,17677,13947,714,32339,2503,4629,3020,6653,1011,1026,2052,Norrie Sardonyx,v7wM0-KFRS_5mMdRtOMTlTfl2TX135wMDy-Pj9EM8im9_4kwuCx6-8t9fk4xlYOthyum0wp70XVwOw,Singed,27,True,3,8,44,12253,742,11292,785,12819,18624,17844,1288,37757,3116,3121,3111,6657,4401,0,2052,Pepege,BtmkrDuurNA_9RNVHHl0cYpdf7W8hH7OWy2Il8jZQdsIweZh4CcnijyOidsjOlFhU7Fq-hIfZxpNgw,JarvanIV,59,True,5,9,45,13245,21908,2814,400,25123,23091,20965,1560,45618,2051,3121,3053,1029,3111,6610,2052,ManInACave,czvvoHjg4s0JakGB_oDxaVjRZ59Bfd00Ka48riLV6mXOPsdBdnM5azgWj9BMyJqIM92mb2aTcIOwag,MissFortune,21,True,16,10,25,15254,29824,1119,1408,32352,8269,12314,484,21069,6676,3006,3031,3036,6672,1018,2052,Kawociwedu,KXJx1Y4RQgs96l0KAT-FEOJrG54pjhpLYdPdsN-d4KgHTuvTiuBr3Eu-dd9FBsE-fo7VpXtqp52ALw,Jhin,202,True,24,5,22,17814,39501,1270,177,40949,5037,10693,1786,17517,6676,3031,3036,3094,3009,6701,2052
False,Garen,86,11,14,22,NA1_5079324359,1495,ARAM,1723092740937,Demon Xisphate,sLllc5gp0u-llxLaMFTBUtXz3W4bBsFrAltAdKUdT2fGrmbHaDv_iF_TsIs4VmzwhKRvmtP9dHBmfA,Tristana,18,True,13,10,23,18156,42363,1420,0,43784,12963,12833,2412,28210,3046,3172,3031,3036,3072,1053,2052,Christen Wem,C8fuVhyxQ5ZPGbLO38csHVcso76IuMsMa7xtWpzSyhhu3jdFaeI1L76Wu1nps1QhK7kumy260SYwxQ,Aatrox,266,True,10,8,26,16373,36042,5660,0,41702,29380,17814,2064,49260,6610,6694,6692,3047,3161,3123,0,FakeEmOut,xDgHpiZd4gEYgNXqbOymc5v28GgYHt0zRGoNHZ3c-FL9XTZ7X8dqKH_KHKC4indNbgEn9Sg777j8Qg,Rammus,33,True,2,9,37,14929,1889,18155,1510,21554,26728,22865,4945,54539,3075,3143,3083,3047,2502,6660,2052,imymemines,elkxQGxPO6lsZ-nLIjLawqVkyRxhBoedTSyUg8mBAQ_Mr9w2g_JXZ5AV5lLxuumXGVkvz11trSO1VA,Nidalee,76,True,7,8,34,15774,2670,39440,1575,43686,17495,11773,1954,31224,6655,3135,4646,3020,4645,1052,2052,Glassed Animas,pHWyXLuxAKwvuIKJPuRKsVCXLlxoqhSdT4w63BXVpNeEQ1BnwsvX_UDc84QisFZ0NdCm9PKvk5CUNg,Katarina,55,True,22,17,23,21200,1465,45850,2358,49673,25217,10906,2164,38288,4645,3020,3115,3100,3089,3102,2052,Balkai,UaaAHDMrzSadZEnUtc2TEjGP5jaJQ8MVcULtz1SL1H8OAy6lAHz7EQ2OJwbvBST0YkR0fPD9AeT4ZA,Garen,86,False,11,14,22,17335,36193,510,4834,41538,27905,24670,1119,53695,6631,3071,3046,3031,3075,3047,2052,actuallyapotato,59rYkD8T2UT6a4REJW3NuCgQ7dJr9FHUp4ukCMoHmqyHntBpaoS81CAuW5BhjahxEGHCBQl0DS5_tg,Ezreal,81,False,11,9,28,18522,39986,33941,890,74818,8518,20246,475,29241,3042,3078,3158,6694,3156,3161,2052,Katinka4,5u1OuQR4vRKF7Wfn6FxxPnF4Pic4-FPSAvzJquGYzMPSFuMSEZoLeekzJDwtzrrqkKqmCIxy_uJFOQ,Sona,37,False,7,9,37,15415,2233,16312,553,19099,9127,21812,494,31434,3158,3040,3190,3504,3165,6617,2052,Shuckle,wNZrz_iRLQUVnyoil-jSSQ3ZZd7o-bTCyYIDgBqheYtREHcZd0astsVtTKvM5-ORRt5kh9rBdiFR4w,Amumu,32,False,4,13,29,15376,1161,25228,2748,29137,36869,28718,2365,67953,3083,3143,3109,2502,6664,3111,0,Montepremi,eHmHofAr3Lq2c55a8_huZdBnzvRWjeO0bn6wj2Vq1BHAgjUtOnRBrlnIXixAOgipl34UxJzcLPldQg,Pyke,555,False,19,9,8,17520,15759,201,4515,20477,12136,15080,988,28205,3142,6698,3158,6696,3814,3156,2052
False,Velkoz,161,7,12,18,NA1_5022231141,1305,ARAM,1718682958235,Balkai,UaaAHDMrzSadZEnUtc2TEjGP5jaJQ8MVcULtz1SL1H8OAy6lAHz7EQ2OJwbvBST0YkR0fPD9AeT4ZA,Velkoz,161,False,7,12,18,13126,526,22599,9283,32409,22454,6072,1036,29563,6655,3089,4645,3108,4630,3020,2052,actuallyapotato,59rYkD8T2UT6a4REJW3NuCgQ7dJr9FHUp4ukCMoHmqyHntBpaoS81CAuW5BhjahxEGHCBQl0DS5_tg,Kayle,10,False,12,13,24,15398,6165,27576,0,33742,21294,17230,1254,39779,3115,3157,3020,4633,3089,0,2052,Katinka4,5u1OuQR4vRKF7Wfn6FxxPnF4Pic4-FPSAvzJquGYzMPSFuMSEZoLeekzJDwtzrrqkKqmCIxy_uJFOQ,Udyr,77,False,6,11,19,13669,20938,1089,0,22028,34419,13687,5186,53293,3047,3742,3074,2051,3053,2021,0,Shuckle,wNZrz_iRLQUVnyoil-jSSQ3ZZd7o-bTCyYIDgBqheYtREHcZd0astsVtTKvM5-ORRt5kh9rBdiFR4w,Bard,432,False,6,11,22,13112,3366,20159,550,24076,18509,15520,2164,36194,3100,3158,4629,3110,3742,1028,0,Montepremi,eHmHofAr3Lq2c55a8_huZdBnzvRWjeO0bn6wj2Vq1BHAgjUtOnRBrlnIXixAOgipl34UxJzcLPldQg,Teemo,17,False,12,8,13,15065,10151,16071,0,26222,14210,8982,1733,24927,3153,3006,3124,3115,3091,1043,2052,baizhi2,gbRRM2ykrt7mHWUvPQLITsCjG8pO4C3XiVHwVj66MclX0RhEiH4LzFKQSCgrMcoLfvCcnyl997FgiQ,Zilean,26,True,7,5,38,15233,923,18667,490,20081,8327,18141,432,26901,6657,6655,4645,3070,3158,3089,2052,jinxmyloveQAQ,gmvn1GzpH56Gw3MVcYnyCfIQA6Fcnt8tHU6AmVbMzpsv6aK5uucfulwD9Fiz0ceG_eYqtm_C8JEdaw,Naafiri,950,True,13,14,19,15176,41946,0,2100,44046,15231,19189,2671,37093,6698,6692,3158,3071,126697,3155,2052,baizhiV,4HmDwC2M7-A-0gR_f1Dkvvpgrge1XoMhb7yDaOX2pROIcCdQv1UhG1Znqx7vPPgyOknIuQHeQYlzyg,Nidalee,76,True,14,7,23,15489,596,41016,190,41803,10254,16903,1484,28642,2503,3165,6653,3020,3089,4630,2052,baizhiIV,WCqojpkDuDEsGbRjX6mod5B3pufLNg386SvVq2GbrVGryg64Cwu615D_JvkvUXWWuZMpmJ-6uB49gA,Camille,164,True,6,8,19,13309,13687,1053,8402,23143,14986,19338,4298,38624,3053,3074,1028,3078,3111,1036,2052,Hayleod,0LnL3xqjnTn4czK0OA9Lvs-Mt1HMQopqWChh1zucNsFn7jzthwQmX0GLpQ2i2rRmJ5dkCa-oeCXVXA,Jhin,202,True,15,9,27,17257,43856,756,191,44804,6911,13922,946,21780,126697,3006,6676,3031,3072,3035,0
True,Aphelios,523,20,7,17,NA1_5077192886,1318,ARAM,1722920084010,Almo,80sZIXvIrHn8vQoiwBmfz7TZa8sMgHVqLDAIibjpFLUHiRHAGuS8KpbS_Fabpbe-4BQQod8rsKg0Wg,Blitzcrank,53,False,2,11,20,12239,4096,15757,8584,28439,30781,11174,13919,55875,3024,3121,3111,3083,2504,3082,2052,saves flash,lpgzMTq6-DLLY6NLSM7Dw0oIbLm4K9PtUswnO9Kn9bjNQu2esGopHz3fA82l7MI0pReL_1i8mMTeeQ,Vayne,67,False,10,7,15,15257,28733,2049,17502,48285,22175,4566,3081,29823,3153,3124,3072,3091,1031,3006,0,Luxanna Ooh NaNa,BcuXIVS93psym8KcSgMNPFQqQns9v5xoGr06OWjvN5Jj7kSvnjfB6tyAK15FpXJkaGLZjtH4HPEQgw,Renata,888,False,4,8,30,13091,1480,11587,5114,18182,23468,7185,5410,36064,3083,3107,2065,3158,3916,3109,2052,ctrly0,sEnzFm3qRuvLhY7o1H1QUQ2X_O8ZkTW9C07w_9Kdc3VIKmrehYOxe5ua66yvi2Y4gKoUem2rXsufbg,Zed,238,False,8,7,21,14695,40845,2024,1235,44105,14715,4307,716,19738,126697,3158,3071,6692,6695,3133,2052,PRmars,vTLeVyYxe5iWXJkCw7FwgDE8wj3ouBABBMApyyY16d7SsLr_M9-_Ca2XVyLkCtZsGtYZW9QlcG_WMg,Qiyana,246,False,19,12,16,16667,45439,2159,5837,53436,20412,8324,3882,32619,3158,126697,6698,6694,6696,3814,2052,Astute Asian,zgpGEnxZipQlD87tG346Grl7WOOfl5LaZ5xw3Sg1KESUNhGEkwIJKngNaZo5MsoimftEUPKbcx6Irg,Soraka,16,True,4,8,36,13216,677,6641,422,7741,17145,3261,358,20764,3107,3040,3158,3083,6617,1004,2052,Balkai,UaaAHDMrzSadZEnUtc2TEjGP5jaJQ8MVcULtz1SL1H8OAy6lAHz7EQ2OJwbvBST0YkR0fPD9AeT4ZA,Aphelios,523,True,20,7,17,18492,55508,1501,673,57683,21689,3018,1709,26418,6676,3031,6673,3072,3086,3047,2052,actuallyapotato,59rYkD8T2UT6a4REJW3NuCgQ7dJr9FHUp4ukCMoHmqyHntBpaoS81CAuW5BhjahxEGHCBQl0DS5_tg,Sett,875,True,9,11,26,15544,33555,964,8503,43022,44722,11980,10494,67196,3047,3084,2501,3075,1031,3143,2052,Katinka4,5u1OuQR4vRKF7Wfn6FxxPnF4Pic4-FPSAvzJquGYzMPSFuMSEZoLeekzJDwtzrrqkKqmCIxy_uJFOQ,Belveth,200,True,7,7,33,15401,17741,4316,3518,25576,30352,6432,9000,45785,3047,3184,2021,3078,6333,3153,2052,Shuckle,wNZrz_iRLQUVnyoil-jSSQ3ZZd7o-bTCyYIDgBqheYtREHcZd0astsVtTKvM5-ORRt5kh9rBdiFR4w,Veigar,45,True,5,10,29,13650,1227,22432,0,23659,28481,9185,3739,41406,6657,3157,4629,3083,0,3020,0
True,Twitch,29,12,11,17,NA1_4630791134,929,ARAM,1681599914172,moldynub,CZMJuV7x7mwVKzDv3R0NqZGdr6A58ICso81Zu6Da0e4oE_PNOHYooDkce9iDoJq3f6-ZZFKmoiWyjQ,Riven,92,True,12,9,16,12117,23560,0,886,24446,11256,9051,357,20665,3177,3161,3158,6692,3133,1037,2052,Balkai,UaaAHDMrzSadZEnUtc2TEjGP5jaJQ8MVcULtz1SL1H8OAy6lAHz7EQ2OJwbvBST0YkR0fPD9AeT4ZA,Twitch,29,True,12,11,17,12337,21166,0,4426,25592,9404,10204,1011,20620,6672,3085,1018,3123,1038,3006,2052,actuallyapotato,59rYkD8T2UT6a4REJW3NuCgQ7dJr9FHUp4ukCMoHmqyHntBpaoS81CAuW5BhjahxEGHCBQl0DS5_tg,Lillia,876,True,14,4,27,14024,1146,25780,7956,34884,12182,8552,1087,21822,3165,2031,0,6653,3020,3157,2052,Katinka4,5u1OuQR4vRKF7Wfn6FxxPnF4Pic4-FPSAvzJquGYzMPSFuMSEZoLeekzJDwtzrrqkKqmCIxy_uJFOQ,Taric,44,True,3,6,31,10248,798,3519,120,4438,5338,11931,507,17777,3070,3111,3190,3110,1057,0,2052,Shuckle,wNZrz_iRLQUVnyoil-jSSQ3ZZd7o-bTCyYIDgBqheYtREHcZd0astsVtTKvM5-ORRt5kh9rBdiFR4w,Maokai,57,True,1,7,30,9828,1703,10492,756,12952,17514,14279,2075,33869,2051,3047,3083,3067,3105,3024,2052,Huse,p-pqMGjQAeqU2bNlHL-iRc2shhn8WbRBzuf6GodRh9Le-VZNq3pVVJVLH-asoaHB53Mptt-_GvARtQ,Cassiopeia,69,False,6,10,19,10691,412,24619,0,25032,11109,11642,4513,27265,6657,3040,3089,1052,0,0,0,A Very Bad Nerd,AtwilkuzlCoYhjikx3NAQgShWBIIyzJ1Xb9Hp8BXMvNshiyTPIYr91DedScx87n1reV2H2PnaqLcaA,Fiora,114,False,10,9,18,11624,11302,1593,4658,17554,17451,6364,3250,27066,6632,2031,3111,3074,3133,1038,2052,ResolverRay,mg5m0i19_qHvD0rMo4awX11qRbExjtqmaWvjmUsXTZcCWI1bc8-S5na4iLDCHTSnnj1Kr_Zrjh0Z2A,Zeri,221,False,14,10,13,12323,16855,8332,100,25288,13944,9323,2594,25863,3184,6675,3006,6673,3085,0,2052,SenZergKing,ywMNwigv_04MLdp8Its6-xazsKat1gkeLkK6KYfYIGOa6JL3aSbQuLgvW-GnZmKmf1uYVjMANCo26w,Milio,902,False,0,4,32,8868,1545,3127,279,4953,3948,7056,1818,12823,3107,2065,3504,3070,3158,0,2052,IJoanna DarkI,3DCD-2dzX2Kxe6VZoBI_hICiAd57qbvKIBEXoTKGIC9SO6pay-d9pWJJzeRZxzPvolrAU1I4UzpMlQ,MissFortune,21,False,7,9,23,10838,8537,16345,0,24883,10079,5406,1968,17455,6653,3158,4645,4628,0,0,2052
True,Udyr,77,6,12,39,NA1_4637005411,1310,ARAM,1682214853979,Syrúp,TfcWNN80nq72Jgw6SeylrwUKsMvFaRUFYF3H4SKwoEWb8gSSVH8NguHV-hmySQgDOqSnVVZrFrGBxg,Jinx,222,True,20,10,21,16971,54162,1692,5562,61417,11559,16177,2040,29777,3006,0,3153,3036,3072,6672,2052,Balkai,UaaAHDMrzSadZEnUtc2TEjGP5jaJQ8MVcULtz1SL1H8OAy6lAHz7EQ2OJwbvBST0YkR0fPD9AeT4ZA,Udyr,77,True,6,12,39,14015,7021,21844,1909,30775,21848,23602,5120,50571,4637,6665,1031,4401,6660,3111,2052,actuallyapotato,59rYkD8T2UT6a4REJW3NuCgQ7dJr9FHUp4ukCMoHmqyHntBpaoS81CAuW5BhjahxEGHCBQl0DS5_tg,Garen,86,True,17,5,21,18093,27458,0,5489,32948,15707,21969,3874,41551,3071,3111,3053,3161,1033,6631,2052,Katinka4,5u1OuQR4vRKF7Wfn6FxxPnF4Pic4-FPSAvzJquGYzMPSFuMSEZoLeekzJDwtzrrqkKqmCIxy_uJFOQ,Heimerdinger,74,True,6,8,33,14511,1390,36657,86,38134,7100,10984,605,18690,3070,3916,3157,3020,3089,6655,2052,Shuckle,wNZrz_iRLQUVnyoil-jSSQ3ZZd7o-bTCyYIDgBqheYtREHcZd0astsVtTKvM5-ORRt5kh9rBdiFR4w,Bard,432,True,5,6,33,13438,3355,23471,96,26924,6309,16013,1879,24201,6655,3158,3100,4629,3916,1043,2052,Rolli,3Cy5lJDVpFFrAxLBs72A8Vg90MnDuX8_ECnJD8HO2VRcdNh8XTKA5R2t3lq8HYzz5ihMhkrg8zEr8A,Kennen,85,False,5,12,21,13461,1856,29540,1000,32396,15231,13332,2645,31209,3157,3152,4629,3020,3145,1058,2052,SevenHead777777,iCPOLvh5xo0ZgtQU_G-INbJRtOOQMN3y_PieSWzU03rTNn19uWeZ92yaivhdq-3L6Vv0YomX2x0Atg,Fiora,114,False,14,17,15,15016,25009,1690,11125,37825,34377,16844,2866,54088,3156,0,3111,3161,3074,6632,2052,DDummy,TA70xypADUEnGVWJSjriAAWwL-5Ns580iPoxvUMGbt_rnTBPiAv5Dw5iJOIECgqcsxh9ZSDHob7cjg,Sona,37,False,1,8,35,12743,3409,15634,0,19043,20109,18194,1634,39937,6657,3040,3158,3089,3916,1026,2052,BinsBins,XhjjsVbQU8YxmZGy4JFNJFmt25CiCed4ZkB5INuRBbvtc7NogYopqO-fVit3DoALAnNssEUBP1OrqQ,Cassiopeia,69,False,11,7,17,15687,1057,37678,0,38735,12563,23207,1897,37668,6657,2031,3040,3116,3135,4637,2052,nRaven,WhMgML5J4sya0nlnRbIHw7GTw13-X0G1lCMuUVnmZ1l96KzjR7oX2cEElRTQiBWVCKXGtT3Rlz6Edg,Poppy,78,False,10,11,16,14874,18875,4203,1395,24473,28496,12088,4219,44804,6665,4401,3121,3083,1029,3111,2052
True,Amumu,32,2,22,34,NA1_4628547878,1527,ARAM,1681362916922,Iife is GG,Cub2CnhDkn_Ip-Xa8vk3e9sHJulkjm_ZGAmJBCHgeKJHf4zP3TPQfe1Zg9SpkyUDqvMnxXvcahyYCA,Veigar,45,False,20,12,34,18873,1135,64080,1602,66819,9830,27499,3319,40648,3157,3040,6657,3020,3089,3135,2052,Yaé Mikò,Sp2lw9R2MxSZylqNXnG-sjDV0ZaLY9ilAvHOuZh4AfrGFEcq-w4W70K_TkNBVdduTmBvQAsJXAvH9w,Qiyana,246,False,26,12,23,19288,54658,4010,2388,61057,16151,12402,4179,32733,3142,6676,6694,3156,6691,6695,2052,Bòu Bòu,gxWFyQeeLWy7t6h1LURTPJgKrjLOxT6HlNmywU8v-U8ENronmWW2AMvgQ0DLjp8p-mnGqbwTmM2zSA,Poppy,78,False,6,15,43,15235,35700,11103,0,46804,29965,35275,7824,73065,3211,8001,3111,3068,3075,3084,2052,Yoîmîya,Kl-KABk-Xde_gqpXUESuCjzNCnJ2LMlxBGQJjYf2jooFF4zbjHcRHBg6AkH2TYPXe8elbcE_swWrLQ,Xayah,498,False,7,12,41,17637,66472,0,6012,72485,12437,19516,2863,34817,6672,3006,6675,3046,3036,3153,2052,Târtâglîâ,zOk2QvnYgtzX3Vfwuq8H1L8_xFesSfsmzxTg-7JhA8sglFVQMaCdPjShcMheg8huXLwYMkuf4cikzQ,Akali,84,False,15,15,30,16781,2391,46381,7525,56298,22264,24254,3241,49760,3157,3020,4637,3135,4633,1058,2052,Balkai,UaaAHDMrzSadZEnUtc2TEjGP5jaJQ8MVcULtz1SL1H8OAy6lAHz7EQ2OJwbvBST0YkR0fPD9AeT4ZA,Amumu,32,True,2,22,34,14267,3203,29095,5518,37816,41416,24486,4151,70054,6665,3075,3111,3068,1011,4401,2052,actuallyapotato,59rYkD8T2UT6a4REJW3NuCgQ7dJr9FHUp4ukCMoHmqyHntBpaoS81CAuW5BhjahxEGHCBQl0DS5_tg,Chogath,31,True,16,10,30,18495,5020,32255,11682,48958,54172,35534,6746,96453,3047,3193,3083,6665,4637,3143,2052,Katinka4,5u1OuQR4vRKF7Wfn6FxxPnF4Pic4-FPSAvzJquGYzMPSFuMSEZoLeekzJDwtzrrqkKqmCIxy_uJFOQ,Nasus,75,True,22,11,33,20225,31384,17884,691,49959,41212,24691,3296,69200,3111,6632,3143,3065,3110,4401,2052,Shuckle,wNZrz_iRLQUVnyoil-jSSQ3ZZd7o-bTCyYIDgBqheYtREHcZd0astsVtTKvM5-ORRt5kh9rBdiFR4w,TwistedFate,4,True,18,17,28,19603,31238,13791,644,45675,20746,24286,1875,46908,6673,3157,3153,3111,3094,3124,2052,psnKINGCOBRA,8AanAwrW3s5gfzdUp3yueQA-Gn4awCBkYyZD2zrVi28TQJiJiQyhBFApfQoZQr0UX8ajNpkcIX7o3Q,Katarina,55,True,6,14,37,16718,4645,25921,1892,32459,24834,16577,1459,42871,3116,3152,3193,3153,3135,3020,2052
False,Ezreal,81,11,10,32,NA1_5077143987,1130,ARAM,1722917835384,God vei zZZ,yUPB1n1b-gaLvDMy4C9ZkBr0xT18t5f2AIopfVFXYIb-lFAL3YIY4LYRMxJE5guhsi37F81wl9Gr4w,Thresh,412,True,7,14,38,13140,2168,21876,935,24980,18240,19499,1161,38900,3121,6665,2051,3158,3075,3211,2052,Taylor Alison,QBHct1lLaWQugE0_zsnGxkSRZ_FsN_vwLiqoIUcm-HtfCCb4C05RoyFGgw8AsEZ1SmP9wotMeuwoyA,Ivern,427,True,2,9,43,11751,2949,6301,738,9989,9661,11595,1243,22500,6617,3070,3107,3158,3504,6616,2052,Aegonia,4TWOHqb5J_XQtpgB00wzq4IJv_GC-uQAvuUekPmah9W1AIht3xaU8OksuoKuwW_lxwvr4h1K3ydqkg,Swain,50,True,7,10,28,12899,1236,33801,320,35358,26483,23147,1456,51086,3118,3116,3065,3111,6653,0,2052,QiàoQiào,HdEj4EocpI6BHQLnOXYSdGkuHu6r582m02siPcwqS9NjQUI_J6vYp4TtrRvvoOwJjqSEXFxjJntJSw,Tryndamere,23,True,23,14,23,17998,54199,3283,2189,59673,27383,19649,1521,48554,3006,3074,3046,3031,3091,6694,2052,LordofBACONS,VCgcbsNOgC1zuLARKGbccmMA_TbZGIION-kEJsVNJ64KitzpFB6kdgvd_synUmBPvLaqD-DCgzCXpg,Sylas,517,True,16,12,24,14819,5206,36613,1803,43623,22949,19355,4845,47149,6657,3100,3020,3065,3137,1052,2052,Balkai,UaaAHDMrzSadZEnUtc2TEjGP5jaJQ8MVcULtz1SL1H8OAy6lAHz7EQ2OJwbvBST0YkR0fPD9AeT4ZA,Ezreal,81,False,11,10,32,13270,21903,12839,0,34743,8485,16973,729,26188,3078,3158,3042,3123,6694,3133,2052,actuallyapotato,59rYkD8T2UT6a4REJW3NuCgQ7dJr9FHUp4ukCMoHmqyHntBpaoS81CAuW5BhjahxEGHCBQl0DS5_tg,Rumble,68,False,18,14,28,14255,2284,40328,402,43015,17439,18713,2014,38166,4633,3020,6653,4629,1026,0,2052,Katinka4,5u1OuQR4vRKF7Wfn6FxxPnF4Pic4-FPSAvzJquGYzMPSFuMSEZoLeekzJDwtzrrqkKqmCIxy_uJFOQ,Urgot,6,False,7,11,29,12410,28699,0,1588,30287,23819,23678,1152,48651,3111,1029,3748,3071,3084,1033,2052,Shuckle,wNZrz_iRLQUVnyoil-jSSQ3ZZd7o-bTCyYIDgBqheYtREHcZd0astsVtTKvM5-ORRt5kh9rBdiFR4w,Zyra,143,False,12,7,41,14575,2574,40005,0,42580,7192,10123,807,18124,3137,3020,6653,3089,3916,3116,2052,LoJaximus,b_PsODiLD8fIzVPmJBd7bR6ajAUObJWQRL_pjRWCwPmjrup3eMkogcZWIOamPaT9_44F2qbHnwSS1g,Sett,875,False,11,13,31,15342,32979,73,8237,41289,23307,32387,1282,56977,3111,6631,6610,3053,3076,3065,2052
True,Strawberry_Aurora,3159,0,1,0,NA1_5077000929,975,STRAWBERRY,1722911796618,Balkai,UaaAHDMrzSadZEnUtc2TEjGP5jaJQ8MVcULtz1SL1H8OAy6lAHz7EQ2OJwbvBST0YkR0fPD9AeT4ZA,Strawberry_Aurora,3159,True,0,1,0,4601,0,0,0,0,12035,0,0,12035,9407,9180,9275,9277,9178,0,0,actuallyapotato,59rYkD8T2UT6a4REJW3NuCgQ7dJr9FHUp4ukCMoHmqyHntBpaoS81CAuW5BhjahxEGHCBQl0DS5_tg,Strawberry_Xayah,3947,True,0,1,0,4601,0,0,0,0,14506,0,0,14506,9406,9275,9180,9190,9179,0,0,Katinka4,5u1OuQR4vRKF7Wfn6FxxPnF4Pic4-FPSAvzJquGYzMPSFuMSEZoLeekzJDwtzrrqkKqmCIxy_uJFOQ,Strawberry_Illaoi,3678,True,0,0,0,4601,0,0,0,0,25282,0,0,25282,9405,9276,9287,9273,9277,0,0,Shuckle,wNZrz_iRLQUVnyoil-jSSQ3ZZd7o-bTCyYIDgBqheYtREHcZd0astsVtTKvM5-ORRt5kh9rBdiFR4w,Strawberry_Seraphine,3153,True,0,0,0,4601,0,0,0,0,3485,0,0,3485,9402,9290,9193,9277,9280,0,0,,,,266,True,0,0,0,0,0,0,0,0,0,0,0,0,0,0,0,0,0,0,0,,,,266,True,0,0,0,0,0,0,0,0,0,0,0,0,0,0,0,0,0,0,0,,,,266,True,0,0,0,0,0,0,0,0,0,0,0,0,0,0,0,0,0,0,0,,,,266,True,0,0,0,0,0,0,0,0,0,0,0,0,0,0,0,0,0,0,0,,,,266,True,0,0,0,0,0,0,0,0,0,0,0,0,0,0,0,0,0,0,0,,,,266,True,0,0,0,0,0,0,0,0,0,0,0,0,0,0,0,0,0,0,0
False,KogMaw,96,13,14,33,NA1_4627501356,1366,ARAM,1681263134362,ARISILLUSION,VHx6rlfVgOUs0oWndKalrgdgstdETdSiX88E1YweWw1CXNLvsm5TCe4Ko2Sk4PqHmSrNTRlJWsW6vw,Yasuo,157,False,22,17,20,18499,49698,1914,3055,54668,25707,10386,4706,40800,3006,6673,3153,3031,6333,3072,2052,Balkai,UaaAHDMrzSadZEnUtc2TEjGP5jaJQ8MVcULtz1SL1H8OAy6lAHz7EQ2OJwbvBST0YkR0fPD9AeT4ZA,KogMaw,96,False,13,14,33,16978,32835,17030,9104,58969,26083,10694,2883,39661,6673,3153,3143,3124,3085,3006,2052,actuallyapotato,59rYkD8T2UT6a4REJW3NuCgQ7dJr9FHUp4ukCMoHmqyHntBpaoS81CAuW5BhjahxEGHCBQl0DS5_tg,Swain,50,False,10,10,36,15266,2046,31093,961,34101,43492,30605,3411,77509,3047,6657,4637,3116,3076,3143,2052,Katinka4,5u1OuQR4vRKF7Wfn6FxxPnF4Pic4-FPSAvzJquGYzMPSFuMSEZoLeekzJDwtzrrqkKqmCIxy_uJFOQ,Rell,526,False,3,11,46,12971,2136,8572,1576,12285,35302,9407,1828,46538,3047,3083,3068,6665,3076,1011,2052,Shuckle,wNZrz_iRLQUVnyoil-jSSQ3ZZd7o-bTCyYIDgBqheYtREHcZd0astsVtTKvM5-ORRt5kh9rBdiFR4w,Lux,99,False,13,10,43,16193,2016,38776,297,41090,18917,4231,559,23708,6655,3020,4645,3916,3089,3135,0,Xiao Shi Zi,i9P4bbZrTNRxsAIyfK-VOoXRx0lEEKmqKyovxyU4mPUrGxCyUXGdML4tkLzeJKHHAWSEGDkms9PolQ,Darius,122,True,11,14,30,15619,22792,139,5654,28585,29557,23554,7672,60784,6630,3155,3075,6333,4401,3111,2052,EuphorÍą,syZEAgLkaeIP9egMsAe93D2I-qPY9nffUFHTZFxDGuvehp77codEm_ogeUw0STwp-O-3sEP-UMCh-Q,Mordekaiser,82,True,11,14,30,16627,3627,45311,3619,52559,27961,25112,2919,55993,6665,3143,4637,3111,3075,4401,0,Two Girl 1 Cup,BsBxWFoSn5lsYDgqpmbB-FVm6Iqjrz9g4H1u2UtdJcbXnk4NBnKD930gczmPJOUOeTs2wVDomMseDA,Graves,104,True,10,12,29,16791,37820,1149,769,39739,13994,15981,1870,31845,3111,6676,2015,3036,3071,6692,2052,RiverFlowsInYou,cbOsiRnjIwdT55k-ieyWMLBgki29z-B_hUJkvToVQYJBlp7XDOXbCW3zf32VUqYBr7Vx0pjAG6RZVQ,Zeri,221,True,20,15,27,18688,50570,15915,556,67042,20464,22060,1367,43891,3046,6673,3006,3085,3031,3036,2052,Ms Yukii,ApsaA4oOcd7ReSBXuQ5pWbiz30YMiJKMpsRZWPvTEBJNOb-JnEM3cZKJ7CWPfF2KnGBTD1ghlLAM9w,Jhin,202,True,8,7,28,14887,20121,2808,1884,24815,7538,10678,1028,19245,6673,3009,6676,3031,3094,3123,0
False,MasterYi,11,11,18,13,NA1_4637036152,1306,ARAM,1682216443716,Doomcore,ROSIENlbaiGJFiNE0K6eT04meihc_uzwelvL-EpibuAn9p_hh2jyUeC-uG_kCMrLx0YTt6246iovdA,Hecarim,120,False,10,15,17,13982,13922,9681,86,23690,25168,20313,9398,54880,6665,3075,3111,6333,3110,1036,2052,Balkai,UaaAHDMrzSadZEnUtc2TEjGP5jaJQ8MVcULtz1SL1H8OAy6lAHz7EQ2OJwbvBST0YkR0fPD9AeT4ZA,MasterYi,11,False,11,18,13,14980,17390,0,6843,24234,15201,17824,1467,34492,6691,6676,3508,3031,3133,3111,2052,actuallyapotato,59rYkD8T2UT6a4REJW3NuCgQ7dJr9FHUp4ukCMoHmqyHntBpaoS81CAuW5BhjahxEGHCBQl0DS5_tg,Swain,50,False,9,9,25,14842,2049,29791,753,32594,22865,38997,1391,63254,6657,4637,3111,3116,3211,3143,2052,Katinka4,5u1OuQR4vRKF7Wfn6FxxPnF4Pic4-FPSAvzJquGYzMPSFuMSEZoLeekzJDwtzrrqkKqmCIxy_uJFOQ,Amumu,32,False,4,14,25,12617,5883,16597,3219,25699,23887,29993,1475,55355,8020,3111,3076,3084,3110,1011,2052,Shuckle,wNZrz_iRLQUVnyoil-jSSQ3ZZd7o-bTCyYIDgBqheYtREHcZd0astsVtTKvM5-ORRt5kh9rBdiFR4w,Zyra,143,False,13,14,18,16317,832,29894,349,31077,9889,19340,514,29744,6653,4645,3020,3916,3089,3135,2052,Dinoesaur,RmdKvjlSy_qVdxnLK1oCbWY4EskH4Bj3PGGqiiWfPx9BTvC1oUMprV6pOd5DYiZ6L5wDDXPRn9cJMg,Zilean,26,True,7,4,52,15378,1681,28168,1742,31592,4060,16076,1565,21703,6656,3040,3157,1052,0,3158,2052,I FIST YOU,iIw3y7GSa_8axK2tZIIe8wDbWW96aAnobrUVA7CvWxYMoTSSAWh1xRxQKqPF9mVUT7VQTWf3rjxn2A,Nunu,20,True,20,7,30,16805,708,53795,3081,57585,8280,17111,5010,30401,6655,3020,3089,4628,4645,1052,2052,JoshTheBlock,Pd4KLqajyADYVXbrHdXimjwchYjQ5jFVfkqtYYiNbdJNf1W8drR17jfkZME-_N_55HnkPorcFOUyhA,FiddleSticks,9,True,9,16,35,13310,279,36294,508,37082,14791,22599,3766,41158,3020,2031,3152,4645,4629,1058,3330,ThadOfDark,9n-yr6bYPcUbAku_i8UY1ubnY90F6dZ6xRuoSmF1gpb1QXcED2bXFJZQALahDiUemabxC6C2FqL1bA,Ashe,22,True,20,12,29,16999,38370,6656,5691,50718,10921,16910,2034,29866,6672,3006,3153,3091,3124,3035,2052,Jesquid,ipnx63oRWcpPC43s7Kv9CjZYURtWoE1rEVKCJQaAMPhb3XJjnlP--qp1CQOI5ehFEy3j1_alJ0Pbyw,Caitlyn,51,True,14,9,28,16269,40690,1556,2332,44578,8631,13267,1875,23773,3036,6671,3006,3031,3094,1053,2052
False,Twitch,29,10,9,15,NA1_4630996788,677,ARAM,1681612949052,Gaviner,mYnNPb5kE1rwb_mHp-i7198Iol2YH754FQ--jXdzWY6DibGYA_4uBS5IjXdWnFfP8xiRvUp5FruLQg,Yasuo,157,True,7,8,18,9084,9498,1462,353,11314,9749,4922,865,15538,3006,3153,6665,0,0,0,2052,YB8 BOO,sK03S199pXx4CaNikaFwWtWFgVUgJD5OFgzEyccJPVIi994T05X6mcg1DHgdRJjqbm9jOMIaBCfSzA,Camille,164,True,6,5,16,9104,7354,430,2497,10282,6908,3566,675,11149,6632,6333,3111,0,0,0,0,TheShyc,igGsc3pshjGAp_VCvLP-YbE7YXf8QJ0Yx64ths76Rt4GwBGTLCf0p11ALdnOp_HSJwfrJ0gQpsGDbg,Kennen,85,True,5,7,21,9338,1242,16351,934,18527,9407,3941,2115,15464,3112,3165,3152,3020,3108,0,0,Gao QÍ Qiang,aWARBZbcM80jlpJR2pw0XxETIJk3lMziQbmhrWIJejyvn3oE4tZ92-JQRtCT-o9fTbH-9ASncyePEA,Xayah,498,True,12,7,14,11207,22251,654,0,22906,8022,3975,544,12541,6671,3006,6675,3086,1036,0,2052,Catiyst,2uwUzbJuZnVgJWN2krn9prAYFvqT0eCiR8-E60Cd58hiVT3KHf2ly0jQmKQU6iSZJjqpBVI7qX1-Fw,DrMundo,36,True,4,7,13,8124,4596,6270,515,11381,11651,7456,794,19902,2051,3084,3047,6660,1031,0,2052,SadCapae,li96eMVG7cTy-GkQq1qrAKWlV3EyiDQEBG9F8CCrjoK6laZkQbTJaHoeuOs3Z9LYH1h-2pv1aRM3Nw,Nami,267,False,2,4,30,7653,819,4339,0,5158,4821,3374,331,8527,3158,6617,3070,3011,0,0,2052,Balkai,UaaAHDMrzSadZEnUtc2TEjGP5jaJQ8MVcULtz1SL1H8OAy6lAHz7EQ2OJwbvBST0YkR0fPD9AeT4ZA,Twitch,29,False,10,9,15,9219,11723,560,3421,15706,8958,4546,572,14077,6672,3085,0,0,0,3111,2052,actuallyapotato,59rYkD8T2UT6a4REJW3NuCgQ7dJr9FHUp4ukCMoHmqyHntBpaoS81CAuW5BhjahxEGHCBQl0DS5_tg,Vladimir,8,False,3,6,22,8110,744,13935,0,14679,11323,6060,1110,18495,3112,3157,4636,1001,0,2031,2052,Katinka4,5u1OuQR4vRKF7Wfn6FxxPnF4Pic4-FPSAvzJquGYzMPSFuMSEZoLeekzJDwtzrrqkKqmCIxy_uJFOQ,Sejuani,113,False,9,7,13,8482,10028,3173,573,13774,13992,6083,1128,21204,3111,3110,2031,3084,2051,0,2052,Shuckle,wNZrz_iRLQUVnyoil-jSSQ3ZZd7o-bTCyYIDgBqheYtREHcZd0astsVtTKvM5-ORRt5kh9rBdiFR4w,Varus,110,False,9,8,18,8791,11730,1854,0,13584,7520,5102,1157,13780,6673,3153,3111,1042,0,0,2052
False,JarvanIV,59,0,1,2,NA1_5013891924,143,ARAM,1717648781233,Balkai,UaaAHDMrzSadZEnUtc2TEjGP5jaJQ8MVcULtz1SL1H8OAy6lAHz7EQ2OJwbvBST0YkR0fPD9AeT4ZA,JarvanIV,59,False,0,1,2,2213,313,66,30,410,668,345,85,1098,3133,1001,0,0,0,0,2052,actuallyapotato,59rYkD8T2UT6a4REJW3NuCgQ7dJr9FHUp4ukCMoHmqyHntBpaoS81CAuW5BhjahxEGHCBQl0DS5_tg,Lillia,876,False,1,0,0,2236,63,903,243,1211,356,800,117,1273,3802,0,0,0,0,2031,2052,Katinka4,5u1OuQR4vRKF7Wfn6FxxPnF4Pic4-FPSAvzJquGYzMPSFuMSEZoLeekzJDwtzrrqkKqmCIxy_uJFOQ,Lucian,236,False,0,0,1,2073,538,108,32,679,405,536,13,955,1001,3134,2003,0,0,0,2052,Shuckle,wNZrz_iRLQUVnyoil-jSSQ3ZZd7o-bTCyYIDgBqheYtREHcZd0astsVtTKvM5-ORRt5kh9rBdiFR4w,Lux,99,False,1,0,0,2169,200,402,0,603,103,381,18,504,3802,2031,0,0,0,0,2052,HateUsCuzDeyAnuś,Oqp4pEqOFabQxgkNc4QdgBhNkQRJkYd9g0m8Urxwvc58JxmQYq4ZoZ6yh2N2Gn0K18AhMgCWDxTCIg,KogMaw,96,False,0,0,0,1901,0,0,0,0,0,0,0,0,3006,1042,0,0,0,0,2052,Syrup04,t1u0jEgBTwIw1Vh14WIY5ml4Vj3DWCiZRBU_dS-VaDisRcaeVeIxQ87OE8-9QjG0kiU8cExiuQictA,Malzahar,90,True,0,0,0,2025,0,374,13,387,188,258,66,513,2508,3070,2003,0,0,0,2052,Conoa,I03FGTGCoAe1-bxtKzgEI1DMCZ0sbrvmzlFEUut5tmfI_XDXQ8o7dz1qzXrlM6mkpG_aKT1oUE98cw,Sylas,517,True,0,0,0,2015,0,1344,36,1381,295,332,118,746,3112,1001,0,0,0,0,2052,Gatsbythesamoyed,n6sGfWgl8phuf4aclaseDsVvDM-tAcK_CApeZhOj8hZFckAf07gbY-CUjo9vOYKdR_MewvO2Pc-gzQ,Ahri,103,True,1,1,0,2285,0,345,184,530,620,505,89,1215,3802,2031,0,0,0,0,2052,,lLDSpnMdPqrC_j99E4_xi8lDW3yDjkLVzw4-zydRdm4IOCsJjNe9kr5WGBJ6J3_Nbvok7VVjSTm8Xw,Xayah,498,True,0,1,1,2239,652,0,0,652,797,214,32,1044,3006,1042,0,0,0,0,2052,Anchorim,6X9gbu84GcigwD6BQUDHCYyaRfIFqzpSuk_Dn8nkIfjAJwaEqhclipe9ruqqGNfK3Y7_8WzAmglDJQ,Jhin,202,True,0,0,1,2172,819,0,0,819,15,170,0,185,3134,1001,2003,0,0,0,2052
False,Strawberry_Yasuo,3157,0,0,0,NA1_5075784955,311,STRAWBERRY,1722824182269,Balkai,UaaAHDMrzSadZEnUtc2TEjGP5jaJQ8MVcULtz1SL1H8OAy6lAHz7EQ2OJwbvBST0YkR0fPD9AeT4ZA,Strawberry_Yasuo,3157,False,0,0,0,1043,0,0,0,0,5164,0,0,5164,9304,9175,9183,9192,9180,0,0,,,,266,True,0,0,0,0,0,0,0,0,0,0,0,0,0,0,0,0,0,0,0,,,,266,True,0,0,0,0,0,0,0,0,0,0,0,0,0,0,0,0,0,0,0,,,,266,True,0,0,0,0,0,0,0,0,0,0,0,0,0,0,0,0,0,0,0,,,,266,True,0,0,0,0,0,0,0,0,0,0,0,0,0,0,0,0,0,0,0,,,,266,True,0,0,0,0,0,0,0,0,0,0,0,0,0,0,0,0,0,0,0,,,,266,True,0,0,0,0,0,0,0,0,0,0,0,0,0,0,0,0,0,0,0,,,,266,True,0,0,0,0,0,0,0,0,0,0,0,0,0,0,0,0,0,0,0,,,,266,True,0,0,0,0,0,0,0,0,0,0,0,0,0,0,0,0,0,0,0,,,,266,True,0,0,0,0,0,0,0,0,0,0,0,0,0,0,0,0,0,0,0
True,Strawberry_Briar,3156,0,0,0,NA1_5077064714,1003,STRAWBERRY,1722914597899,Balkai,UaaAHDMrzSadZEnUtc2TEjGP5jaJQ8MVcULtz1SL1H8OAy6lAHz7EQ2OJwbvBST0YkR0fPD9AeT4ZA,Strawberry_Briar,3156,True,0,0,0,12375,0,0,0,0,53572,0,0,53572,9403,9273,9293,9274,9280,0,0,actuallyapotato,59rYkD8T2UT6a4REJW3NuCgQ7dJr9FHUp4ukCMoHmqyHntBpaoS81CAuW5BhjahxEGHCBQl0DS5_tg,Strawberry_Seraphine,3153,True,0,1,0,12375,0,0,0,0,5141,0,0,5141,9402,9279,9275,9280,9293,0,0,Katinka4,5u1OuQR4vRKF7Wfn6FxxPnF4Pic4-FPSAvzJquGYzMPSFuMSEZoLeekzJDwtzrrqkKqmCIxy_uJFOQ,Strawberry_Illaoi,3678,True,0,3,0,12375,0,0,2250,2250,27196,0,2250,29446,9405,9283,9280,9277,9287,0,0,Shuckle,wNZrz_iRLQUVnyoil-jSSQ3ZZd7o-bTCyYIDgBqheYtREHcZd0astsVtTKvM5-ORRt5kh9rBdiFR4w,Strawberry_Xayah,3947,True,0,2,0,12375,0,0,0,0,9717,0,0,9717,9406,9279,9272,9290,9280,0,0,,,,266,True,0,0,0,0,0,0,0,0,0,0,0,0,0,0,0,0,0,0,0,,,,266,True,0,0,0,0,0,0,0,0,0,0,0,0,0,0,0,0,0,0,0,,,,266,True,0,0,0,0,0,0,0,0,0,0,0,0,0,0,0,0,0,0,0,,,,266,True,0,0,0,0,0,0,0,0,0,0,0,0,0,0,0,0,0,0,0,,,,266,True,0,0,0,0,0,0,0,0,0,0,0,0,0,0,0,0,0,0,0,,,,266,True,0,0,0,0,0,0,0,0,0,0,0,0,0,0,0,0,0,0,0
True,Velkoz,161,6,6,29,NA1_5022197276,871,ARAM,1718680901535,ES Inquisition,WEKmmFHkDS8ISbnW1M1_3fCXuHK9x4ntd4Se_c9ZGqpDzk2_qJd2l_eO0lWXhLDv7VzP6aoBu2JFBQ,Caitlyn,51,False,2,8,14,9472,14514,631,0,15145,9519,4275,505,14301,3031,3006,3094,1018,3035,0,2052,BazaarMedic,_qmWbmG81RXyOBmqCM5qK4WMYh-BtkIEebftdEs2BcMaV5yTDleIVPmSu6eKO3JUcI5EPJhjpqDgIg,Sylas,517,False,15,14,7,11771,1523,22451,986,24960,16506,9150,922,26579,4645,3100,3020,4646,1058,0,0,Markiê,8Un2u3qBAw2bU0xu0xTb8P1smjGBEngL_ruy3tT5H-ibET7qw-CHDarFN8n6Cgg13h3pj2o5JXIVdw,Thresh,412,False,0,4,13,7182,377,3319,400,4096,6107,3776,471,10355,2051,3070,3111,1031,1057,1028,2052,Retroflexion,cybwst5MGdL3FWXvEvFSy4I6B3OzDGfLf6Zphdrr6J7cWx3ouTBhMcSLFBKhU81Qj3bPqi-uGakf8Q,Smolder,901,False,8,8,14,12355,23745,5748,863,30357,9210,8021,1201,18432,1053,3177,3158,3161,3508,6653,2052,Snarky2020,ETuTFnE9lqhSA9PATTZFe1a9AfCaQmRFQhbiXmqvaug-P0KjqMrqRUIu27ZByzuxF_dhiAqIx70xOA,Fiora,114,False,4,16,13,8418,10663,727,6032,17423,17688,11476,1592,30757,3184,3070,3047,3153,1011,3066,2052,Balkai,UaaAHDMrzSadZEnUtc2TEjGP5jaJQ8MVcULtz1SL1H8OAy6lAHz7EQ2OJwbvBST0YkR0fPD9AeT4ZA,Velkoz,161,True,6,6,29,10391,648,11779,2837,15264,8654,4509,1302,14466,2503,2031,3916,4645,1052,3020,2052,actuallyapotato,59rYkD8T2UT6a4REJW3NuCgQ7dJr9FHUp4ukCMoHmqyHntBpaoS81CAuW5BhjahxEGHCBQl0DS5_tg,Aphelios,523,True,13,5,24,13091,28147,701,0,28848,10612,6934,331,17878,3184,3006,3031,3046,3036,0,2052,Katinka4,5u1OuQR4vRKF7Wfn6FxxPnF4Pic4-FPSAvzJquGYzMPSFuMSEZoLeekzJDwtzrrqkKqmCIxy_uJFOQ,Illaoi,420,True,18,6,20,12959,24692,0,944,25637,18298,8838,3973,31110,3047,3071,1028,6610,3053,1031,0,Shuckle,wNZrz_iRLQUVnyoil-jSSQ3ZZd7o-bTCyYIDgBqheYtREHcZd0astsVtTKvM5-ORRt5kh9rBdiFR4w,Elise,60,True,9,8,29,10408,1579,19057,831,21468,10785,6699,1008,18493,1052,6653,3020,3916,3116,3108,0,Montepremi,eHmHofAr3Lq2c55a8_huZdBnzvRWjeO0bn6wj2Vq1BHAgjUtOnRBrlnIXixAOgipl34UxJzcLPldQg,Rakan,497,True,4,4,39,10638,1438,5164,80,6682,8195,5895,1665,15757,2051,3121,3111,6665,3211,1033,2052
False,Karthus,30,16,19,20,NA1_4626847448,1108,ARAM,1681187259526,Nozick,waRc5UFHabw_-J4l2nP_fb7AHK0egN2jayxzcYgR8fK0dDlC8i7bozpqokfxWEnSDdhJs0GfN3WkRQ,Sivir,15,True,18,11,38,15821,40458,0,262,40720,11584,14415,1385,27386,3133,6676,6691,6694,3042,3158,2052,kouhdi,__CSrpXPLSIWJChTrmFr5YfxrDsWJR_micJWY0688plK0TQKgSRlpRMoh2CZmvLB7AP7aiziT4KfuQ,Zilean,26,True,22,7,37,15519,2245,32240,1105,35592,12203,11875,1214,25293,6655,3020,3040,3089,3135,1052,2052,Devos,LYbtEbIaV-2j6joVS4d7Tie7qWhgfak8GT-6YSJ_E-dJaS4GUs1J5ZaMluRMfi38cOqfGlEfm0LODw,Blitzcrank,53,True,2,13,38,11291,4162,11473,905,16541,18239,11089,2764,32093,6656,4401,3111,3110,3076,0,2052,congachien,zCqaThlE5FBQqiUetOKlpWCIIT972iIPwYs0r8TB2l2eOdeGNtCLPjEB3PbRRlhdaHt7CK4y5ZJ9AA,Sion,14,True,20,10,37,16620,26628,11103,237,37968,38464,16568,5179,60213,4401,3143,3068,3047,3075,3084,2052,sheepiie,JEBmRCknVq5ssozYwzJjftNzW4dErDtx0xftAE4btomPdBMZIWwJ3PU-og1FSluaiQ__dGK-ccKOnA,Zyra,143,True,8,8,44,13221,2138,33616,843,36599,9752,6968,1322,18044,6653,2420,3165,4637,3191,3020,2052,Balkai,UaaAHDMrzSadZEnUtc2TEjGP5jaJQ8MVcULtz1SL1H8OAy6lAHz7EQ2OJwbvBST0YkR0fPD9AeT4ZA,Karthus,30,False,16,19,20,15997,137,52091,2226,54455,20017,15333,1047,36398,6653,4645,4637,3135,1058,3020,2052,actuallyapotato,59rYkD8T2UT6a4REJW3NuCgQ7dJr9FHUp4ukCMoHmqyHntBpaoS81CAuW5BhjahxEGHCBQl0DS5_tg,Samira,360,False,10,14,18,13287,40224,3675,0,43900,18077,15961,317,34357,3031,3111,6673,1018,3036,1053,2052,Katinka4,5u1OuQR4vRKF7Wfn6FxxPnF4Pic4-FPSAvzJquGYzMPSFuMSEZoLeekzJDwtzrrqkKqmCIxy_uJFOQ,Garen,86,False,7,14,18,12758,15357,490,5449,21296,17481,21384,690,39556,3111,3211,6631,3071,3068,2051,2052,Shuckle,wNZrz_iRLQUVnyoil-jSSQ3ZZd7o-bTCyYIDgBqheYtREHcZd0astsVtTKvM5-ORRt5kh9rBdiFR4w,JarvanIV,59,False,5,11,34,12512,9619,4660,265,14545,17700,23082,847,41629,3111,3190,3083,3068,1057,3066,2052,Laniicle,_i4giKnAP6zXZ1miEyMVqpp2-SzRYOZjtFvWoKj1od3pyNUgMqJjFugAWPUHR-6eoIxDiZUj4421FQ,Pyke,555,False,10,12,19,12065,15083,0,4049,19133,12754,12671,575,26001,3142,3158,6696,6691,1037,0,2052
False,Strawberry_Yasuo,3157,0,1,0,NA1_5075934488,66,STRAWBERRY,1722830535582,Balkai,UaaAHDMrzSadZEnUtc2TEjGP5jaJQ8MVcULtz1SL1H8OAy6lAHz7EQ2OJwbvBST0YkR0fPD9AeT4ZA,Strawberry_Yasuo,3157,False,0,1,0,68,0,0,0,0,1674,0,0,1674,9304,9193,0,0,0,0,0,,,,266,True,0,0,0,0,0,0,0,0,0,0,0,0,0,0,0,0,0,0,0,,,,266,True,0,0,0,0,0,0,0,0,0,0,0,0,0,0,0,0,0,0,0,,,,266,True,0,0,0,0,0,0,0,0,0,0,0,0,0,0,0,0,0,0,0,,,,266,True,0,0,0,0,0,0,0,0,0,0,0,0,0,0,0,0,0,0,0,,,,266,True,0,0,0,0,0,0,0,0,0,0,0,0,0,0,0,0,0,0,0,,,,266,True,0,0,0,0,0,0,0,0,0,0,0,0,0,0,0,0,0,0,0,,,,266,True,0,0,0,0,0,0,0,0,0,0,0,0,0,0,0,0,0,0,0,,,,266,True,0,0,0,0,0,0,0,0,0,0,0,0,0,0,0,0,0,0,0,,,,266,True,0,0,0,0,0,0,0,0,0,0,0,0,0,0,0,0,0,0,0
True,Strawberry_Xayah,3947,0,2,0,NA1_5077101485,1083,STRAWBERRY,1722916113375,Balkai,UaaAHDMrzSadZEnUtc2TEjGP5jaJQ8MVcULtz1SL1H8OAy6lAHz7EQ2OJwbvBST0YkR0fPD9AeT4ZA,Strawberry_Xayah,3947,True,0,2,0,11146,0,0,0,0,15848,0,0,15848,9406,9280,9290,9275,9279,0,0,actuallyapotato,59rYkD8T2UT6a4REJW3NuCgQ7dJr9FHUp4ukCMoHmqyHntBpaoS81CAuW5BhjahxEGHCBQl0DS5_tg,Strawberry_Seraphine,3153,True,0,1,0,11146,0,0,862,862,5263,0,862,6125,9402,9293,9280,9290,9285,0,0,Katinka4,5u1OuQR4vRKF7Wfn6FxxPnF4Pic4-FPSAvzJquGYzMPSFuMSEZoLeekzJDwtzrrqkKqmCIxy_uJFOQ,Strawberry_Illaoi,3678,True,0,1,0,11219,0,0,0,0,24041,0,0,24041,9405,9293,9287,9281,9280,0,0,Shuckle,wNZrz_iRLQUVnyoil-jSSQ3ZZd7o-bTCyYIDgBqheYtREHcZd0astsVtTKvM5-ORRt5kh9rBdiFR4w,Strawberry_Yasuo,3157,True,0,2,0,11146,0,0,1200,1200,13032,0,1200,14232,9404,9279,9290,9193,9280,0,0,,,,266,True,0,0,0,0,0,0,0,0,0,0,0,0,0,0,0,0,0,0,0,,,,266,True,0,0,0,0,0,0,0,0,0,0,0,0,0,0,0,0,0,0,0,,,,266,True,0,0,0,0,0,0,0,0,0,0,0,0,0,0,0,0,0,0,0,,,,266,True,0,0,0,0,0,0,0,0,0,0,0,0,0,0,0,0,0,0,0,,,,266,True,0,0,0,0,0,0,0,0,0,0,0,0,0,0,0,0,0,0,0,,,,266,True,0,0,0,0,0,0,0,0,0,0,0,0,0,0,0,0,0,0,0
False,Strawberry_Xayah,3947,0,1,0,NA1_5077462742,312,STRAWBERRY,1722953319328,Balkai,UaaAHDMrzSadZEnUtc2TEjGP5jaJQ8MVcULtz1SL1H8OAy6lAHz7EQ2OJwbvBST0YkR0fPD9AeT4ZA,Strawberry_Xayah,3947,False,0,1,0,1986,0,0,0,0,3760,0,0,3760,9306,9180,9175,9190,0,0,0,,,,266,True,0,0,0,0,0,0,0,0,0,0,0,0,0,0,0,0,0,0,0,,,,266,True,0,0,0,0,0,0,0,0,0,0,0,0,0,0,0,0,0,0,0,,,,266,True,0,0,0,0,0,0,0,0,0,0,0,0,0,0,0,0,0,0,0,,,,266,True,0,0,0,0,0,0,0,0,0,0,0,0,0,0,0,0,0,0,0,,,,266,True,0,0,0,0,0,0,0,0,0,0,0,0,0,0,0,0,0,0,0,,,,266,True,0,0,0,0,0,0,0,0,0,0,0,0,0,0,0,0,0,0,0,,,,266,True,0,0,0,0,0,0,0,0,0,0,0,0,0,0,0,0,0,0,0,,,,266,True,0,0,0,0,0,0,0,0,0,0,0,0,0,0,0,0,0,0,0,,,,266,True,0,0,0,0,0,0,0,0,0,0,0,0,0,0,0,0,0,0,0
True,Twitch,29,20,11,15,NA1_5013891275,1196,ARAM,1717649061033,Zekiro,BW2WTd9XiB70yBWuBkaGbr6BwDE1Uq-SbyqrLY0v88Rjw5E93ImK_IzTLXfAG3YVeqIO1lRzzo2iGg,Hwei,910,False,11,8,14,14536,699,27239,700,28640,4719,17851,1237,23808,2503,3089,6653,3137,3145,3020,2052,jipoy,61xnLS2YxNEXuzLS2EKzONTQLH666CfTapA2bzcEUJcHX0y_Oaf1Lp2xwjlGwMitaZm5diOprHZ20w,Sion,14,False,8,15,22,14833,16900,6047,1422,24370,44424,31724,5335,81484,3084,3111,3083,3110,6664,1057,0,Iwaslikeblam,W7AFi1nWF0v1a1NrRSzwecaPKoDSw1DMJ876isFI3AyULgZ38AOI93WgSCuoovoFjIlKg4mkTYjgKQ,Varus,110,False,10,15,19,13112,18400,3784,504,22688,8193,15467,2446,26107,3042,3156,6692,3133,3111,3035,2052,Im Audi,SWe-5WYK_CY-pxBI1knwoOf4fovOU5acxgT5t9PNgAqTSSqvV1ISFfZf2sWKVvHerZOvaEDy3e1qgQ,TwistedFate,4,False,6,10,16,13476,9959,8010,0,17970,7683,13508,1424,22616,3006,6672,3124,3094,1053,1037,2052,cool sexy girl,Ylpkiq8ZpUJV3amqpRAErSzTWcfWAKrHCPq40iq77lcfW3NOwHz0XHInvrUaPfrvDIdDua0GtiObfg,Malzahar,90,False,5,9,15,12807,117,14969,1122,16210,8024,12589,1755,22369,2503,3020,6653,3137,3165,0,2052,Balkai,UaaAHDMrzSadZEnUtc2TEjGP5jaJQ8MVcULtz1SL1H8OAy6lAHz7EQ2OJwbvBST0YkR0fPD9AeT4ZA,Twitch,29,True,20,11,15,17762,50618,2141,3627,56387,16235,11731,1043,29010,3153,3085,3031,3036,6670,3006,2052,actuallyapotato,59rYkD8T2UT6a4REJW3NuCgQ7dJr9FHUp4ukCMoHmqyHntBpaoS81CAuW5BhjahxEGHCBQl0DS5_tg,Xerath,101,True,12,5,29,14774,1045,37097,1241,39383,5509,11150,555,17214,2503,3020,4645,3137,3089,2508,2052,Katinka4,5u1OuQR4vRKF7Wfn6FxxPnF4Pic4-FPSAvzJquGYzMPSFuMSEZoLeekzJDwtzrrqkKqmCIxy_uJFOQ,Amumu,32,True,6,11,33,12933,2691,17401,3860,23953,16505,17841,1189,35536,3111,2051,6665,8020,3110,6660,2052,Shuckle,wNZrz_iRLQUVnyoil-jSSQ3ZZd7o-bTCyYIDgBqheYtREHcZd0astsVtTKvM5-ORRt5kh9rBdiFR4w,Shaco,35,True,14,9,25,14021,824,24622,2540,27987,12199,10576,184,22960,2503,2031,3158,6653,3137,3089,2052,JuustBelieve,Hw7FUpeLMRtPUucsl4MYE1DY7QImIojZGxqNnRVMuqhDnzoO5ZPGOqraPDk3xC-uBXMK2j7-xpMpuQ,Milio,902,True,3,4,47,12564,1400,9857,444,11702,4461,8751,296,13509,6617,6616,3504,4642,3113,3158,2052
True,Akshan,166,12,9,11,NA1_4628516730,1218,ARAM,1681361514466,Bacaniel,yV9dHMxvpfraAWA0k6JGgFapwQm6jVCzSE98CX5VrP7bakSbWJRGVdbHO9NWm6T3fI7wnMDW1F6aWw,DrMundo,36,False,5,9,16,11872,8590,17159,1602,27352,29011,26852,2299,58163,3084,3065,3047,4401,1031,0,2052,Fuzzystun,mdCYmUYubaymQn7fzqfj9BQcnDkTiPN9LMPXagPAQ4Kvl1DisyyFnYsTP-55KTReoL4Woy5V-9BJtQ,Viego,234,False,9,8,15,14268,17653,1622,2111,21386,16885,9016,5458,31360,6632,2031,3111,3153,6333,3156,2052,Fru1tman,QxFAE2WFe4Qf8jk8wMjVKfwC7OWy1kpa2XnzAx8TksGUVO4Jp1_jffj2nNxMrWcB7z-U98zHesS0Sg,Zed,238,False,7,6,15,13177,23534,1047,1061,25643,8473,5478,2509,16462,6692,3158,3074,3155,6694,0,2052,Jaymanfu,lZpKLe_eG_IpJ4Jewo-6byzDFW-L7UyajUaZOIFGffvr38LkopHgOiiZaOU2f86pglzpFGbTkDMjIA,Khazix,121,False,8,7,18,13186,33237,980,581,34799,15186,6941,1398,23526,3177,3042,6695,6691,3033,0,0,globaldesolation,7JDb6jnonnnImzaoRL2zweR4n1NCVUXa0aprUH3c59jP95ynZUfyD3gtJ9D8UbJQ7VYjUy_OPkSt9w,Twitch,29,False,6,8,19,12873,8650,7511,11516,27678,9733,10281,1983,21998,3115,3070,4633,3020,3089,3916,2052,Balkai,UaaAHDMrzSadZEnUtc2TEjGP5jaJQ8MVcULtz1SL1H8OAy6lAHz7EQ2OJwbvBST0YkR0fPD9AeT4ZA,Akshan,166,True,12,9,11,14483,17958,1992,563,20513,16351,2999,2284,21635,6673,3153,3124,3035,1018,3006,2052,actuallyapotato,59rYkD8T2UT6a4REJW3NuCgQ7dJr9FHUp4ukCMoHmqyHntBpaoS81CAuW5BhjahxEGHCBQl0DS5_tg,Ryze,13,True,6,5,17,13573,559,34985,475,36019,16724,9035,2872,28632,3040,3157,3047,6657,4630,2031,2052,Katinka4,5u1OuQR4vRKF7Wfn6FxxPnF4Pic4-FPSAvzJquGYzMPSFuMSEZoLeekzJDwtzrrqkKqmCIxy_uJFOQ,Lulu,117,True,3,5,33,12784,679,6033,339,7051,11173,1624,2169,14968,3112,2065,3107,3109,3011,3158,2052,Shuckle,wNZrz_iRLQUVnyoil-jSSQ3ZZd7o-bTCyYIDgBqheYtREHcZd0astsVtTKvM5-ORRt5kh9rBdiFR4w,Udyr,77,True,2,10,27,11481,4360,14649,1335,20345,31621,9012,2992,43626,4637,3009,6665,3083,1029,0,2052,lookatdisguy69,IBUhD2hk4xs3_hketLDhYXy3IWAUIFlex-DB12gkj3NDX-qL14L3misQnapwyTb6bIWt-_cDW8014Q,Olaf,2,True,15,6,14,16665,40249,911,10764,51924,24713,5650,7199,37562,3031,3074,3047,6673,6333,0,2052
False,Velkoz,161,9,12,22,NA1_4630963706,1019,ARAM,1681611786930,Balkai,UaaAHDMrzSadZEnUtc2TEjGP5jaJQ8MVcULtz1SL1H8OAy6lAHz7EQ2OJwbvBST0YkR0fPD9AeT4ZA,Velkoz,161,False,9,12,22,12056,1373,21153,6440,28967,17076,4733,170,21980,6655,4645,3089,1052,0,3020,2052,actuallyapotato,59rYkD8T2UT6a4REJW3NuCgQ7dJr9FHUp4ukCMoHmqyHntBpaoS81CAuW5BhjahxEGHCBQl0DS5_tg,Darius,122,False,9,11,19,11871,19093,0,3434,22528,18104,13520,1443,33067,6333,2031,3047,3071,0,6631,2052,Katinka4,5u1OuQR4vRKF7Wfn6FxxPnF4Pic4-FPSAvzJquGYzMPSFuMSEZoLeekzJDwtzrrqkKqmCIxy_uJFOQ,Syndra,134,False,6,11,22,11753,439,19840,452,20731,14405,5636,748,20791,3070,4645,3020,6653,3135,0,2052,Shuckle,wNZrz_iRLQUVnyoil-jSSQ3ZZd7o-bTCyYIDgBqheYtREHcZd0astsVtTKvM5-ORRt5kh9rBdiFR4w,Chogath,31,False,9,8,19,11561,2316,8147,3189,13653,26945,14687,268,41901,2051,3143,3083,3047,6665,0,2052,Caramoan,mtpUpzmLxZeDLSTScwfCvbYn4RnICTRmr6r_F3uAuln-AJGH0HdSge7wSFCNz_qh_yzWzkF6boQaDg,Nautilus,111,False,9,13,19,11929,2393,10953,1143,14490,25653,14857,1022,41533,3075,3070,6665,3111,3068,1011,2052,Little SuSu,R8uNsOlKXawB32vrfu7g7t9neTOwKoCcc_uMoL_UprVvN2pHLhxt7_nJWgZdXtRWi0fjfNlsHRSpNg,Orianna,61,True,6,6,38,11527,1159,19653,820,21632,4248,8967,1853,15069,6653,3020,3165,3145,0,0,2052,ıIı Yi ıIı,VGdQ5TeDZ4arujZwm9RBJq6hfzQ7Q5vbZhkB2CIHFYRQr4fXTqR9HPdQmvYjtCJJFgA5_N79gf5o6g,Kayn,141,True,11,14,29,12441,34650,698,951,36299,14925,12982,2436,30344,0,0,0,0,0,0,2052,yuliiia,vcFvLVTfAouoI6w5i7kIgWkhiSf4UiUy0-Cj3xlPcTtMZ8THhPHRp0lxvE1n5KqJkkBSyPatvQdIHg,Milio,902,True,2,5,44,10799,1508,5664,122,7295,3344,8191,1892,13428,6617,3158,3504,3011,3114,1052,2052,Akiyori,qkhMuMI2CKZdoJfvZ9QGZtjeFutnAgxdw5_w-TUnlT2iesP13zptsgeVqRGAI5KkcFeU9AkGT2eeWg,Blitzcrank,53,True,2,10,38,10285,2421,8986,935,12344,7051,13906,7436,28394,3050,3109,3001,3111,3070,2051,2052,Galâ,1xca5hOYMzUgm69YUG3IG7MWFMIgEwmiEHKdavBlRPhzcraEpqCeG-qvwlM6urBnMGibQZCaGPkfZA,Zeri,221,True,34,7,12,19812,54686,18433,753,73873,6740,16047,2208,24995,3085,3072,3006,6675,3036,6673,2052
False,Draven,119,15,9,16,NA1_4628455771,1064,ARAM,1681357264523,fellutio,pCXTtO6p0I3W-z17cTbhkOWV6uT4IQq-j6nKRyeW1Aq-l8esfAOWUeRL-7qk_CGEzb-WoOfvzjZsTw,Lillia,876,True,5,10,23,11437,246,27040,6440,33726,15332,13704,195,29232,6653,3047,4637,3742,3066,0,2052,pach1z,CLji48DJkXEUcnCFQdF_Z72UoIjVOuXJ5i29QE2gfTiP6IxD97SWq676o7WrtaJXF5k7st8Cejxyqg,Urgot,6,True,6,9,23,12145,22980,95,1547,24623,18721,18420,2130,39271,6630,3111,2051,3065,3075,1037,2052,criticalkill2013,oRLis1uOlxevORiBffwACOaaVtTkBmijzs594sV6tkjMKDn-pokU_oB9KCsF265ArtODS5RqUJj9kA,Bard,432,True,10,6,21,12668,3252,33057,912,37221,10126,13509,240,23876,4636,3020,3094,3115,0,0,2052,Kreeded,7kco2abk9GAxyY1KikEFotPOr0mt_4aA6JYrjQsr91aZiS6PeRci1ELhFMVWyHaAPNBy3Vc8xEFsJw,Xayah,498,True,13,6,16,16012,46472,0,2962,49435,8572,12215,0,20788,6672,6675,3006,3036,3508,0,2052,buchagirl,jjw5udnsSH_jbKqAhwqULKlj_DMtDzaQA4lCDn7b2xEpB5EOEpKs41FF5MP_Eggb7hpWFhNGvjBgHA,Janna,40,True,1,3,31,10622,925,8405,500,9831,2673,8912,90,11676,6617,3107,2031,2422,3011,3070,2052,Balkai,UaaAHDMrzSadZEnUtc2TEjGP5jaJQ8MVcULtz1SL1H8OAy6lAHz7EQ2OJwbvBST0YkR0fPD9AeT4ZA,Draven,119,False,15,9,16,15691,36338,4413,0,40752,14905,11444,1714,28064,3508,3031,6673,3036,1038,3006,2052,actuallyapotato,59rYkD8T2UT6a4REJW3NuCgQ7dJr9FHUp4ukCMoHmqyHntBpaoS81CAuW5BhjahxEGHCBQl0DS5_tg,Swain,50,False,6,7,21,11687,998,24683,0,25681,21546,18315,3168,43030,3112,3111,6657,3116,4637,3916,2052,Katinka4,5u1OuQR4vRKF7Wfn6FxxPnF4Pic4-FPSAvzJquGYzMPSFuMSEZoLeekzJDwtzrrqkKqmCIxy_uJFOQ,Sona,37,False,2,9,28,9815,1763,14013,485,16262,10095,11501,1307,22904,3040,3112,6656,3020,3916,3114,2052,Shuckle,wNZrz_iRLQUVnyoil-jSSQ3ZZd7o-bTCyYIDgBqheYtREHcZd0astsVtTKvM5-ORRt5kh9rBdiFR4w,TahmKench,223,False,9,7,19,11387,2493,19075,170,21738,29714,18682,5458,53855,2051,3111,6665,3083,3068,0,2052,Orridious,IftI9LCn43H4hbFtTXqkoLwz1deUwGgIX5y9EmojCjsvhp8_EWuWe8Ft5fxyXM41-yqxaTiO8MHbQQ,Milio,902,False,2,3,30,10218,1419,4576,0,5995,4997,8653,716,14366,6617,3011,3504,1004,1004,3158,2052
False,Kennen,85,4,14,32,NA1_5035750286,886,ARAM,1720499875576,Balkai,UaaAHDMrzSadZEnUtc2TEjGP5jaJQ8MVcULtz1SL1H8OAy6lAHz7EQ2OJwbvBST0YkR0fPD9AeT4ZA,Kennen,85,False,4,14,32,9156,2517,22088,932,25538,13763,12540,748,27051,3152,3916,6653,4630,1052,3020,2052,actuallyapotato,59rYkD8T2UT6a4REJW3NuCgQ7dJr9FHUp4ukCMoHmqyHntBpaoS81CAuW5BhjahxEGHCBQl0DS5_tg,Malphite,54,False,8,7,27,10407,5390,13927,2119,21437,14038,7841,150,22029,3110,3047,8020,3068,3076,1028,2052,Katinka4,5u1OuQR4vRKF7Wfn6FxxPnF4Pic4-FPSAvzJquGYzMPSFuMSEZoLeekzJDwtzrrqkKqmCIxy_uJFOQ,Quinn,133,False,18,8,18,13777,30591,0,1793,32385,8813,8922,780,18516,3006,6676,3046,3123,1053,3031,2052,Shuckle,wNZrz_iRLQUVnyoil-jSSQ3ZZd7o-bTCyYIDgBqheYtREHcZd0astsVtTKvM5-ORRt5kh9rBdiFR4w,Alistar,12,False,4,7,41,10193,1438,11041,547,13026,24708,16057,147,40912,2051,3047,3067,3083,3075,1031,2052,Montepremi,eHmHofAr3Lq2c55a8_huZdBnzvRWjeO0bn6wj2Vq1BHAgjUtOnRBrlnIXixAOgipl34UxJzcLPldQg,Zed,238,False,15,5,21,11491,19347,1223,2481,23051,7135,5977,390,13503,3077,6699,3158,6692,6694,0,2052,HarleyKing,P21WL33VOqp50ZsNgwbKciDFWAYpCWu9fLNqylceWWpIGqJ5f3rkSsNjsRUrZsMbQDwHP27SGOLz6w,Kalista,429,True,6,9,22,11413,20927,3640,0,24567,8307,7927,1295,17530,3006,1042,6701,3814,6676,1036,2052,TimothyB,HYegqKi5OG4YN0pXlOLFz0tBa7Sjx6droJVeiq2xDd-C6ARvd1geptxBcc-g0MsbLrnUCozgW2pRrA,Kayle,10,True,13,10,22,13571,17158,11295,0,28454,7672,8184,2344,18201,3006,6672,3153,3124,1057,1043,2052,Kawociwedu,KXJx1Y4RQgs96l0KAT-FEOJrG54pjhpLYdPdsN-d4KgHTuvTiuBr3Eu-dd9FBsE-fo7VpXtqp52ALw,Katarina,55,True,9,8,17,11561,11294,13539,560,25394,11264,7576,749,19590,3153,3047,6672,6333,0,0,2052,Norrie Sardonyx,v7wM0-KFRS_5mMdRtOMTlTfl2TX135wMDy-Pj9EM8im9_4kwuCx6-8t9fk4xlYOthyum0wp70XVwOw,Zac,154,True,3,11,22,10060,2175,12170,2221,16567,20757,12792,6766,40316,3084,3047,2502,1028,1057,1031,2052,Rottenwatermelon,zTAalwXOA61Jjc4ZfxAPxdS-8XzAcfw4jCQdQ4hKxTcGHHc_lVLTMubeZnyc5YKb66v5UdK0XgTy9Q,Warwick,19,True,10,12,19,12223,8614,10692,825,20132,24592,11799,3241,39632,6610,3153,3047,3065,3076,1028,2052
True,Vex,711,12,14,10,NA1_4627481839,1375,ARAM,1681261495182,n0t even cl0se,15X9baw3nePudjXOm6sFocT9GgJuofhGy_oPhRmwCDYoWVX-wNb5D8iDcW1JV_QipU_xWDY5hF-5eg,Yorick,83,False,8,11,24,13677,20026,9556,2245,31828,12997,17221,612,30832,3042,6692,6694,1001,6695,3123,2052,promen,N0lIWMjZhbcI0YopBAlyZK7kx2NF5uEos--_WCGOsOR4ILTy4eMHsQQPylNfYwHuTOjr5uyQJkenGA,Caitlyn,51,False,15,8,24,17516,38090,1865,2562,42518,4743,20474,634,25852,6672,3094,3006,3036,3153,4401,0,WhiteInte,C4e90LKqWnxO_x-ek1TsKVVx6CV6zXA9antQVeHtdaUBLq2zXb8HDS5Ig0Z83hiPTVUBiHu2WeHWZA,Neeko,518,False,14,8,28,15515,548,37544,2189,40282,10456,13884,570,24911,0,3020,4645,3135,3089,6655,2052,Feed 0r Fed,TKUQ5lkS-Qvtn0oWUsgy41lPS5uf3K28cqtojc_aKfClERaVO3s2WNcN77_mFr8ura1TkfGHnOzNBw,Velkoz,161,False,7,10,32,13840,225,28572,8129,36928,10299,12410,539,23249,6655,3020,3089,3165,3116,0,2052,Shuai BuGuo 3sec,gfjtmqEfoamzSTsF0XwtK3o_ciDT6OFmSEMhXt9ZLlAHENk5cydPNMmHKp7yZLsX61sgrgJkMgp2cg,AurelionSol,136,False,14,15,33,16550,56,51036,3967,55060,19270,24215,523,44009,6653,3165,3116,3135,3083,3020,2052,Balkai,UaaAHDMrzSadZEnUtc2TEjGP5jaJQ8MVcULtz1SL1H8OAy6lAHz7EQ2OJwbvBST0YkR0fPD9AeT4ZA,Vex,711,True,12,14,10,15334,1294,33356,1295,35946,7796,19385,2029,29211,6655,1052,3089,3135,4645,3020,2052,actuallyapotato,59rYkD8T2UT6a4REJW3NuCgQ7dJr9FHUp4ukCMoHmqyHntBpaoS81CAuW5BhjahxEGHCBQl0DS5_tg,Nilah,895,True,15,13,18,18536,35696,0,0,35696,15184,27561,3705,46451,3036,3111,6673,3072,6675,3046,2052,Katinka4,5u1OuQR4vRKF7Wfn6FxxPnF4Pic4-FPSAvzJquGYzMPSFuMSEZoLeekzJDwtzrrqkKqmCIxy_uJFOQ,Illaoi,420,True,4,12,14,13407,15853,0,790,16643,15014,30245,3475,48735,3111,3065,3083,6632,3133,3067,2052,Shuckle,wNZrz_iRLQUVnyoil-jSSQ3ZZd7o-bTCyYIDgBqheYtREHcZd0astsVtTKvM5-ORRt5kh9rBdiFR4w,TahmKench,223,True,10,7,20,15047,1610,16446,795,18852,31460,35173,8373,75007,3083,3193,3065,6665,3111,1028,0,XxTojiroxX,XtomxBP5DwuDPXhzm0lx9YU99JP6PLcH8jg7zRwz1k8pIWUC-rjtkvvVUtClrWqwurSPgfnRqk3kzQ,Viktor,112,True,11,12,22,16526,107,38403,0,38511,7146,16210,1510,24867,6655,3089,3100,3135,1058,3020,0
False,Aphelios,523,15,8,11,NA1_5079282563,812,ARAM,1723090660643,HeatVortex,C0WLzCqSLpmcWbIIh3gKMvqv-Q_KTDJP-hNhMrCR16TCuCWcD1x5jhQ13-dFcS7wenPrlvuhbqr3ZQ,Sett,875,True,7,8,18,10666,11091,667,4573,16332,21091,10754,286,32132,3084,3748,3111,1011,3066,3801,0,LFG,DnN-rNaPcG3FevZv7DbI9p7fMU980WZITwCyEIz2Mm1mGDlCRYNi_PYLCrSqEPrL0eGIKX6PsgCObQ,Ornn,516,True,2,7,19,8704,7267,6666,387,14322,19191,10268,238,29698,6665,3084,3047,0,0,0,2052,Jliu69,6jX5YzHWn-fyeE1XKTCO91eEAKGUXLr1yV3sCTkBf92XG0kjpaBuCB-NbaXkWYOiMgfUCHExknEy5Q,Zeri,221,True,13,6,16,12240,18389,9950,0,28339,7876,6255,229,14361,3111,3036,6675,3087,0,0,2052,flooker,rEf6qDcEUG4DkEqP4hvMzB1tqCO4lpy5luQ4KrksymBpYiqwxn-dw4KCl_hfvUIaBy0xnB4wUUp11A,Lillia,876,True,7,6,15,10187,261,10520,2697,13479,8611,4294,110,13016,2503,1052,6653,3020,3067,2022,2052,Antpie,f8ev0ZzqyEPSBanLiQyi6P4JEjTFW-QHOwBd0pezC_sLURGmpGeEki7yCVPdPUiNljeYg5tz05m6xw,Malzahar,90,True,11,4,21,11820,332,23806,614,24753,5500,3576,114,9191,2503,4645,6653,3020,0,0,2052,Balkai,UaaAHDMrzSadZEnUtc2TEjGP5jaJQ8MVcULtz1SL1H8OAy6lAHz7EQ2OJwbvBST0YkR0fPD9AeT4ZA,Aphelios,523,False,15,8,11,11964,25475,1052,0,26527,6993,7245,1559,15797,3031,3085,3036,1038,1036,3006,2052,actuallyapotato,59rYkD8T2UT6a4REJW3NuCgQ7dJr9FHUp4ukCMoHmqyHntBpaoS81CAuW5BhjahxEGHCBQl0DS5_tg,Mordekaiser,82,False,5,9,16,8912,1539,18021,0,19561,11853,15057,2363,29273,3112,3111,3116,6653,3108,2031,2052,Katinka4,5u1OuQR4vRKF7Wfn6FxxPnF4Pic4-FPSAvzJquGYzMPSFuMSEZoLeekzJDwtzrrqkKqmCIxy_uJFOQ,RekSai,421,False,3,9,20,8416,8969,3821,290,13080,11052,13647,1520,26219,3111,6610,3065,1031,2022,0,2052,Shuckle,wNZrz_iRLQUVnyoil-jSSQ3ZZd7o-bTCyYIDgBqheYtREHcZd0astsVtTKvM5-ORRt5kh9rBdiFR4w,Shaco,35,False,5,8,17,8946,443,11623,517,12584,5530,7493,629,13654,2503,2031,3158,2508,3147,0,0,Montepremi,eHmHofAr3Lq2c55a8_huZdBnzvRWjeO0bn6wj2Vq1BHAgjUtOnRBrlnIXixAOgipl34UxJzcLPldQg,Yasuo,157,False,3,6,16,9649,15048,630,170,15849,7350,8167,2201,17719,3184,3153,6673,3006,1018,0,2052
True,Draven,119,13,13,26,NA1_5022162514,1201,ARAM,1718678533240,Balkai,UaaAHDMrzSadZEnUtc2TEjGP5jaJQ8MVcULtz1SL1H8OAy6lAHz7EQ2OJwbvBST0YkR0fPD9AeT4ZA,Draven,119,True,13,13,26,16128,36494,17,231,36743,12578,20490,965,34034,6676,3031,3072,3036,0,3111,2052,actuallyapotato,59rYkD8T2UT6a4REJW3NuCgQ7dJr9FHUp4ukCMoHmqyHntBpaoS81CAuW5BhjahxEGHCBQl0DS5_tg,Sona,37,True,7,5,59,14311,3651,20952,0,24603,10981,12798,1263,25043,3040,4629,3158,4632,0,3157,2052,Katinka4,5u1OuQR4vRKF7Wfn6FxxPnF4Pic4-FPSAvzJquGYzMPSFuMSEZoLeekzJDwtzrrqkKqmCIxy_uJFOQ,Sejuani,113,True,5,11,48,13218,21976,9421,880,32277,40542,14576,3341,58461,3084,3111,1033,2504,2502,1031,2052,Shuckle,wNZrz_iRLQUVnyoil-jSSQ3ZZd7o-bTCyYIDgBqheYtREHcZd0astsVtTKvM5-ORRt5kh9rBdiFR4w,Chogath,31,True,12,8,35,14196,3635,18045,6872,28552,34150,38546,3923,76620,2051,3083,3047,2502,6665,3067,0,Montepremi,eHmHofAr3Lq2c55a8_huZdBnzvRWjeO0bn6wj2Vq1BHAgjUtOnRBrlnIXixAOgipl34UxJzcLPldQg,Viego,234,True,32,6,15,19301,35035,11847,640,47522,18160,14507,2734,35402,6672,3047,6610,3053,3091,3065,2052,HerJew,4Ho3oqokt30SyFv-AjSj6_Fy0SdOVmnsHFGxyOYFeEAgJuouFQzYwTfGViZMz80PMWC2_6iXIRVgeQ,Garen,86,False,6,14,20,12651,26977,0,5897,32874,24136,9941,3547,37626,3006,6631,3046,3033,1018,1037,0,Friends4Dinner,3YnG7_S10CeQPqB5PBLzrbtZzO-1abnbpXQzWRPYQdlpMGRTcWz6TyI05i2KyW_Tut5F7CYH-zdWNw,Quinn,133,False,5,12,20,12843,55780,6083,0,61864,15186,11793,750,27729,3153,3091,3085,3047,3035,6670,2052,Lash,j8dH_xYZO7QCJ0M1lTvstWgS5Q6qrTPajCgRffYMDjqOfXFdjAQ4_m42KIQyCXgN5FZr7pn715IUIw,Ekko,245,False,15,14,19,16035,3301,43946,2854,50102,18734,12052,1536,32323,3100,3020,3157,3089,3137,1026,2052,featherblade,ObaCuq9uZ32BnDKDxMTDwUI706Nenig7YSCd4UDF1cg-sejmnTCXmulfPd34-rcQJ95lfd5Tr2eVqQ,Fizz,105,False,15,17,16,14536,4258,36800,2311,43371,20895,9183,1232,31311,3157,3020,3100,4645,3137,0,2052,H  Guau,CItoR8MKKwgJ83kJS7xqXWr6jHh01E4cEYPueHAFwd-zyfEigt-rZpHaYxaFZbmWjGvBTtjbgmu5mw,Thresh,412,False,2,12,36,12373,7831,14089,1164,23085,29406,17314,1557,48278,3121,3211,3084,3111,6665,3066,2052
False,Ashe,22,5,18,45,NA1_5022244561,1574,ARAM,1718684394736,followcbs,hzxF3qN1kmhqHNJgE95t4f5OQwfjIAyGfrud4riMIxDkXJlv2BFQTBBvzhgZSfIjLve4y3gGB3HIsw,Irelia,39,True,14,19,23,17460,28821,13549,770,43140,34565,19007,4911,58484,3091,3078,3111,3153,6333,3133,2052,NYKD 54,25nFHhZis-Lt-22IDxutq_OReMdFzigOhPttpZ4M7mxtjeAMCoheKYK4cd6T7Wg1VJi7UzEPrKg5Fw,Nautilus,111,True,4,15,40,16148,9484,21962,1645,33092,53639,37988,878,92506,3084,3083,3068,3075,3111,2051,0,Momorin,WaR8Mk-QeT6RhF6vcysvackfqI3BSPFWRyt2JbAL9DqGwY5If40-BYfRoxevsOAA0wSrWZKx7aVYAA,Seraphine,147,True,14,12,43,18852,1803,49587,587,51978,16028,16046,391,32466,2503,3158,6653,3116,3118,3137,2052,BasiIeus,K7Cb5yAcDgwmsOkNhXu40ArYG2xD2FpLn_IrH-ZAMMNdqGlYNAjYzp7TU-MDJl6pIV_nuVtaTX2TsA,Azir,268,True,18,12,32,20731,731,74615,765,76111,15537,20624,483,36645,3020,6653,3157,3089,3135,3115,2052,Kind Haru,NiK3zecNUScvh6DOHQiEsTUTvHV7452jdZjJwY9IZtasHxy57eVXArY9X3H_1E_Ev8454fLtBt95Yg,Tristana,18,True,21,16,26,21661,55502,3738,0,59240,29042,11990,503,41535,3139,3036,6672,3046,6675,3031,0,Balkai,UaaAHDMrzSadZEnUtc2TEjGP5jaJQ8MVcULtz1SL1H8OAy6lAHz7EQ2OJwbvBST0YkR0fPD9AeT4ZA,Ashe,22,False,5,18,45,15643,37462,3814,577,41855,16201,25462,367,42031,3006,6672,3153,3085,3302,1043,2052,actuallyapotato,59rYkD8T2UT6a4REJW3NuCgQ7dJr9FHUp4ukCMoHmqyHntBpaoS81CAuW5BhjahxEGHCBQl0DS5_tg,Viktor,112,False,19,17,41,20122,1023,72815,1972,75811,19169,29512,664,49346,2503,3020,6653,4629,3135,3089,2052,Katinka4,5u1OuQR4vRKF7Wfn6FxxPnF4Pic4-FPSAvzJquGYzMPSFuMSEZoLeekzJDwtzrrqkKqmCIxy_uJFOQ,Gnar,150,False,7,13,42,17012,20931,6800,1060,28792,16001,30949,787,47738,3111,3075,3143,3078,2504,2021,2052,Shuckle,wNZrz_iRLQUVnyoil-jSSQ3ZZd7o-bTCyYIDgBqheYtREHcZd0astsVtTKvM5-ORRt5kh9rBdiFR4w,Shen,98,False,14,13,45,17969,17074,20973,1906,39954,43770,54798,1344,99913,3748,3111,6665,2502,3083,4401,2052,Montepremi,eHmHofAr3Lq2c55a8_huZdBnzvRWjeO0bn6wj2Vq1BHAgjUtOnRBrlnIXixAOgipl34UxJzcLPldQg,Jhin,202,False,29,11,25,23251,53759,1253,1174,56186,12395,22729,603,35728,6676,3172,3031,3094,3032,3036,2052
True,Karthus,30,8,18,40,NA1_5017318287,1135,ARAM,1718075283276,LogyWilson,ASNrMNsAhtsPnaghs93Mr_gbzeJH1wtVFgyRvZtYIafY7VpF5zBAI3cf4-pzPV5IKKRhuzxqF0BXkQ,Pyke,555,True,15,11,21,14069,20047,0,3828,23876,13231,17741,1225,32197,2051,3111,6696,3814,3156,2031,2052,Balkai,UaaAHDMrzSadZEnUtc2TEjGP5jaJQ8MVcULtz1SL1H8OAy6lAHz7EQ2OJwbvBST0YkR0fPD9AeT4ZA,Karthus,30,True,8,18,40,14205,195,52308,2202,54706,12447,21185,2901,36535,3089,3157,6653,2503,0,3020,2052,actuallyapotato,59rYkD8T2UT6a4REJW3NuCgQ7dJr9FHUp4ukCMoHmqyHntBpaoS81CAuW5BhjahxEGHCBQl0DS5_tg,Urgot,6,True,9,11,29,14595,29592,0,3353,32945,15926,22481,4543,42950,3084,3053,3111,6665,1036,3748,2052,Katinka4,5u1OuQR4vRKF7Wfn6FxxPnF4Pic4-FPSAvzJquGYzMPSFuMSEZoLeekzJDwtzrrqkKqmCIxy_uJFOQ,Malphite,54,True,8,11,29,13063,6130,17690,2496,26316,19762,17860,2227,39850,3111,2051,4401,2502,6665,3076,2052,Shuckle,wNZrz_iRLQUVnyoil-jSSQ3ZZd7o-bTCyYIDgBqheYtREHcZd0astsVtTKvM5-ORRt5kh9rBdiFR4w,Trundle,48,True,15,8,33,16441,21613,7392,1015,30021,28509,30430,2578,61517,2051,6665,3111,6610,3065,2021,0,anime girl irl,NBmCbjkKBTlrcDSgMM88ayzxrj-Rms0EGVgjtzaMt29MqLA96lKAVyXBl0jKGm_PSRioJ1ICamMW3A,Hwei,910,False,8,10,42,12905,1956,40795,0,42751,12240,9849,1190,23280,2503,1058,3020,6653,1058,3070,2052,Ironmaw,bMVxhuDQvo0OIkdsgbEdRH80KE28s9W4_BOkpJO0hKpkpHPFrLCKsNKDJIEm_BgaqqCSCZOFFs5WJQ,Chogath,31,False,10,13,29,12478,6751,12705,3549,23006,37754,23075,4372,65202,3084,3083,3111,4401,3076,1011,0,Fudo Yusei,8IgmVh0XPCmqsbjHkCj3-OL8nCWCKf9SP2LulRwMUN_w50WikWSVrq6bw42PCt8f8hB_lziU-B5pLQ,Camille,164,False,6,12,31,11896,21064,2133,6634,29832,19516,16816,2426,38759,3078,6333,3111,6610,1036,1028,0,bkos101,OfTPCxeU_gqvadnOecf2umRrAareJ1HlyTt_P-z7U2QgyRvnuIwSIhDchr2pPt8nz7j4ZEPEhQdCDQ,Veigar,45,False,15,9,35,15490,1033,52391,485,53909,7866,13549,2078,23495,6657,2503,3020,3089,3135,3147,2052,Coleking,Uyd41BxKsLetGyv_JSJ5ZXcuNlGScu8ioygJnEcvQ8PGYxX3JZsU3kZwH4kHjuxy-lg9bu0Ml4QCVg,Jhin,202,False,20,11,23,15378,41611,1671,448,43732,6732,14099,2468,23300,6676,3009,3036,3031,3094,1038,2052
False,Strawberry_Aurora,3159,0,1,0,NA1_5076583327,150,STRAWBERRY,1722892116567,Balkai,UaaAHDMrzSadZEnUtc2TEjGP5jaJQ8MVcULtz1SL1H8OAy6lAHz7EQ2OJwbvBST0YkR0fPD9AeT4ZA,Strawberry_Aurora,3159,False,0,1,0,292,0,0,0,0,2907,0,0,2907,9307,9175,9190,0,0,0,0,,,,266,True,0,0,0,0,0,0,0,0,0,0,0,0,0,0,0,0,0,0,0,,,,266,True,0,0,0,0,0,0,0,0,0,0,0,0,0,0,0,0,0,0,0,,,,266,True,0,0,0,0,0,0,0,0,0,0,0,0,0,0,0,0,0,0,0,,,,266,True,0,0,0,0,0,0,0,0,0,0,0,0,0,0,0,0,0,0,0,,,,266,True,0,0,0,0,0,0,0,0,0,0,0,0,0,0,0,0,0,0,0,,,,266,True,0,0,0,0,0,0,0,0,0,0,0,0,0,0,0,0,0,0,0,,,,266,True,0,0,0,0,0,0,0,0,0,0,0,0,0,0,0,0,0,0,0,,,,266,True,0,0,0,0,0,0,0,0,0,0,0,0,0,0,0,0,0,0,0,,,,266,True,0,0,0,0,0,0,0,0,0,0,0,0,0,0,0,0,0,0,0
False,JarvanIV,59,8,17,38,NA1_4630801394,1523,ARAM,1681601016290,hibvmqdr,xhgepJ2Wtx09WtJjbKHYXwV63EqiBLe6VXkbDd-XeaY9QiVtp9hR58diwA1sfv9qwiGl9P9TEttV7A,Kindred,203,True,24,12,21,21021,71375,11616,9023,92015,17513,19253,680,37447,6672,3031,3153,3072,3036,3134,0,ChaSiuBaoo,Gk_U5KJPsE-KEtKo0NrP0Bot-BP8q9kc7UbXjIKWgDd10cwMhNvjqF0AD_KJUiGmA0tG83SlK0VJaw,Poppy,78,True,4,15,34,15198,18087,10276,1635,29998,26970,21504,881,49355,6665,3111,3068,3075,3110,1057,2052,LostTruth,tphIYTPR2i2MPoFrboc6jk3QrKWuHTH9dkJjhoYug4DuCtgkz_VB4OA_EcWU4PimdwZ16eCYJ7YCXw,Nidalee,76,True,14,7,34,18423,1439,44344,188,45972,18670,14775,597,34043,4637,4636,3020,3040,3100,4645,2052,Jlancer ,1YPQU4r1qYTDbpUYGjXWO8EYHearEKooVzlN9Z7RShD-MUtMo9pRXXpbefHGUHy-mkWQtdpFeAOUZw,Ekko,245,True,15,16,29,17848,2763,41408,1640,45812,27393,18973,853,47220,4636,3157,3100,4637,3020,3135,2052,Jroam,-RDqVI7tFUjdg_wXZmiAXGN7mbdghpNt4Z5Ge1LwBxM5F3Rrfxvl2M8djpWdNWVdBz6LVtAyoGtjCg,Zoe,142,True,11,11,33,16939,2129,50397,4352,56879,17258,12083,285,29627,6655,3157,3020,4628,3089,4630,2052,MrForever10,gdyUDSiuNQtmYiNtAgP1nxznIBaXvmWLlixZCfR8J19SCPgtFizCSsDHk1f7Eyqa_CO6bxUJOIU0GQ,Heimerdinger,74,False,13,13,36,18795,1175,54537,1662,57375,15173,18854,2355,36383,6655,3089,3116,3020,3165,3135,2052,Balkai,UaaAHDMrzSadZEnUtc2TEjGP5jaJQ8MVcULtz1SL1H8OAy6lAHz7EQ2OJwbvBST0YkR0fPD9AeT4ZA,JarvanIV,59,False,8,17,38,15714,17565,3179,1086,21831,32152,44056,4654,80863,2051,6630,3143,3111,3075,3083,2052,actuallyapotato,59rYkD8T2UT6a4REJW3NuCgQ7dJr9FHUp4ukCMoHmqyHntBpaoS81CAuW5BhjahxEGHCBQl0DS5_tg,Trundle,48,False,14,13,38,17610,30496,4958,0,35454,42457,49456,4553,96468,3748,3047,3083,6662,3065,3143,2052,Katinka4,5u1OuQR4vRKF7Wfn6FxxPnF4Pic4-FPSAvzJquGYzMPSFuMSEZoLeekzJDwtzrrqkKqmCIxy_uJFOQ,Sejuani,113,False,14,12,33,17078,16793,14026,550,31370,21085,23608,4482,49175,3065,6665,3110,4401,3068,3111,2052,Shuckle,wNZrz_iRLQUVnyoil-jSSQ3ZZd7o-bTCyYIDgBqheYtREHcZd0astsVtTKvM5-ORRt5kh9rBdiFR4w,Ashe,22,False,12,13,33,17297,30785,9886,0,40672,5155,22067,793,28016,6696,3158,6653,3042,6609,3814,2052
True,Strawberry_Briar,3156,0,4,0,NA1_5077029702,979,STRAWBERRY,1722913203339,Balkai,UaaAHDMrzSadZEnUtc2TEjGP5jaJQ8MVcULtz1SL1H8OAy6lAHz7EQ2OJwbvBST0YkR0fPD9AeT4ZA,Strawberry_Briar,3156,True,0,4,0,5060,0,0,2925,2925,49006,0,2925,51931,9403,9293,9289,9288,9273,0,0,actuallyapotato,59rYkD8T2UT6a4REJW3NuCgQ7dJr9FHUp4ukCMoHmqyHntBpaoS81CAuW5BhjahxEGHCBQl0DS5_tg,Strawberry_Jinx,3151,True,0,2,0,5060,0,0,750,750,12562,0,750,13312,9400,9284,9290,9280,9279,0,0,Katinka4,5u1OuQR4vRKF7Wfn6FxxPnF4Pic4-FPSAvzJquGYzMPSFuMSEZoLeekzJDwtzrrqkKqmCIxy_uJFOQ,Strawberry_Illaoi,3678,True,0,1,0,5060,0,0,0,0,22662,0,0,22662,9405,9293,9273,9280,9277,0,0,Shuckle,wNZrz_iRLQUVnyoil-jSSQ3ZZd7o-bTCyYIDgBqheYtREHcZd0astsVtTKvM5-ORRt5kh9rBdiFR4w,Strawberry_Yasuo,3157,True,0,2,0,5060,0,0,879,879,20178,0,879,21058,9404,9283,9279,9174,9280,0,0,,,,266,True,0,0,0,0,0,0,0,0,0,0,0,0,0,0,0,0,0,0,0,,,,266,True,0,0,0,0,0,0,0,0,0,0,0,0,0,0,0,0,0,0,0,,,,266,True,0,0,0,0,0,0,0,0,0,0,0,0,0,0,0,0,0,0,0,,,,266,True,0,0,0,0,0,0,0,0,0,0,0,0,0,0,0,0,0,0,0,,,,266,True,0,0,0,0,0,0,0,0,0,0,0,0,0,0,0,0,0,0,0,,,,266,True,0,0,0,0,0,0,0,0,0,0,0,0,0,0,0,0,0,0,0
False,Sivir,15,18,14,26,NA1_4628502196,1177,ARAM,1681360193297,BiggFaceCat QAQ,k86yIOKmh8LpzQWC-8zRyKQNm-1-VtqV2rXUDDdtAB77R34VSyZGVgRZ2g2O9wD3e-DK56nutyincw,Jayce,126,True,13,11,26,15978,31229,7460,2084,40775,8647,13118,837,22604,3042,3161,6692,3158,6694,3134,2052,Pose7d0n,60rv0t7n9yriWlNv0vjDYYL-vCh9n8fKWb_qrvAeKcqtsg0dtaMai6Vge1PARj-gNdKAatk16D0new,Aphelios,523,True,9,10,19,14697,25289,895,171,26356,8891,16894,560,26346,3072,6671,3006,6676,3036,0,2052,lionz232,vsIeHS7lz-0HHu-6lqO9U-rlKcMek5kOiy8NApnMG_jWS5B2DdAlRiw4NysOQ3q8wmhhxwPcPhZpHw,Shaco,35,True,10,10,21,13367,590,28769,1360,30719,8719,13170,401,22292,3112,3070,6653,4637,3020,3089,2052,Bacaniel,yV9dHMxvpfraAWA0k6JGgFapwQm6jVCzSE98CX5VrP7bakSbWJRGVdbHO9NWm6T3fI7wnMDW1F6aWw,Mordekaiser,82,True,11,12,28,14175,3741,34295,930,38967,21492,22584,2488,46565,6665,3111,3116,3065,3115,1033,2052,Roakarie,nSr2qS6r6G17MdSaDSkFmd8cmtNgtaJMHWH2I9ffmx8FyaOaPR4zkmWx7aHpyA8ARpJ7cWJgC5Kb4A,Twitch,29,True,10,12,30,14536,11411,7985,15248,34645,9392,18098,1122,28613,3020,4633,3115,3089,1058,1052,2052,Balkai,UaaAHDMrzSadZEnUtc2TEjGP5jaJQ8MVcULtz1SL1H8OAy6lAHz7EQ2OJwbvBST0YkR0fPD9AeT4ZA,Sivir,15,False,18,14,26,15715,36303,0,3003,39306,17281,14751,4950,36983,3036,3046,6672,3031,1053,3006,2052,actuallyapotato,59rYkD8T2UT6a4REJW3NuCgQ7dJr9FHUp4ukCMoHmqyHntBpaoS81CAuW5BhjahxEGHCBQl0DS5_tg,Seraphine,147,False,9,9,38,14013,2611,23939,0,26550,9659,12728,1653,24041,3040,6653,3158,4629,3089,0,2052,Katinka4,5u1OuQR4vRKF7Wfn6FxxPnF4Pic4-FPSAvzJquGYzMPSFuMSEZoLeekzJDwtzrrqkKqmCIxy_uJFOQ,Singed,27,False,1,10,34,11227,1215,13473,0,14688,16093,19407,4279,39779,3009,2051,6657,3040,3066,1057,2052,Shuckle,wNZrz_iRLQUVnyoil-jSSQ3ZZd7o-bTCyYIDgBqheYtREHcZd0astsVtTKvM5-ORRt5kh9rBdiFR4w,Nautilus,111,False,5,9,31,12077,5030,8407,965,14403,23715,17472,5235,46422,2051,3047,3083,6667,3075,1057,2052,HungTop FuKe Me,4gt3z0ipDQTZW4XItMmU5DJy92q2kf3QYcYNPioA3zIcFvDbbi3EJfeHOPyc8dRig4LlDqtyfB2DkQ,Zoe,142,False,22,11,14,14773,2671,38046,1443,42161,11007,15047,3676,29730,6655,3742,3020,4645,3089,3113,2052
True,Heimerdinger,74,5,7,12,NA1_5022269483,808,ARAM,1718686119704,Balkai,UaaAHDMrzSadZEnUtc2TEjGP5jaJQ8MVcULtz1SL1H8OAy6lAHz7EQ2OJwbvBST0YkR0fPD9AeT4ZA,Heimerdinger,74,True,5,7,12,9324,694,11629,445,12768,4101,9562,388,14051,2503,2031,3020,6653,3801,3066,2052,actuallyapotato,59rYkD8T2UT6a4REJW3NuCgQ7dJr9FHUp4ukCMoHmqyHntBpaoS81CAuW5BhjahxEGHCBQl0DS5_tg,Sett,875,True,10,7,11,10602,12635,0,4682,17317,18858,14719,955,34533,2051,3111,3083,2021,1028,6631,2052,Katinka4,5u1OuQR4vRKF7Wfn6FxxPnF4Pic4-FPSAvzJquGYzMPSFuMSEZoLeekzJDwtzrrqkKqmCIxy_uJFOQ,Diana,131,True,3,6,23,9978,1359,13356,817,15533,6873,7928,255,15057,3020,3157,3152,3145,1052,2022,2052,Shuckle,wNZrz_iRLQUVnyoil-jSSQ3ZZd7o-bTCyYIDgBqheYtREHcZd0astsVtTKvM5-ORRt5kh9rBdiFR4w,Bard,432,True,4,2,21,9134,3105,8417,486,12008,3424,7739,1480,12643,3100,3158,3916,4629,1028,0,2052,Montepremi,eHmHofAr3Lq2c55a8_huZdBnzvRWjeO0bn6wj2Vq1BHAgjUtOnRBrlnIXixAOgipl34UxJzcLPldQg,LeeSin,64,True,8,3,18,10802,14025,2632,210,16867,4464,6872,266,11603,6692,3111,6610,3044,0,0,2052,ayejvs,5W6xLAA2CbkgKJARBDJqCoY_Abp2IyzHCtZfkLU2sw42gDGz3EldCZCDZHlG0RqIKr598XP_VJFqiQ,Varus,110,False,5,4,14,9256,14116,3421,0,17537,3410,6191,1767,11369,6676,3070,6690,3006,3085,1036,2052,CoolHwhip,dO75-Td1iKvFjc0J-u6NcPJdbwneyFrkWMqcEvLI5CnmqzdW0uDK4V16KJkUiZ0hwdmQIFBfAUKiFQ,DrMundo,36,False,4,6,12,9667,7050,10367,510,17928,14367,12424,1926,28718,3084,3047,3065,6660,1031,0,2052,yiman7,4NuzMuNefxemkbk1zlQej82gkAip2nV9E4Qh0B8hzCcNSVP9ZgndjFndNk5WInPq_Ow9y6Gl03LS_A,TwistedFate,4,False,4,8,14,9058,6239,5450,0,11689,7172,6978,1711,15861,6672,3094,3111,3035,1036,0,2052,Dr Glace,U1FWN7qua0T-37i7KCbJObsahqjOZ8IRvhHj1mFnig5q3L-TBDJHOgYjaEe7IqXlEV9o3Hwhvi3MTw,Nidalee,76,False,10,9,14,9250,757,20242,1836,22836,7144,7665,1124,15933,6655,3020,3089,1058,0,0,0,Deadlykook,K-OI7gjYPvKv_75FuWHIkbntCXV0m3LvLd3qhBvX2wCkF5Z0XdWdyzSOurAzxpvhOyZS1aiiZlP-xg,Yuumi,350,False,2,3,22,7962,194,7339,0,7534,2736,2774,112,5623,6617,6616,3107,0,0,0,2052
False,Jax,24,7,15,10,NA1_5035679729,809,ARAM,1720494559529,DD420,l2-NuVpV9HJZhQhqEu3aRCvwJ75TT9nKSUW6uiUKashcNU_v4KSA7DK9D4wiUGBVynCicfwNUdOONg,Zilean,26,True,2,5,38,9304,1052,12655,652,14360,4069,4106,344,8520,3040,2031,3020,3165,3108,4630,2052,Örz,vuOJmHGWciRPadLl5l9BOY3VRPkp9JrPRANjBUTy5Hxx6Lt0UZqGz_rp7q8vn-4JQKBVW0TlY3cKpw,Akali,84,True,13,4,26,10930,2380,22115,316,24812,8746,7512,783,17042,2051,4633,3020,1058,1052,1058,2052,A Colorado Woman,7JInl7DVI53tg2JQfl_aiYU4DtGZSbywkyOutLgr7ABp5wGn3sYS37B6xFsHHGgdZ3LnTOK5WDT0uQ,Warwick,19,True,15,6,20,12271,15552,9231,1050,25834,22358,15969,3197,41524,1001,6610,3153,6333,1033,2051,2052,Orz is fat,r7qW0WqOkjh8P-6tbcZOCRzpyydrHM-Z_GkYexIs5PMSRnuDVZsrFgA-XZQ3RoVrFWV-bEJ4j2vBug,Sejuani,113,True,7,8,35,10392,12264,7339,605,20208,12969,13098,473,26541,3121,2031,3068,3110,1001,1057,2052,Dekwon,50hFlnno3dKrvbly-VGF6PnHDEZ-60JULsKCtlGxeZGSrtNZADmqAPXd8pTGtc3qBr_fyaU7_Sip2g,Leblanc,7,True,8,5,24,10106,954,16642,1384,18980,3952,6204,426,10582,3118,4645,3020,3135,0,0,2052,Only3Ball,KCQaUTtoAlpMU27bSUVNuQW88VpqKOdHhqItjyeSjiTHH0zAyhd7kqxafwIfBAWJIL1usDZkcCVhVg,Udyr,77,False,9,9,11,10388,2468,21908,1050,25427,8003,16989,619,25612,3070,3111,6653,3065,2502,0,2052,Balkai,UaaAHDMrzSadZEnUtc2TEjGP5jaJQ8MVcULtz1SL1H8OAy6lAHz7EQ2OJwbvBST0YkR0fPD9AeT4ZA,Jax,24,False,7,15,10,9298,13337,6494,826,20658,11089,20597,1584,33270,3078,6610,1043,1057,0,3111,2052,actuallyapotato,59rYkD8T2UT6a4REJW3NuCgQ7dJr9FHUp4ukCMoHmqyHntBpaoS81CAuW5BhjahxEGHCBQl0DS5_tg,Aatrox,266,False,6,7,7,9023,16041,3617,488,20148,9444,14433,470,24348,3071,3111,3161,2021,1028,0,2052,Shuckle,wNZrz_iRLQUVnyoil-jSSQ3ZZd7o-bTCyYIDgBqheYtREHcZd0astsVtTKvM5-ORRt5kh9rBdiFR4w,Yuumi,350,False,2,6,18,8372,175,4686,1232,6094,2986,5377,679,9043,6617,3070,6621,3114,3916,3067,2052,Montepremi,eHmHofAr3Lq2c55a8_huZdBnzvRWjeO0bn6wj2Vq1BHAgjUtOnRBrlnIXixAOgipl34UxJzcLPldQg,Fizz,105,False,4,8,13,9116,1656,10183,1496,13336,4122,10586,655,15363,3100,3020,4645,0,0,0,2052
False,Ziggs,115,5,9,22,NA1_5023585499,1031,ARAM,1718853313768,jiangtianhao,bpWRl9LQhO-AXF-je_YNRk2XtuIF0tJHVvYAQ3nDNJz12tvYnpaFgyQv6ilEm_ri291wwTaGO9B0rw,Sylas,517,True,6,7,21,11358,1088,23328,1953,26370,18938,15887,439,35265,3111,0,0,3065,6657,4629,2052,Vagary,JrKBbbNfFawtyGJTMu8RWqb-P5pcsr11GCe8XH3oqM167EVaxhuTnwI6ar-9pegXqGjFj9s441jKMw,Gnar,150,True,9,9,18,12831,26398,4087,1186,31673,20534,14098,435,35068,3078,3111,3084,2504,1029,1029,2052,Mreding,dyW6ofs3iXypgVYMOWE86K1iKEcrrMDiBkj4mHCgUgGZ7L_y66XsmL4QCg33n1pZj-t56E4_B8t5uw,Lucian,236,True,13,10,18,12817,38223,5327,0,43551,8663,11773,171,20609,6672,6675,3158,3031,1053,1036,2052,Boulder iz CrAzY,JsFdqLckcjiXKlDTJugnuqQbGPL0u5m6IzuG2fceTtxR992N4Y82xu4O5zbx5R29x4MhLe-Ni41nag,Orianna,61,True,11,3,28,14296,1534,25840,736,28111,2957,6660,340,9958,6655,2031,3089,1058,3020,3145,2052,forfunnotiltpls,I1aoJpGCdxtMrybrihL1QbiCoBZCXTJKquqrKE2x9QpjwQBl-ShuzV4-_mX70T3-ZjsAJ4aO_YMUew,Lulu,117,True,3,4,36,10929,1351,9088,185,10625,4735,9077,165,13977,6617,3504,3158,6616,0,0,2052,Balkai,UaaAHDMrzSadZEnUtc2TEjGP5jaJQ8MVcULtz1SL1H8OAy6lAHz7EQ2OJwbvBST0YkR0fPD9AeT4ZA,Ziggs,115,False,5,9,22,10652,1128,19461,412,21002,10944,8229,505,19679,2503,1058,3020,6653,1058,0,2052,actuallyapotato,59rYkD8T2UT6a4REJW3NuCgQ7dJr9FHUp4ukCMoHmqyHntBpaoS81CAuW5BhjahxEGHCBQl0DS5_tg,Kled,240,False,5,11,20,10636,16662,0,570,17232,27021,23488,480,50989,3084,1057,3111,1028,1031,3748,2052,Katinka4,5u1OuQR4vRKF7Wfn6FxxPnF4Pic4-FPSAvzJquGYzMPSFuMSEZoLeekzJDwtzrrqkKqmCIxy_uJFOQ,Zac,154,False,3,10,19,10183,804,11695,1391,13892,20331,21025,3629,44986,3111,3065,3076,2502,2051,1031,2052,Shuckle,wNZrz_iRLQUVnyoil-jSSQ3ZZd7o-bTCyYIDgBqheYtREHcZd0astsVtTKvM5-ORRt5kh9rBdiFR4w,Lux,99,False,6,5,21,11446,1311,16521,0,17833,6505,6546,575,13626,2503,2031,3020,6653,1058,3916,0,0378 475000,ViPvKvBOjC4tFHl4ArTgI3hAU4nzLtNJPg1E4dkuyzzI3CxESj97hb1CB4wpQIP7_HNB_k1kS0lDaA,Kaisa,145,False,14,8,12,13891,24934,9817,0,34752,9899,8382,250,18531,6672,3020,3124,3302,6695,0,2052
True,Velkoz,161,7,8,30,NA1_5079256581,1127,ARAM,1723089408186,Sheegyuu,dXhiPhohfIgPN24o0JnSeBxXtEYzgkb-Q3jOCJdbiD8Dc9VLo1jWdPdZeDHf6bOfuQ1BXaUkjzGSZw,Sett,875,False,5,13,12,12146,16617,0,8844,25462,31947,18020,4672,54640,1028,6631,0,3084,3083,3047,2052,Wyxix,YWFR0JJUJyJMVqNZBlUnZg8TnFJzLDOY3HpfcocPpEfpaK2xwdkH2BrAIyxLiOABTyUBqCGYGmUPLQ,Garen,86,False,8,10,11,12543,21154,0,6275,27429,19807,9264,2820,31892,3047,2031,6631,3071,3742,1036,2052,Jliu69,6jX5YzHWn-fyeE1XKTCO91eEAKGUXLr1yV3sCTkBf92XG0kjpaBuCB-NbaXkWYOiMgfUCHExknEy5Q,Kaisa,145,False,5,8,17,11724,4865,34034,0,38899,11301,5038,1281,17621,3020,6655,3115,3137,3145,1052,2052,flooker,rEf6qDcEUG4DkEqP4hvMzB1tqCO4lpy5luQ4KrksymBpYiqwxn-dw4KCl_hfvUIaBy0xnB4wUUp11A,Twitch,29,False,11,8,12,14797,23508,80,4186,27775,13557,4759,535,18851,6676,3085,3006,3031,3033,1038,2052,FaylureAtLoL,5mmC0a9SVDZAK56I6uJ0MAFyRci4sotT9u8pIB0wQDqoIuQvyA0yO9xhN20mfn-Iy_jNHYfs2V_WCA,Zed,238,False,6,10,13,11675,25478,1402,1418,28299,11108,8335,1402,20846,6692,3158,6699,6694,3133,2022,2052,Balkai,UaaAHDMrzSadZEnUtc2TEjGP5jaJQ8MVcULtz1SL1H8OAy6lAHz7EQ2OJwbvBST0YkR0fPD9AeT4ZA,Velkoz,161,True,7,8,30,12396,1144,20374,7533,29051,13811,4117,3012,20941,6653,3040,4645,3020,1058,0,2052,actuallyapotato,59rYkD8T2UT6a4REJW3NuCgQ7dJr9FHUp4ukCMoHmqyHntBpaoS81CAuW5BhjahxEGHCBQl0DS5_tg,Caitlyn,51,True,17,6,20,16183,39802,1000,334,41138,12477,3340,2777,18595,6676,3006,3031,3072,3094,1036,2052,Katinka4,5u1OuQR4vRKF7Wfn6FxxPnF4Pic4-FPSAvzJquGYzMPSFuMSEZoLeekzJDwtzrrqkKqmCIxy_uJFOQ,Blitzcrank,53,True,3,8,27,11753,3084,9755,610,13449,21220,14073,8205,43498,3158,2051,3075,3083,3110,3066,2052,Shuckle,wNZrz_iRLQUVnyoil-jSSQ3ZZd7o-bTCyYIDgBqheYtREHcZd0astsVtTKvM5-ORRt5kh9rBdiFR4w,Volibear,106,True,6,5,34,13121,16495,12470,570,29535,32312,8634,4462,45409,2051,3047,1031,6610,2502,6662,2052,Montepremi,eHmHofAr3Lq2c55a8_huZdBnzvRWjeO0bn6wj2Vq1BHAgjUtOnRBrlnIXixAOgipl34UxJzcLPldQg,Viego,234,True,16,8,12,14510,19876,1817,1664,23358,23475,5350,2267,31093,6672,3047,6610,3053,3153,0,2052
False,Lucian,236,12,10,16,NA1_5035706781,985,ARAM,1720496006533,asdfjklghytfvb,7Vo8MJUcdg0cBqpsbk3dvEg93-M1E8TYWEYngtO8e8U2_1ML-Gxp_cBlx_sSF1TKNDZ-AKizUzukkA,MissFortune,21,False,21,10,13,14565,25611,1187,462,27260,7490,12644,593,20728,3070,1018,6696,6676,3031,6673,2052,Balkai,UaaAHDMrzSadZEnUtc2TEjGP5jaJQ8MVcULtz1SL1H8OAy6lAHz7EQ2OJwbvBST0YkR0fPD9AeT4ZA,Lucian,236,False,12,10,16,12505,19811,2338,180,22330,6539,10685,1037,18262,6676,3006,3031,6675,1053,1037,2052,actuallyapotato,59rYkD8T2UT6a4REJW3NuCgQ7dJr9FHUp4ukCMoHmqyHntBpaoS81CAuW5BhjahxEGHCBQl0DS5_tg,Volibear,106,False,2,6,28,9658,9243,5706,1075,16025,21076,13386,1399,35861,2051,3111,3083,3067,6665,0,2052,Shuckle,wNZrz_iRLQUVnyoil-jSSQ3ZZd7o-bTCyYIDgBqheYtREHcZd0astsVtTKvM5-ORRt5kh9rBdiFR4w,Morgana,25,False,1,10,36,9700,1039,18136,118,19294,9345,12589,1492,23428,6653,3157,3158,3916,1052,0,0,Montepremi,eHmHofAr3Lq2c55a8_huZdBnzvRWjeO0bn6wj2Vq1BHAgjUtOnRBrlnIXixAOgipl34UxJzcLPldQg,Syndra,134,False,7,7,22,11509,490,18639,1163,20293,5396,8766,481,14644,3157,2031,3020,6655,1058,1058,2052,Gi4ntGoose,zDlI_5BQ0q_fqOqciSqDRbzHXCfgotDbx2VOP7QI_p3Nr5ar0tnVsPC2bI89l2RAIwcjVc28fqhtaQ,Sivir,15,True,5,8,28,12527,20217,0,0,20217,8173,9848,87,18110,3032,3006,3031,3036,1053,0,2052,jinshunshun,B31musq5jLK4pljXe0Z-q1xQP-tUL9830SHM8N59McEQeJvvS0FX0LWyJb8jJMTT2k3Nx6TO0uFOCQ,Malphite,54,True,11,7,15,11897,1994,16688,1431,20114,10727,4224,150,15101,3118,2031,3020,4645,1058,1058,0,,UnTGTgiGm11snIpCH8ocDJy4-IguZ3EOk_QG-hMOsqX_HG5d4zD7g0grviCjvAeH84lSHBYhENHtWA,Gragas,79,True,9,6,16,12199,1640,18561,1812,22014,15977,9064,559,25601,6657,3111,4629,3065,3076,1011,2052,Corvus Kuro,ouZGKJOs04wOwberWW-S8v7d0ljTAp5YeMrnOG6GFYAcwXu6360LavfiMjQnwMBu65poSuJCDAdykw,Neeko,518,True,3,9,22,10502,467,20646,976,22089,9765,8936,568,19269,3152,3020,3118,1058,1058,0,2052,Kertynta,bAVA0MQ-CfkyEXJHJQzWO29q4tRCfd5JQ1bVAChT5cyT88fDliC0TunZjDo4G_nfplVDrGn7uXbD6w,Hecarim,120,True,15,13,14,13453,22216,2176,783,25176,22101,13934,1633,37669,3042,3078,3111,6610,3082,1028,2052
False,Corki,42,11,14,20,NA1_4630776051,1107,ARAM,1681598669734,moooooooo kimchi,Od47NahHnRyBm41O954dckU1iblmsOUonDzSvIcOzAXLMrnhwwZkNZM4bxUVbaFXfdSKU5E-mYDn9w,JarvanIV,59,True,7,11,47,13876,26779,1341,973,29094,17646,17352,2005,37004,3047,6630,3071,6333,3156,0,2052,Bennydangles,Dhodd90QwW_fUMy6HtfS62csyQgGeKDbvQWgebkhP6ai0JUbkwvKSZRXRz7O0quAlycg3aIzZ5lC1w,Gangplank,41,True,12,11,33,14004,31580,4684,9388,45653,10820,15319,309,26449,6693,6675,3508,3158,3035,1018,2052,Nymao,Hb5OpJZG3vXxVMMqFq9oeKBRbL3iy6hB-dw_9rwe8y0fMCn6zsBLCjfkSBjx99ZAD96dGdVQ96EIfA,Seraphine,147,True,9,12,43,13385,1469,26876,1974,30320,8014,17054,988,26057,6653,3020,4637,3089,3145,0,2052,KnottedFox,3g9FPI5mWqI18RGz5bG019RFOCAE0W1rJrdLIjfZKudh4uX0WInyOjlJsEQbgobffRYkUibIaqmZvA,Kaisa,145,True,21,10,24,15978,15150,38628,25,53805,9343,12840,288,22473,6655,3042,3115,3006,4628,4630,2052,Sexy Star Dragon,qs2LLT2Di8DC6JLHrg7h3Ims29OKxPFltWiLWqdp-bVewyGCD6ZUDoiy3QHCDMBjYDPf2e09qiU44g,Senna,235,True,16,11,40,16274,46952,445,4416,51814,6487,16745,609,23843,3153,3006,3036,6672,3031,0,2052,moldynub,CZMJuV7x7mwVKzDv3R0NqZGdr6A58ICso81Zu6Da0e4oE_PNOHYooDkce9iDoJq3f6-ZZFKmoiWyjQ,Rumble,68,False,22,17,20,15179,1383,42439,1392,45216,22985,12509,2083,37579,3020,3152,4645,3089,3165,4630,2052,Balkai,UaaAHDMrzSadZEnUtc2TEjGP5jaJQ8MVcULtz1SL1H8OAy6lAHz7EQ2OJwbvBST0YkR0fPD9AeT4ZA,Corki,42,False,11,14,20,13090,3129,24671,0,27801,15505,11514,1324,28345,6655,3042,4645,4630,1026,3020,2052,actuallyapotato,59rYkD8T2UT6a4REJW3NuCgQ7dJr9FHUp4ukCMoHmqyHntBpaoS81CAuW5BhjahxEGHCBQl0DS5_tg,Kled,240,False,13,11,20,13581,24698,0,1070,25768,43081,18893,5957,67931,6667,3047,3748,3083,3105,1029,2052,Katinka4,5u1OuQR4vRKF7Wfn6FxxPnF4Pic4-FPSAvzJquGYzMPSFuMSEZoLeekzJDwtzrrqkKqmCIxy_uJFOQ,Jhin,202,False,4,13,24,12474,14631,1122,439,16192,21851,10639,1700,34190,3009,3072,6671,3184,3031,0,2052,Shuckle,wNZrz_iRLQUVnyoil-jSSQ3ZZd7o-bTCyYIDgBqheYtREHcZd0astsVtTKvM5-ORRt5kh9rBdiFR4w,Zac,154,False,5,10,25,11658,991,11079,942,13012,31681,18419,6404,56505,6667,3047,3083,3075,3067,1028,2052
True,Leona,89,6,12,30,NA1_4630929689,1667,ARAM,1681609767764,KappDaddy,MsVU5xvaeC-xLUkjImUQ5Zujvts3DN9XQvCSKz19mxFo-UCucdTh_1wl_lQyblsSzixyeIV-p7-5Ww,Mordekaiser,82,False,9,15,32,17594,3895,22675,2515,29085,38269,25223,3097,66590,2051,6665,3047,3065,3075,3116,2052,wamper,J9w_XiAJlBxL5-HFBg3s6aq3bng_MF6ziGLG4SwiGcDL0OQPIDwqARfnp9xArCkmfkn1F05KdPxxlw,Ezreal,81,False,16,11,27,19269,60789,13998,1279,76067,14250,19645,1627,35523,3078,3158,3042,3153,6694,3156,0,Shaps,5hnbFTLcjHgGBvETIBxKMj3JH2zbeJERicSx5nA-n8pna4NVgvOsBeoyK7jBjBrJCq8pEvcCZoV7Jg,Varus,110,False,14,14,30,20055,11722,44394,2266,58384,15841,16947,1098,33887,3089,3157,6655,3020,3135,4628,2052,Husepher,6q0r0c_B7qt33p3Jh2ya9ZDfY7ra6wNI7EDSD3YeJ3h8dNkuI6u1VAVgxT8_Q1GRuSMXbVTcObi0EA,Lux,99,False,12,10,32,17824,1924,23561,5347,30833,17623,16347,1076,35047,6657,3165,3020,3040,4645,3102,2052,Teemo4Riding,1aKE7ntBAKS8VIHOlMXLgBdshK7hfIaVU2azeGDhkRFaB7HWuyDotKTCmlXXCg50Oya9qnJKOCDB4w,Rumble,68,False,9,14,29,18049,812,30266,2933,34012,13342,16815,478,30636,4636,3165,3135,3158,4629,1058,2052, abełe,dv8BL9-fFyfCMtVNqyoclGp1AltyCAHGSKyiMqA5Ye_mQEsHhjBUP2j1ziz1bkW_lppJBGQ3I6p48w,Akali,84,True,10,18,23,16181,1381,35599,0,36980,23149,29941,1764,54855,3152,3020,3089,3083,3100,0,0,Balkai,UaaAHDMrzSadZEnUtc2TEjGP5jaJQ8MVcULtz1SL1H8OAy6lAHz7EQ2OJwbvBST0YkR0fPD9AeT4ZA,Leona,89,True,6,12,30,15998,4381,10841,1350,16573,32189,36759,3986,72935,3068,6665,4401,3083,3076,3111,2052,actuallyapotato,59rYkD8T2UT6a4REJW3NuCgQ7dJr9FHUp4ukCMoHmqyHntBpaoS81CAuW5BhjahxEGHCBQl0DS5_tg,Viego,234,True,24,7,21,22450,41924,10882,0,52807,20367,23469,8716,52553,3153,3111,6632,3065,6333,4401,2052,Katinka4,5u1OuQR4vRKF7Wfn6FxxPnF4Pic4-FPSAvzJquGYzMPSFuMSEZoLeekzJDwtzrrqkKqmCIxy_uJFOQ,Twitch,29,True,15,11,33,21441,46428,2751,6027,55207,18451,23033,1103,42589,3006,3031,3139,6673,3085,3036,2052,Shuckle,wNZrz_iRLQUVnyoil-jSSQ3ZZd7o-bTCyYIDgBqheYtREHcZd0astsVtTKvM5-ORRt5kh9rBdiFR4w,Orianna,61,True,9,12,41,18367,901,34904,0,35806,10308,21693,541,32543,6653,6035,4645,3020,3089,3135,0
True,Lissandra,127,10,8,17,NA1_5022213958,897,ARAM,1718681898560,Appa The Bison,D5cIKTpv8jQlm9taYEpFzSWi23oR9SyuRO1O7wSj9pQq3Sqh6kh_Kl-sQStbopn3EQX12rQBYEP5Jg,Ivern,427,False,3,9,27,9411,2481,5206,0,7688,8569,10611,820,20001,6617,3040,3158,3504,3108,0,2052,The Elden Lord,tuagyIcIE2z7rlMLKOiAXvLuJm6C2EuwFajKsPq4dXnl7BCzTSjyVAUdYhrE6YlHTy5PEwsqWbr5Tw,Hwei,910,False,15,6,14,11799,673,26199,931,27804,6384,6479,724,13588,2503,3108,3020,3089,3137,0,2052,Wilskyz,5XBNF-FW43oZ3-59XQVU2HT5IDtHRKDwwz4yFOTQEyzrNSgxbyuQTdqVFZ1dSjYqGgD60Xp25FSdjw,Nocturne,56,False,10,9,10,10863,18306,960,867,20134,9408,7258,790,17458,6698,3070,6696,1001,0,6676,2052,Linkolot,_dmgH92_PYxegiM7qPebJcNtdS5eBKV1kkcsanG33mU6rQBjJHRc5ecAa1aLh7UDXiD-G_FoQgXyjg,Ziggs,115,False,5,6,21,10726,1176,23484,710,25371,6014,8813,482,15311,3040,6655,3158,3145,3116,0,2052,Track 2,lrrnLXnl8qtX5z1_DT1Gxm71zH7eWEnheONhBQS2ElQ5I6KeQ70naqqdswn0LNwUCssgL-vGh9mHHA,Zyra,143,False,4,10,26,9578,700,26317,0,27017,8775,9039,1036,18851,6655,6653,3158,3116,0,0,0,Balkai,UaaAHDMrzSadZEnUtc2TEjGP5jaJQ8MVcULtz1SL1H8OAy6lAHz7EQ2OJwbvBST0YkR0fPD9AeT4ZA,Lissandra,127,True,10,8,17,11890,244,19292,1514,21051,4168,13889,627,18685,2031,3157,3020,3118,4645,1058,2052,actuallyapotato,59rYkD8T2UT6a4REJW3NuCgQ7dJr9FHUp4ukCMoHmqyHntBpaoS81CAuW5BhjahxEGHCBQl0DS5_tg,Tristana,18,True,6,11,18,10642,14681,1322,0,16004,7704,15397,495,23597,3184,3087,3006,6675,1038,1018,2052,Katinka4,5u1OuQR4vRKF7Wfn6FxxPnF4Pic4-FPSAvzJquGYzMPSFuMSEZoLeekzJDwtzrrqkKqmCIxy_uJFOQ,Kayle,10,True,7,8,29,11345,3668,7805,374,11848,7469,15380,418,23268,3006,3184,2031,3115,4633,1028,2052,Shuckle,wNZrz_iRLQUVnyoil-jSSQ3ZZd7o-bTCyYIDgBqheYtREHcZd0astsVtTKvM5-ORRt5kh9rBdiFR4w,Amumu,32,True,9,5,20,11140,1938,12859,1529,16327,10412,22801,853,34067,2051,3111,2031,3083,6664,1029,2052,Montepremi,eHmHofAr3Lq2c55a8_huZdBnzvRWjeO0bn6wj2Vq1BHAgjUtOnRBrlnIXixAOgipl34UxJzcLPldQg,Gnar,150,True,8,5,21,11534,15552,921,437,16911,5127,14699,114,19940,3078,3111,3071,2021,1028,0,2052
True,Strawberry_Yasuo,3157,0,0,0,NA1_5076504328,980,STRAWBERRY,1722887088347,Balkai,UaaAHDMrzSadZEnUtc2TEjGP5jaJQ8MVcULtz1SL1H8OAy6lAHz7EQ2OJwbvBST0YkR0fPD9AeT4ZA,Strawberry_Yasuo,3157,True,0,0,0,4073,0,0,0,0,9107,0,0,9107,9404,9290,9280,9283,9279,0,0,,,,266,True,0,0,0,0,0,0,0,0,0,0,0,0,0,0,0,0,0,0,0,,,,266,True,0,0,0,0,0,0,0,0,0,0,0,0,0,0,0,0,0,0,0,,,,266,True,0,0,0,0,0,0,0,0,0,0,0,0,0,0,0,0,0,0,0,,,,266,True,0,0,0,0,0,0,0,0,0,0,0,0,0,0,0,0,0,0,0,,,,266,True,0,0,0,0,0,0,0,0,0,0,0,0,0,0,0,0,0,0,0,,,,266,True,0,0,0,0,0,0,0,0,0,0,0,0,0,0,0,0,0,0,0,,,,266,True,0,0,0,0,0,0,0,0,0,0,0,0,0,0,0,0,0,0,0,,,,266,True,0,0,0,0,0,0,0,0,0,0,0,0,0,0,0,0,0,0,0,,,,266,True,0,0,0,0,0,0,0,0,0,0,0,0,0,0,0,0,0,0,0
True,Tristana,18,14,6,11,NA1_4626918069,935,ARAM,1681191594749,HarrisonTT,IaFIqeQDR3R-EkMhbsaWPlAX-JB_xFlWk4maQ-h3gvAsgEz1qwrvW2sVsVUI9QFsV_9fMQVc6myKsQ,Akshan,166,False,5,8,6,10051,11884,1063,1453,14401,9283,8666,904,18854,3035,0,3006,3153,1018,6672,2052,SANTIx9,sujx4Rl0L_NOG6kiTvIob2vCqi09q-Z58dLS-8mR_alYCwvEI4Ibl8pk-mxIRjQpoBLkfItwQoQqVA,Sett,875,False,4,10,12,9945,8778,48,3503,12331,11148,13017,684,24849,6673,3508,3047,1037,1036,1018,0,S0Sparky,yYxft2CYkmwEpTd-tlpur5wiLjTcJvc8ZPag96SNzf4tK25_wylZLsezIEJjizgWvin4Fr5G037c3w,Sona,37,False,0,5,20,8766,1648,6209,42,7900,7411,7617,1012,16041,6617,3040,3158,1057,3114,0,2052,Saker Lee,YVIZPzDA4o8i23hjQfJTDnPBalV0k6xhx6CptApj61SNU0wDWnNVRn_Qj_SQusx3tbkm_AUDDWhljA,Kaisa,145,False,13,6,8,12461,8440,18334,77,26851,4531,9953,613,15098,6655,3042,3115,3006,1058,0,2052,badJoey11,FEiUG3oVkaaG1ju7y8ljBmsRPtQKuhxbh2YehITyzGiWgFt5Dtbn07OTvLPazfZXu1IE31KWaj2X8Q,Seraphine,147,False,4,5,17,9541,1549,6709,12,8271,6849,9005,443,16298,6617,3158,2031,3011,6616,0,0,Balkai,UaaAHDMrzSadZEnUtc2TEjGP5jaJQ8MVcULtz1SL1H8OAy6lAHz7EQ2OJwbvBST0YkR0fPD9AeT4ZA,Tristana,18,True,14,6,11,12868,17827,1395,2038,21261,7828,5983,1230,15042,6672,3031,3046,1036,0,3006,2052,actuallyapotato,59rYkD8T2UT6a4REJW3NuCgQ7dJr9FHUp4ukCMoHmqyHntBpaoS81CAuW5BhjahxEGHCBQl0DS5_tg,Urgot,6,True,8,6,13,11688,14655,382,1112,16150,12826,6199,1428,20454,3748,3047,3071,3105,3067,2031,2052,Katinka4,5u1OuQR4vRKF7Wfn6FxxPnF4Pic4-FPSAvzJquGYzMPSFuMSEZoLeekzJDwtzrrqkKqmCIxy_uJFOQ,Leona,89,True,0,5,25,9270,1023,2856,0,3879,11253,6275,583,18112,2051,3111,3109,3001,3082,0,2052,Shuckle,wNZrz_iRLQUVnyoil-jSSQ3ZZd7o-bTCyYIDgBqheYtREHcZd0astsVtTKvM5-ORRt5kh9rBdiFR4w,Lux,99,True,4,5,22,10544,1035,21201,0,22236,4381,5626,1031,11039,6655,3020,4645,1058,0,0,0,Higgins37,9hlUSDijNvTEWybNg4tbzgMiaEAtOVw-cGLeF_7fthSRcrxvIaaoVjpx_Tc2mNv5R9C8N66-dvOjcg,Vladimir,8,True,8,4,17,12523,591,22424,507,23523,11177,8279,820,20278,3165,2031,4636,3158,4645,0,2052
False,TwistedFate,4,5,12,18,NA1_5035672747,1069,ARAM,1720493343812,Léandr0,6Bz2eY4yTjVTMWCgEPizeZKEIGa-iGBacOT6B2GwQ7bbelL6AK3hFYuoXR3J8UEP1N-IY0jii5B3vw,Graves,104,True,20,10,18,15279,34234,1134,2548,37917,9101,11996,370,21468,6676,3111,6692,3031,3036,0,2052,DDWQ,e6TahHoLjK1NPYasSYBPh7X3dOkuC9ruvQXnKIrEhnLnU44P8YRvcNsRov1xMI_GRjUtDoTJBDHroQ,Shen,98,True,6,11,33,11978,13228,9817,1061,24107,24521,20934,250,45706,2051,3084,3075,3111,3068,3211,2052,Flint Fireforge,nX_LZZ6pazaZuKKFV43JLCREj0mo7AARPK0sNIMC4teD1w7tzcPigsqNOKUrRGsaLdSXgf9u4XVHdA,Taliyah,163,True,4,10,36,12401,228,35882,0,36111,5925,14295,1778,22000,3040,3158,3916,6653,3116,4630,2052,Airwreka,LJkuGXkzYwaqqPdvpZjckkf4oDyFj9WpSvKTCJWh2IwNb21LnjWjm139V35yp9EHPfGMmIpgOWuLrQ,Xerath,101,True,10,7,29,12176,543,23784,0,24327,5012,8998,390,14400,4645,2503,3089,3020,4630,0,2052,Rancor17,XzbpYPXXSC9WXS_WvdClg2_FNTf5qlO0fkcSlq2ul4m_IYswrI9QuxfcE0CJdTmt5LGFe43TMcAS_g,Corki,42,True,14,6,26,15266,28163,6260,3509,37934,8386,9250,50,17687,3184,3111,3508,3078,3035,0,2052,Balkai,UaaAHDMrzSadZEnUtc2TEjGP5jaJQ8MVcULtz1SL1H8OAy6lAHz7EQ2OJwbvBST0YkR0fPD9AeT4ZA,TwistedFate,4,False,5,12,18,10887,1967,15379,0,17347,20409,17953,1772,40136,6657,3083,3094,1052,0,3158,2052,actuallyapotato,59rYkD8T2UT6a4REJW3NuCgQ7dJr9FHUp4ukCMoHmqyHntBpaoS81CAuW5BhjahxEGHCBQl0DS5_tg,Karma,43,False,7,7,25,12169,998,28142,0,29141,9185,8859,927,18972,3118,3158,4629,3137,2508,2031,2052,Katinka4,5u1OuQR4vRKF7Wfn6FxxPnF4Pic4-FPSAvzJquGYzMPSFuMSEZoLeekzJDwtzrrqkKqmCIxy_uJFOQ,Irelia,39,False,13,13,14,13914,13638,5776,1008,20422,21667,14080,1790,37538,3111,3153,6610,3065,6333,0,2052,Shuckle,wNZrz_iRLQUVnyoil-jSSQ3ZZd7o-bTCyYIDgBqheYtREHcZd0astsVtTKvM5-ORRt5kh9rBdiFR4w,Malphite,54,False,8,10,20,11631,3728,13329,830,17888,18932,24746,1831,45510,2051,3047,3110,3083,4401,1031,2052,,NBc_jU8eeuYU5Qpa652Hm9caZA4oKHt73_FLVpPfyfDOKIdW3VgXU21jiYSaEEl0G47zh1nRnbI0nQ,Kalista,429,False,9,12,16,12383,22059,2848,0,24907,15594,11240,798,27632,3006,3153,3124,3091,3051,1043,2052
True,Strawberry_Xayah,3947,0,0,0,NA1_5072032431,963,STRAWBERRY,1722569243267,Balkai,UaaAHDMrzSadZEnUtc2TEjGP5jaJQ8MVcULtz1SL1H8OAy6lAHz7EQ2OJwbvBST0YkR0fPD9AeT4ZA,Strawberry_Xayah,3947,True,0,0,0,5680,0,0,0,0,6025,0,0,6025,9406,9285,9280,9179,9276,0,0,actuallyapotato,59rYkD8T2UT6a4REJW3NuCgQ7dJr9FHUp4ukCMoHmqyHntBpaoS81CAuW5BhjahxEGHCBQl0DS5_tg,Strawberry_Seraphine,3153,True,0,0,0,5680,0,0,0,0,10754,0,0,10754,9402,9280,9283,9190,9177,0,0,Katinka4,5u1OuQR4vRKF7Wfn6FxxPnF4Pic4-FPSAvzJquGYzMPSFuMSEZoLeekzJDwtzrrqkKqmCIxy_uJFOQ,Strawberry_Leona,3152,True,0,0,0,5680,0,0,0,0,9915,0,0,9915,9401,9271,9189,9173,9293,0,0,Shuckle,wNZrz_iRLQUVnyoil-jSSQ3ZZd7o-bTCyYIDgBqheYtREHcZd0astsVtTKvM5-ORRt5kh9rBdiFR4w,Strawberry_Yasuo,3157,True,0,0,0,5680,0,0,0,0,11145,0,0,11145,9404,9277,9279,9193,9280,0,0,,,,266,True,0,0,0,0,0,0,0,0,0,0,0,0,0,0,0,0,0,0,0,,,,266,True,0,0,0,0,0,0,0,0,0,0,0,0,0,0,0,0,0,0,0,,,,266,True,0,0,0,0,0,0,0,0,0,0,0,0,0,0,0,0,0,0,0,,,,266,True,0,0,0,0,0,0,0,0,0,0,0,0,0,0,0,0,0,0,0,,,,266,True,0,0,0,0,0,0,0,0,0,0,0,0,0,0,0,0,0,0,0,,,,266,True,0,0,0,0,0,0,0,0,0,0,0,0,0,0,0,0,0,0,0
False,Strawberry_Jinx,3151,0,1,0,NA1_5074242555,288,STRAWBERRY,1722728578780,Balkai,UaaAHDMrzSadZEnUtc2TEjGP5jaJQ8MVcULtz1SL1H8OAy6lAHz7EQ2OJwbvBST0YkR0fPD9AeT4ZA,Strawberry_Jinx,3151,False,0,1,0,614,0,0,0,0,3720,0,0,3720,9300,9190,9184,9175,9179,0,0,,,,266,True,0,0,0,0,0,0,0,0,0,0,0,0,0,0,0,0,0,0,0,,,,266,True,0,0,0,0,0,0,0,0,0,0,0,0,0,0,0,0,0,0,0,,,,266,True,0,0,0,0,0,0,0,0,0,0,0,0,0,0,0,0,0,0,0,,,,266,True,0,0,0,0,0,0,0,0,0,0,0,0,0,0,0,0,0,0,0,,,,266,True,0,0,0,0,0,0,0,0,0,0,0,0,0,0,0,0,0,0,0,,,,266,True,0,0,0,0,0,0,0,0,0,0,0,0,0,0,0,0,0,0,0,,,,266,True,0,0,0,0,0,0,0,0,0,0,0,0,0,0,0,0,0,0,0,,,,266,True,0,0,0,0,0,0,0,0,0,0,0,0,0,0,0,0,0,0,0,,,,266,True,0,0,0,0,0,0,0,0,0,0,0,0,0,0,0,0,0,0,0
False,Strawberry_Riven,3147,0,1,0,NA1_5069262208,322,STRAWBERRY,1722385276063,Balkai,UaaAHDMrzSadZEnUtc2TEjGP5jaJQ8MVcULtz1SL1H8OAy6lAHz7EQ2OJwbvBST0YkR0fPD9AeT4ZA,Strawberry_Riven,3147,False,0,1,0,480,0,0,0,0,6670,0,0,6670,9308,9193,9174,9175,9171,0,0,,,,266,True,0,0,0,0,0,0,0,0,0,0,0,0,0,0,0,0,0,0,0,,,,266,True,0,0,0,0,0,0,0,0,0,0,0,0,0,0,0,0,0,0,0,,,,266,True,0,0,0,0,0,0,0,0,0,0,0,0,0,0,0,0,0,0,0,,,,266,True,0,0,0,0,0,0,0,0,0,0,0,0,0,0,0,0,0,0,0,,,,266,True,0,0,0,0,0,0,0,0,0,0,0,0,0,0,0,0,0,0,0,,,,266,True,0,0,0,0,0,0,0,0,0,0,0,0,0,0,0,0,0,0,0,,,,266,True,0,0,0,0,0,0,0,0,0,0,0,0,0,0,0,0,0,0,0,,,,266,True,0,0,0,0,0,0,0,0,0,0,0,0,0,0,0,0,0,0,0,,,,266,True,0,0,0,0,0,0,0,0,0,0,0,0,0,0,0,0,0,0,0
True,Strawberry_Leona,3152,0,0,0,NA1_5073782919,1066,STRAWBERRY,1722700303664,Balkai,UaaAHDMrzSadZEnUtc2TEjGP5jaJQ8MVcULtz1SL1H8OAy6lAHz7EQ2OJwbvBST0YkR0fPD9AeT4ZA,Strawberry_Leona,3152,True,0,0,0,3944,0,0,0,0,13127,0,0,13127,9401,9289,9271,9273,9280,0,0,,,,266,True,0,0,0,0,0,0,0,0,0,0,0,0,0,0,0,0,0,0,0,,,,266,True,0,0,0,0,0,0,0,0,0,0,0,0,0,0,0,0,0,0,0,,,,266,True,0,0,0,0,0,0,0,0,0,0,0,0,0,0,0,0,0,0,0,,,,266,True,0,0,0,0,0,0,0,0,0,0,0,0,0,0,0,0,0,0,0,,,,266,True,0,0,0,0,0,0,0,0,0,0,0,0,0,0,0,0,0,0,0,,,,266,True,0,0,0,0,0,0,0,0,0,0,0,0,0,0,0,0,0,0,0,,,,266,True,0,0,0,0,0,0,0,0,0,0,0,0,0,0,0,0,0,0,0,,,,266,True,0,0,0,0,0,0,0,0,0,0,0,0,0,0,0,0,0,0,0,,,,266,True,0,0,0,0,0,0,0,0,0,0,0,0,0,0,0,0,0,0,0
False,Strawberry_Jinx,3151,0,1,0,NA1_5074993668,1009,STRAWBERRY,1722779589466,Balkai,UaaAHDMrzSadZEnUtc2TEjGP5jaJQ8MVcULtz1SL1H8OAy6lAHz7EQ2OJwbvBST0YkR0fPD9AeT4ZA,Strawberry_Jinx,3151,False,0,1,0,3258,0,0,0,0,8531,0,0,8531,9400,9290,9283,9279,9280,0,0,,,,266,True,0,0,0,0,0,0,0,0,0,0,0,0,0,0,0,0,0,0,0,,,,266,True,0,0,0,0,0,0,0,0,0,0,0,0,0,0,0,0,0,0,0,,,,266,True,0,0,0,0,0,0,0,0,0,0,0,0,0,0,0,0,0,0,0,,,,266,True,0,0,0,0,0,0,0,0,0,0,0,0,0,0,0,0,0,0,0,,,,266,True,0,0,0,0,0,0,0,0,0,0,0,0,0,0,0,0,0,0,0,,,,266,True,0,0,0,0,0,0,0,0,0,0,0,0,0,0,0,0,0,0,0,,,,266,True,0,0,0,0,0,0,0,0,0,0,0,0,0,0,0,0,0,0,0,,,,266,True,0,0,0,0,0,0,0,0,0,0,0,0,0,0,0,0,0,0,0,,,,266,True,0,0,0,0,0,0,0,0,0,0,0,0,0,0,0,0,0,0,0
True,Strawberry_Illaoi,3678,0,0,0,NA1_5069044365,963,STRAWBERRY,1722374598682,Balkai,UaaAHDMrzSadZEnUtc2TEjGP5jaJQ8MVcULtz1SL1H8OAy6lAHz7EQ2OJwbvBST0YkR0fPD9AeT4ZA,Strawberry_Illaoi,3678,True,0,0,0,2717,0,0,0,0,12808,0,0,12808,9305,9278,9285,9293,9280,0,0,,,,266,True,0,0,0,0,0,0,0,0,0,0,0,0,0,0,0,0,0,0,0,,,,266,True,0,0,0,0,0,0,0,0,0,0,0,0,0,0,0,0,0,0,0,,,,266,True,0,0,0,0,0,0,0,0,0,0,0,0,0,0,0,0,0,0,0,,,,266,True,0,0,0,0,0,0,0,0,0,0,0,0,0,0,0,0,0,0,0,,,,266,True,0,0,0,0,0,0,0,0,0,0,0,0,0,0,0,0,0,0,0,,,,266,True,0,0,0,0,0,0,0,0,0,0,0,0,0,0,0,0,0,0,0,,,,266,True,0,0,0,0,0,0,0,0,0,0,0,0,0,0,0,0,0,0,0,,,,266,True,0,0,0,0,0,0,0,0,0,0,0,0,0,0,0,0,0,0,0,,,,266,True,0,0,0,0,0,0,0,0,0,0,0,0,0,0,0,0,0,0,0
True,Strawberry_Jinx,3151,0,4,0,NA1_5072065466,969,STRAWBERRY,1722570674135,Balkai,UaaAHDMrzSadZEnUtc2TEjGP5jaJQ8MVcULtz1SL1H8OAy6lAHz7EQ2OJwbvBST0YkR0fPD9AeT4ZA,Strawberry_Jinx,3151,True,0,4,0,6739,0,0,2100,2100,14578,0,2100,16678,9400,9290,9279,9289,9287,0,0,actuallyapotato,59rYkD8T2UT6a4REJW3NuCgQ7dJr9FHUp4ukCMoHmqyHntBpaoS81CAuW5BhjahxEGHCBQl0DS5_tg,Strawberry_Riven,3147,True,0,0,0,6739,0,0,0,0,5525,0,0,5525,9308,9279,9292,9283,9293,0,0,Katinka4,5u1OuQR4vRKF7Wfn6FxxPnF4Pic4-FPSAvzJquGYzMPSFuMSEZoLeekzJDwtzrrqkKqmCIxy_uJFOQ,Strawberry_Leona,3152,True,0,3,0,6739,0,0,2415,2415,16434,0,2415,18849,9401,9276,9271,9288,9277,0,0,Shuckle,wNZrz_iRLQUVnyoil-jSSQ3ZZd7o-bTCyYIDgBqheYtREHcZd0astsVtTKvM5-ORRt5kh9rBdiFR4w,Strawberry_Seraphine,3153,True,0,3,0,6739,0,0,0,0,13899,0,0,13899,9402,9273,9293,9280,9277,0,0,,,,266,True,0,0,0,0,0,0,0,0,0,0,0,0,0,0,0,0,0,0,0,,,,266,True,0,0,0,0,0,0,0,0,0,0,0,0,0,0,0,0,0,0,0,,,,266,True,0,0,0,0,0,0,0,0,0,0,0,0,0,0,0,0,0,0,0,,,,266,True,0,0,0,0,0,0,0,0,0,0,0,0,0,0,0,0,0,0,0,,,,266,True,0,0,0,0,0,0,0,0,0,0,0,0,0,0,0,0,0,0,0,,,,266,True,0,0,0,0,0,0,0,0,0,0,0,0,0,0,0,0,0,0,0
True,Strawberry_Riven,3147,0,3,0,NA1_5071984302,1066,STRAWBERRY,1722567417544,Balkai,UaaAHDMrzSadZEnUtc2TEjGP5jaJQ8MVcULtz1SL1H8OAy6lAHz7EQ2OJwbvBST0YkR0fPD9AeT4ZA,Strawberry_Riven,3147,True,0,3,0,4157,0,0,0,0,22057,0,0,22057,9408,9193,9277,9283,9272,0,0,actuallyapotato,59rYkD8T2UT6a4REJW3NuCgQ7dJr9FHUp4ukCMoHmqyHntBpaoS81CAuW5BhjahxEGHCBQl0DS5_tg,Strawberry_Jinx,3151,True,0,0,0,4157,0,0,0,0,5029,0,0,5029,9400,9283,9293,9280,9284,0,0,Katinka4,5u1OuQR4vRKF7Wfn6FxxPnF4Pic4-FPSAvzJquGYzMPSFuMSEZoLeekzJDwtzrrqkKqmCIxy_uJFOQ,Strawberry_Leona,3152,True,0,0,0,4157,0,0,0,0,20031,0,0,20031,9401,9187,9293,9280,9283,0,0,Shuckle,wNZrz_iRLQUVnyoil-jSSQ3ZZd7o-bTCyYIDgBqheYtREHcZd0astsVtTKvM5-ORRt5kh9rBdiFR4w,Strawberry_Yasuo,3157,True,0,1,0,4157,0,0,0,0,10656,0,0,10656,9404,9274,9280,9293,9277,0,0,,,,266,True,0,0,0,0,0,0,0,0,0,0,0,0,0,0,0,0,0,0,0,,,,266,True,0,0,0,0,0,0,0,0,0,0,0,0,0,0,0,0,0,0,0,,,,266,True,0,0,0,0,0,0,0,0,0,0,0,0,0,0,0,0,0,0,0,,,,266,True,0,0,0,0,0,0,0,0,0,0,0,0,0,0,0,0,0,0,0,,,,266,True,0,0,0,0,0,0,0,0,0,0,0,0,0,0,0,0,0,0,0,,,,266,True,0,0,0,0,0,0,0,0,0,0,0,0,0,0,0,0,0,0,0
False,Strawberry_Seraphine,3153,0,1,0,NA1_5072457894,237,STRAWBERRY,1722606951663,Balkai,UaaAHDMrzSadZEnUtc2TEjGP5jaJQ8MVcULtz1SL1H8OAy6lAHz7EQ2OJwbvBST0YkR0fPD9AeT4ZA,Strawberry_Seraphine,3153,False,0,1,0,265,0,0,0,0,3879,0,0,3879,9302,9178,9185,9184,0,0,0,,,,266,True,0,0,0,0,0,0,0,0,0,0,0,0,0,0,0,0,0,0,0,,,,266,True,0,0,0,0,0,0,0,0,0,0,0,0,0,0,0,0,0,0,0,,,,266,True,0,0,0,0,0,0,0,0,0,0,0,0,0,0,0,0,0,0,0,,,,266,True,0,0,0,0,0,0,0,0,0,0,0,0,0,0,0,0,0,0,0,,,,266,True,0,0,0,0,0,0,0,0,0,0,0,0,0,0,0,0,0,0,0,,,,266,True,0,0,0,0,0,0,0,0,0,0,0,0,0,0,0,0,0,0,0,,,,266,True,0,0,0,0,0,0,0,0,0,0,0,0,0,0,0,0,0,0,0,,,,266,True,0,0,0,0,0,0,0,0,0,0,0,0,0,0,0,0,0,0,0,,,,266,True,0,0,0,0,0,0,0,0,0,0,0,0,0,0,0,0,0,0,0
False,Strawberry_Leona,3152,0,1,0,NA1_5072494501,1120,STRAWBERRY,1722612313471,Balkai,UaaAHDMrzSadZEnUtc2TEjGP5jaJQ8MVcULtz1SL1H8OAy6lAHz7EQ2OJwbvBST0YkR0fPD9AeT4ZA,Strawberry_Leona,3152,False,0,1,0,7981,0,0,0,0,17516,0,0,17516,9401,9293,9274,9271,9273,0,0,,,,266,True,0,0,0,0,0,0,0,0,0,0,0,0,0,0,0,0,0,0,0,,,,266,True,0,0,0,0,0,0,0,0,0,0,0,0,0,0,0,0,0,0,0,,,,266,True,0,0,0,0,0,0,0,0,0,0,0,0,0,0,0,0,0,0,0,,,,266,True,0,0,0,0,0,0,0,0,0,0,0,0,0,0,0,0,0,0,0,,,,266,True,0,0,0,0,0,0,0,0,0,0,0,0,0,0,0,0,0,0,0,,,,266,True,0,0,0,0,0,0,0,0,0,0,0,0,0,0,0,0,0,0,0,,,,266,True,0,0,0,0,0,0,0,0,0,0,0,0,0,0,0,0,0,0,0,,,,266,True,0,0,0,0,0,0,0,0,0,0,0,0,0,0,0,0,0,0,0,,,,266,True,0,0,0,0,0,0,0,0,0,0,0,0,0,0,0,0,0,0,0
False,Strawberry_Leona,3152,0,0,0,NA1_5072493582,187,STRAWBERRY,1722612010654,Balkai,UaaAHDMrzSadZEnUtc2TEjGP5jaJQ8MVcULtz1SL1H8OAy6lAHz7EQ2OJwbvBST0YkR0fPD9AeT4ZA,Strawberry_Leona,3152,False,0,0,0,331,0,0,0,0,2647,0,0,2647,9301,9184,9174,9171,9178,0,0,,,,266,True,0,0,0,0,0,0,0,0,0,0,0,0,0,0,0,0,0,0,0,,,,266,True,0,0,0,0,0,0,0,0,0,0,0,0,0,0,0,0,0,0,0,,,,266,True,0,0,0,0,0,0,0,0,0,0,0,0,0,0,0,0,0,0,0,,,,266,True,0,0,0,0,0,0,0,0,0,0,0,0,0,0,0,0,0,0,0,,,,266,True,0,0,0,0,0,0,0,0,0,0,0,0,0,0,0,0,0,0,0,,,,266,True,0,0,0,0,0,0,0,0,0,0,0,0,0,0,0,0,0,0,0,,,,266,True,0,0,0,0,0,0,0,0,0,0,0,0,0,0,0,0,0,0,0,,,,266,True,0,0,0,0,0,0,0,0,0,0,0,0,0,0,0,0,0,0,0,,,,266,True,0,0,0,0,0,0,0,0,0,0,0,0,0,0,0,0,0,0,0
False,Strawberry_Seraphine,3153,0,0,0,NA1_5072451586,55,STRAWBERRY,1722606822981,Balkai,UaaAHDMrzSadZEnUtc2TEjGP5jaJQ8MVcULtz1SL1H8OAy6lAHz7EQ2OJwbvBST0YkR0fPD9AeT4ZA,Strawberry_Seraphine,3153,False,0,0,0,58,0,0,0,0,277,0,0,277,9302,9184,9183,0,0,0,0,,,,266,True,0,0,0,0,0,0,0,0,0,0,0,0,0,0,0,0,0,0,0,,,,266,True,0,0,0,0,0,0,0,0,0,0,0,0,0,0,0,0,0,0,0,,,,266,True,0,0,0,0,0,0,0,0,0,0,0,0,0,0,0,0,0,0,0,,,,266,True,0,0,0,0,0,0,0,0,0,0,0,0,0,0,0,0,0,0,0,,,,266,True,0,0,0,0,0,0,0,0,0,0,0,0,0,0,0,0,0,0,0,,,,266,True,0,0,0,0,0,0,0,0,0,0,0,0,0,0,0,0,0,0,0,,,,266,True,0,0,0,0,0,0,0,0,0,0,0,0,0,0,0,0,0,0,0,,,,266,True,0,0,0,0,0,0,0,0,0,0,0,0,0,0,0,0,0,0,0,,,,266,True,0,0,0,0,0,0,0,0,0,0,0,0,0,0,0,0,0,0,0
False,Strawberry_Seraphine,3153,0,1,0,NA1_5072479329,956,STRAWBERRY,1722610350675,Balkai,UaaAHDMrzSadZEnUtc2TEjGP5jaJQ8MVcULtz1SL1H8OAy6lAHz7EQ2OJwbvBST0YkR0fPD9AeT4ZA,Strawberry_Seraphine,3153,False,0,1,0,6509,0,0,0,0,9048,0,0,9048,9402,9283,9290,9177,9279,0,0,,,,266,True,0,0,0,0,0,0,0,0,0,0,0,0,0,0,0,0,0,0,0,,,,266,True,0,0,0,0,0,0,0,0,0,0,0,0,0,0,0,0,0,0,0,,,,266,True,0,0,0,0,0,0,0,0,0,0,0,0,0,0,0,0,0,0,0,,,,266,True,0,0,0,0,0,0,0,0,0,0,0,0,0,0,0,0,0,0,0,,,,266,True,0,0,0,0,0,0,0,0,0,0,0,0,0,0,0,0,0,0,0,,,,266,True,0,0,0,0,0,0,0,0,0,0,0,0,0,0,0,0,0,0,0,,,,266,True,0,0,0,0,0,0,0,0,0,0,0,0,0,0,0,0,0,0,0,,,,266,True,0,0,0,0,0,0,0,0,0,0,0,0,0,0,0,0,0,0,0,,,,266,True,0,0,0,0,0,0,0,0,0,0,0,0,0,0,0,0,0,0,0
True,Strawberry_Seraphine,3153,0,0,0,NA1_5072454517,1014,STRAWBERRY,1722607464119,Balkai,UaaAHDMrzSadZEnUtc2TEjGP5jaJQ8MVcULtz1SL1H8OAy6lAHz7EQ2OJwbvBST0YkR0fPD9AeT4ZA,Strawberry_Seraphine,3153,True,0,0,0,4157,0,0,0,0,10224,0,0,10224,9402,9290,9277,9278,9288,0,0,,,,266,True,0,0,0,0,0,0,0,0,0,0,0,0,0,0,0,0,0,0,0,,,,266,True,0,0,0,0,0,0,0,0,0,0,0,0,0,0,0,0,0,0,0,,,,266,True,0,0,0,0,0,0,0,0,0,0,0,0,0,0,0,0,0,0,0,,,,266,True,0,0,0,0,0,0,0,0,0,0,0,0,0,0,0,0,0,0,0,,,,266,True,0,0,0,0,0,0,0,0,0,0,0,0,0,0,0,0,0,0,0,,,,266,True,0,0,0,0,0,0,0,0,0,0,0,0,0,0,0,0,0,0,0,,,,266,True,0,0,0,0,0,0,0,0,0,0,0,0,0,0,0,0,0,0,0,,,,266,True,0,0,0,0,0,0,0,0,0,0,0,0,0,0,0,0,0,0,0,,,,266,True,0,0,0,0,0,0,0,0,0,0,0,0,0,0,0,0,0,0,0
False,Strawberry_Jinx,3151,0,1,0,NA1_5074255031,1010,STRAWBERRY,1722728990044,Balkai,UaaAHDMrzSadZEnUtc2TEjGP5jaJQ8MVcULtz1SL1H8OAy6lAHz7EQ2OJwbvBST0YkR0fPD9AeT4ZA,Strawberry_Jinx,3151,False,0,1,0,3324,0,0,0,0,8134,0,0,8134,9400,9272,9279,9289,9175,0,0,,,,266,True,0,0,0,0,0,0,0,0,0,0,0,0,0,0,0,0,0,0,0,,,,266,True,0,0,0,0,0,0,0,0,0,0,0,0,0,0,0,0,0,0,0,,,,266,True,0,0,0,0,0,0,0,0,0,0,0,0,0,0,0,0,0,0,0,,,,266,True,0,0,0,0,0,0,0,0,0,0,0,0,0,0,0,0,0,0,0,,,,266,True,0,0,0,0,0,0,0,0,0,0,0,0,0,0,0,0,0,0,0,,,,266,True,0,0,0,0,0,0,0,0,0,0,0,0,0,0,0,0,0,0,0,,,,266,True,0,0,0,0,0,0,0,0,0,0,0,0,0,0,0,0,0,0,0,,,,266,True,0,0,0,0,0,0,0,0,0,0,0,0,0,0,0,0,0,0,0,,,,266,True,0,0,0,0,0,0,0,0,0,0,0,0,0,0,0,0,0,0,0
True,Strawberry_Illaoi,3678,0,0,0,NA1_5075577037,977,STRAWBERRY,1722815386392,Balkai,UaaAHDMrzSadZEnUtc2TEjGP5jaJQ8MVcULtz1SL1H8OAy6lAHz7EQ2OJwbvBST0YkR0fPD9AeT4ZA,Strawberry_Illaoi,3678,True,0,0,0,3145,0,0,0,0,9734,0,0,9734,9405,9277,9289,9280,9293,0,0,,,,266,True,0,0,0,0,0,0,0,0,0,0,0,0,0,0,0,0,0,0,0,,,,266,True,0,0,0,0,0,0,0,0,0,0,0,0,0,0,0,0,0,0,0,,,,266,True,0,0,0,0,0,0,0,0,0,0,0,0,0,0,0,0,0,0,0,,,,266,True,0,0,0,0,0,0,0,0,0,0,0,0,0,0,0,0,0,0,0,,,,266,True,0,0,0,0,0,0,0,0,0,0,0,0,0,0,0,0,0,0,0,,,,266,True,0,0,0,0,0,0,0,0,0,0,0,0,0,0,0,0,0,0,0,,,,266,True,0,0,0,0,0,0,0,0,0,0,0,0,0,0,0,0,0,0,0,,,,266,True,0,0,0,0,0,0,0,0,0,0,0,0,0,0,0,0,0,0,0,,,,266,True,0,0,0,0,0,0,0,0,0,0,0,0,0,0,0,0,0,0,0
False,Strawberry_Jinx,3151,0,1,0,NA1_5074993344,327,STRAWBERRY,1722779128539,Balkai,UaaAHDMrzSadZEnUtc2TEjGP5jaJQ8MVcULtz1SL1H8OAy6lAHz7EQ2OJwbvBST0YkR0fPD9AeT4ZA,Strawberry_Jinx,3151,False,0,1,0,698,0,0,0,0,2907,0,0,2907,9300,9190,9180,9183,9179,0,0,,,,266,True,0,0,0,0,0,0,0,0,0,0,0,0,0,0,0,0,0,0,0,,,,266,True,0,0,0,0,0,0,0,0,0,0,0,0,0,0,0,0,0,0,0,,,,266,True,0,0,0,0,0,0,0,0,0,0,0,0,0,0,0,0,0,0,0,,,,266,True,0,0,0,0,0,0,0,0,0,0,0,0,0,0,0,0,0,0,0,,,,266,True,0,0,0,0,0,0,0,0,0,0,0,0,0,0,0,0,0,0,0,,,,266,True,0,0,0,0,0,0,0,0,0,0,0,0,0,0,0,0,0,0,0,,,,266,True,0,0,0,0,0,0,0,0,0,0,0,0,0,0,0,0,0,0,0,,,,266,True,0,0,0,0,0,0,0,0,0,0,0,0,0,0,0,0,0,0,0,,,,266,True,0,0,0,0,0,0,0,0,0,0,0,0,0,0,0,0,0,0,0
False,Strawberry_Riven,3147,0,1,0,NA1_5069271599,152,STRAWBERRY,1722385829223,Balkai,UaaAHDMrzSadZEnUtc2TEjGP5jaJQ8MVcULtz1SL1H8OAy6lAHz7EQ2OJwbvBST0YkR0fPD9AeT4ZA,Strawberry_Riven,3147,False,0,1,0,107,0,0,0,0,3321,0,0,3321,9308,9179,9193,0,0,0,0,,,,266,True,0,0,0,0,0,0,0,0,0,0,0,0,0,0,0,0,0,0,0,,,,266,True,0,0,0,0,0,0,0,0,0,0,0,0,0,0,0,0,0,0,0,,,,266,True,0,0,0,0,0,0,0,0,0,0,0,0,0,0,0,0,0,0,0,,,,266,True,0,0,0,0,0,0,0,0,0,0,0,0,0,0,0,0,0,0,0,,,,266,True,0,0,0,0,0,0,0,0,0,0,0,0,0,0,0,0,0,0,0,,,,266,True,0,0,0,0,0,0,0,0,0,0,0,0,0,0,0,0,0,0,0,,,,266,True,0,0,0,0,0,0,0,0,0,0,0,0,0,0,0,0,0,0,0,,,,266,True,0,0,0,0,0,0,0,0,0,0,0,0,0,0,0,0,0,0,0,,,,266,True,0,0,0,0,0,0,0,0,0,0,0,0,0,0,0,0,0,0,0
True,Strawberry_Jinx,3151,0,0,0,NA1_5075543179,1050,STRAWBERRY,1722813975905,Balkai,UaaAHDMrzSadZEnUtc2TEjGP5jaJQ8MVcULtz1SL1H8OAy6lAHz7EQ2OJwbvBST0YkR0fPD9AeT4ZA,Strawberry_Jinx,3151,True,0,0,0,3993,0,0,0,0,5692,0,0,5692,9400,9279,9280,9275,9293,0,0,,,,266,True,0,0,0,0,0,0,0,0,0,0,0,0,0,0,0,0,0,0,0,,,,266,True,0,0,0,0,0,0,0,0,0,0,0,0,0,0,0,0,0,0,0,,,,266,True,0,0,0,0,0,0,0,0,0,0,0,0,0,0,0,0,0,0,0,,,,266,True,0,0,0,0,0,0,0,0,0,0,0,0,0,0,0,0,0,0,0,,,,266,True,0,0,0,0,0,0,0,0,0,0,0,0,0,0,0,0,0,0,0,,,,266,True,0,0,0,0,0,0,0,0,0,0,0,0,0,0,0,0,0,0,0,,,,266,True,0,0,0,0,0,0,0,0,0,0,0,0,0,0,0,0,0,0,0,,,,266,True,0,0,0,0,0,0,0,0,0,0,0,0,0,0,0,0,0,0,0,,,,266,True,0,0,0,0,0,0,0,0,0,0,0,0,0,0,0,0,0,0,0
False,Strawberry_Seraphine,3153,0,1,0,NA1_5072480946,185,STRAWBERRY,1722610031987,Balkai,UaaAHDMrzSadZEnUtc2TEjGP5jaJQ8MVcULtz1SL1H8OAy6lAHz7EQ2OJwbvBST0YkR0fPD9AeT4ZA,Strawberry_Seraphine,3153,False,0,1,0,423,0,0,0,0,2612,0,0,2612,9302,9184,9183,9178,9180,0,0,,,,266,True,0,0,0,0,0,0,0,0,0,0,0,0,0,0,0,0,0,0,0,,,,266,True,0,0,0,0,0,0,0,0,0,0,0,0,0,0,0,0,0,0,0,,,,266,True,0,0,0,0,0,0,0,0,0,0,0,0,0,0,0,0,0,0,0,,,,266,True,0,0,0,0,0,0,0,0,0,0,0,0,0,0,0,0,0,0,0,,,,266,True,0,0,0,0,0,0,0,0,0,0,0,0,0,0,0,0,0,0,0,,,,266,True,0,0,0,0,0,0,0,0,0,0,0,0,0,0,0,0,0,0,0,,,,266,True,0,0,0,0,0,0,0,0,0,0,0,0,0,0,0,0,0,0,0,,,,266,True,0,0,0,0,0,0,0,0,0,0,0,0,0,0,0,0,0,0,0,,,,266,True,0,0,0,0,0,0,0,0,0,0,0,0,0,0,0,0,0,0,0
False,Strawberry_Leona,3152,0,1,0,NA1_5068849117,350,STRAWBERRY,1722361614818,Balkai,UaaAHDMrzSadZEnUtc2TEjGP5jaJQ8MVcULtz1SL1H8OAy6lAHz7EQ2OJwbvBST0YkR0fPD9AeT4ZA,Strawberry_Leona,3152,False,0,1,0,1288,0,0,0,0,7476,0,0,7476,9301,9281,9178,9173,9175,0,0,,,,266,True,0,0,0,0,0,0,0,0,0,0,0,0,0,0,0,0,0,0,0,,,,266,True,0,0,0,0,0,0,0,0,0,0,0,0,0,0,0,0,0,0,0,,,,266,True,0,0,0,0,0,0,0,0,0,0,0,0,0,0,0,0,0,0,0,,,,266,True,0,0,0,0,0,0,0,0,0,0,0,0,0,0,0,0,0,0,0,,,,266,True,0,0,0,0,0,0,0,0,0,0,0,0,0,0,0,0,0,0,0,,,,266,True,0,0,0,0,0,0,0,0,0,0,0,0,0,0,0,0,0,0,0,,,,266,True,0,0,0,0,0,0,0,0,0,0,0,0,0,0,0,0,0,0,0,,,,266,True,0,0,0,0,0,0,0,0,0,0,0,0,0,0,0,0,0,0,0,,,,266,True,0,0,0,0,0,0,0,0,0,0,0,0,0,0,0,0,0,0,0
False,Strawberry_Illaoi,3678,0,1,0,NA1_5068942172,159,STRAWBERRY,1722368340437,Balkai,UaaAHDMrzSadZEnUtc2TEjGP5jaJQ8MVcULtz1SL1H8OAy6lAHz7EQ2OJwbvBST0YkR0fPD9AeT4ZA,Strawberry_Illaoi,3678,False,0,1,0,156,0,0,0,0,4468,0,0,4468,9305,9175,9193,9185,0,0,0,,,,266,True,0,0,0,0,0,0,0,0,0,0,0,0,0,0,0,0,0,0,0,,,,266,True,0,0,0,0,0,0,0,0,0,0,0,0,0,0,0,0,0,0,0,,,,266,True,0,0,0,0,0,0,0,0,0,0,0,0,0,0,0,0,0,0,0,,,,266,True,0,0,0,0,0,0,0,0,0,0,0,0,0,0,0,0,0,0,0,,,,266,True,0,0,0,0,0,0,0,0,0,0,0,0,0,0,0,0,0,0,0,,,,266,True,0,0,0,0,0,0,0,0,0,0,0,0,0,0,0,0,0,0,0,,,,266,True,0,0,0,0,0,0,0,0,0,0,0,0,0,0,0,0,0,0,0,,,,266,True,0,0,0,0,0,0,0,0,0,0,0,0,0,0,0,0,0,0,0,,,,266,True,0,0,0,0,0,0,0,0,0,0,0,0,0,0,0,0,0,0,0
False,Strawberry_Leona,3152,0,1,0,NA1_5068853430,230,STRAWBERRY,1722362124550,Balkai,UaaAHDMrzSadZEnUtc2TEjGP5jaJQ8MVcULtz1SL1H8OAy6lAHz7EQ2OJwbvBST0YkR0fPD9AeT4ZA,Strawberry_Leona,3152,False,0,1,0,302,0,0,0,0,6495,0,0,6495,9301,9171,9178,9173,0,0,0,,,,266,True,0,0,0,0,0,0,0,0,0,0,0,0,0,0,0,0,0,0,0,,,,266,True,0,0,0,0,0,0,0,0,0,0,0,0,0,0,0,0,0,0,0,,,,266,True,0,0,0,0,0,0,0,0,0,0,0,0,0,0,0,0,0,0,0,,,,266,True,0,0,0,0,0,0,0,0,0,0,0,0,0,0,0,0,0,0,0,,,,266,True,0,0,0,0,0,0,0,0,0,0,0,0,0,0,0,0,0,0,0,,,,266,True,0,0,0,0,0,0,0,0,0,0,0,0,0,0,0,0,0,0,0,,,,266,True,0,0,0,0,0,0,0,0,0,0,0,0,0,0,0,0,0,0,0,,,,266,True,0,0,0,0,0,0,0,0,0,0,0,0,0,0,0,0,0,0,0,,,,266,True,0,0,0,0,0,0,0,0,0,0,0,0,0,0,0,0,0,0,0
False,Strawberry_Illaoi,3678,0,1,0,NA1_5069022413,169,STRAWBERRY,1722373453036,Balkai,UaaAHDMrzSadZEnUtc2TEjGP5jaJQ8MVcULtz1SL1H8OAy6lAHz7EQ2OJwbvBST0YkR0fPD9AeT4ZA,Strawberry_Illaoi,3678,False,0,1,0,97,0,0,0,0,3412,0,0,3412,9305,9189,9178,0,0,0,0,,,,266,True,0,0,0,0,0,0,0,0,0,0,0,0,0,0,0,0,0,0,0,,,,266,True,0,0,0,0,0,0,0,0,0,0,0,0,0,0,0,0,0,0,0,,,,266,True,0,0,0,0,0,0,0,0,0,0,0,0,0,0,0,0,0,0,0,,,,266,True,0,0,0,0,0,0,0,0,0,0,0,0,0,0,0,0,0,0,0,,,,266,True,0,0,0,0,0,0,0,0,0,0,0,0,0,0,0,0,0,0,0,,,,266,True,0,0,0,0,0,0,0,0,0,0,0,0,0,0,0,0,0,0,0,,,,266,True,0,0,0,0,0,0,0,0,0,0,0,0,0,0,0,0,0,0,0,,,,266,True,0,0,0,0,0,0,0,0,0,0,0,0,0,0,0,0,0,0,0,,,,266,True,0,0,0,0,0,0,0,0,0,0,0,0,0,0,0,0,0,0,0
False,Strawberry_Illaoi,3678,0,1,0,NA1_5069034912,440,STRAWBERRY,1722373888183,Balkai,UaaAHDMrzSadZEnUtc2TEjGP5jaJQ8MVcULtz1SL1H8OAy6lAHz7EQ2OJwbvBST0YkR0fPD9AeT4ZA,Strawberry_Illaoi,3678,False,0,1,0,1208,0,0,0,0,12923,0,0,12923,9305,9193,9185,9178,9175,0,0,,,,266,True,0,0,0,0,0,0,0,0,0,0,0,0,0,0,0,0,0,0,0,,,,266,True,0,0,0,0,0,0,0,0,0,0,0,0,0,0,0,0,0,0,0,,,,266,True,0,0,0,0,0,0,0,0,0,0,0,0,0,0,0,0,0,0,0,,,,266,True,0,0,0,0,0,0,0,0,0,0,0,0,0,0,0,0,0,0,0,,,,266,True,0,0,0,0,0,0,0,0,0,0,0,0,0,0,0,0,0,0,0,,,,266,True,0,0,0,0,0,0,0,0,0,0,0,0,0,0,0,0,0,0,0,,,,266,True,0,0,0,0,0,0,0,0,0,0,0,0,0,0,0,0,0,0,0,,,,266,True,0,0,0,0,0,0,0,0,0,0,0,0,0,0,0,0,0,0,0,,,,266,True,0,0,0,0,0,0,0,0,0,0,0,0,0,0,0,0,0,0,0
True,Strawberry_Leona,3152,0,0,0,NA1_5068886248,1201,STRAWBERRY,1722364587942,Balkai,UaaAHDMrzSadZEnUtc2TEjGP5jaJQ8MVcULtz1SL1H8OAy6lAHz7EQ2OJwbvBST0YkR0fPD9AeT4ZA,Strawberry_Leona,3152,True,0,0,0,3496,0,0,0,0,22191,0,0,22191,9401,9273,9293,9178,9281,0,0,,,,266,True,0,0,0,0,0,0,0,0,0,0,0,0,0,0,0,0,0,0,0,,,,266,True,0,0,0,0,0,0,0,0,0,0,0,0,0,0,0,0,0,0,0,,,,266,True,0,0,0,0,0,0,0,0,0,0,0,0,0,0,0,0,0,0,0,,,,266,True,0,0,0,0,0,0,0,0,0,0,0,0,0,0,0,0,0,0,0,,,,266,True,0,0,0,0,0,0,0,0,0,0,0,0,0,0,0,0,0,0,0,,,,266,True,0,0,0,0,0,0,0,0,0,0,0,0,0,0,0,0,0,0,0,,,,266,True,0,0,0,0,0,0,0,0,0,0,0,0,0,0,0,0,0,0,0,,,,266,True,0,0,0,0,0,0,0,0,0,0,0,0,0,0,0,0,0,0,0,,,,266,True,0,0,0,0,0,0,0,0,0,0,0,0,0,0,0,0,0,0,0
False,Strawberry_Illaoi,3678,0,1,0,NA1_5068948270,363,STRAWBERRY,1722368808034,Balkai,UaaAHDMrzSadZEnUtc2TEjGP5jaJQ8MVcULtz1SL1H8OAy6lAHz7EQ2OJwbvBST0YkR0fPD9AeT4ZA,Strawberry_Illaoi,3678,False,0,1,0,409,0,0,0,0,7459,0,0,7459,9305,9180,9193,9184,9185,0,0,,,,266,True,0,0,0,0,0,0,0,0,0,0,0,0,0,0,0,0,0,0,0,,,,266,True,0,0,0,0,0,0,0,0,0,0,0,0,0,0,0,0,0,0,0,,,,266,True,0,0,0,0,0,0,0,0,0,0,0,0,0,0,0,0,0,0,0,,,,266,True,0,0,0,0,0,0,0,0,0,0,0,0,0,0,0,0,0,0,0,,,,266,True,0,0,0,0,0,0,0,0,0,0,0,0,0,0,0,0,0,0,0,,,,266,True,0,0,0,0,0,0,0,0,0,0,0,0,0,0,0,0,0,0,0,,,,266,True,0,0,0,0,0,0,0,0,0,0,0,0,0,0,0,0,0,0,0,,,,266,True,0,0,0,0,0,0,0,0,0,0,0,0,0,0,0,0,0,0,0,,,,266,True,0,0,0,0,0,0,0,0,0,0,0,0,0,0,0,0,0,0,0
False,Strawberry_Illaoi,3678,0,1,0,NA1_5068926599,408,STRAWBERRY,1722367592802,Balkai,UaaAHDMrzSadZEnUtc2TEjGP5jaJQ8MVcULtz1SL1H8OAy6lAHz7EQ2OJwbvBST0YkR0fPD9AeT4ZA,Strawberry_Illaoi,3678,False,0,1,0,1257,0,0,0,0,10942,0,0,10942,9305,9178,9189,9174,9179,0,0,,,,266,True,0,0,0,0,0,0,0,0,0,0,0,0,0,0,0,0,0,0,0,,,,266,True,0,0,0,0,0,0,0,0,0,0,0,0,0,0,0,0,0,0,0,,,,266,True,0,0,0,0,0,0,0,0,0,0,0,0,0,0,0,0,0,0,0,,,,266,True,0,0,0,0,0,0,0,0,0,0,0,0,0,0,0,0,0,0,0,,,,266,True,0,0,0,0,0,0,0,0,0,0,0,0,0,0,0,0,0,0,0,,,,266,True,0,0,0,0,0,0,0,0,0,0,0,0,0,0,0,0,0,0,0,,,,266,True,0,0,0,0,0,0,0,0,0,0,0,0,0,0,0,0,0,0,0,,,,266,True,0,0,0,0,0,0,0,0,0,0,0,0,0,0,0,0,0,0,0,,,,266,True,0,0,0,0,0,0,0,0,0,0,0,0,0,0,0,0,0,0,0
False,Strawberry_Leona,3152,0,1,0,NA1_5068859370,875,STRAWBERRY,1722362619406,Balkai,UaaAHDMrzSadZEnUtc2TEjGP5jaJQ8MVcULtz1SL1H8OAy6lAHz7EQ2OJwbvBST0YkR0fPD9AeT4ZA,Strawberry_Leona,3152,False,0,1,0,3683,0,0,0,0,22715,0,0,22715,9401,9274,9293,9281,9173,0,0,,,,266,True,0,0,0,0,0,0,0,0,0,0,0,0,0,0,0,0,0,0,0,,,,266,True,0,0,0,0,0,0,0,0,0,0,0,0,0,0,0,0,0,0,0,,,,266,True,0,0,0,0,0,0,0,0,0,0,0,0,0,0,0,0,0,0,0,,,,266,True,0,0,0,0,0,0,0,0,0,0,0,0,0,0,0,0,0,0,0,,,,266,True,0,0,0,0,0,0,0,0,0,0,0,0,0,0,0,0,0,0,0,,,,266,True,0,0,0,0,0,0,0,0,0,0,0,0,0,0,0,0,0,0,0,,,,266,True,0,0,0,0,0,0,0,0,0,0,0,0,0,0,0,0,0,0,0,,,,266,True,0,0,0,0,0,0,0,0,0,0,0,0,0,0,0,0,0,0,0,,,,266,True,0,0,0,0,0,0,0,0,0,0,0,0,0,0,0,0,0,0,0
False,Strawberry_Leona,3152,0,0,0,NA1_5068880020,249,STRAWBERRY,1722363991301,Balkai,UaaAHDMrzSadZEnUtc2TEjGP5jaJQ8MVcULtz1SL1H8OAy6lAHz7EQ2OJwbvBST0YkR0fPD9AeT4ZA,Strawberry_Leona,3152,False,0,0,0,380,0,0,0,0,2815,0,0,2815,9301,9180,9181,9189,9175,0,0,,,,266,True,0,0,0,0,0,0,0,0,0,0,0,0,0,0,0,0,0,0,0,,,,266,True,0,0,0,0,0,0,0,0,0,0,0,0,0,0,0,0,0,0,0,,,,266,True,0,0,0,0,0,0,0,0,0,0,0,0,0,0,0,0,0,0,0,,,,266,True,0,0,0,0,0,0,0,0,0,0,0,0,0,0,0,0,0,0,0,,,,266,True,0,0,0,0,0,0,0,0,0,0,0,0,0,0,0,0,0,0,0,,,,266,True,0,0,0,0,0,0,0,0,0,0,0,0,0,0,0,0,0,0,0,,,,266,True,0,0,0,0,0,0,0,0,0,0,0,0,0,0,0,0,0,0,0,,,,266,True,0,0,0,0,0,0,0,0,0,0,0,0,0,0,0,0,0,0,0,,,,266,True,0,0,0,0,0,0,0,0,0,0,0,0,0,0,0,0,0,0,0
True,Strawberry_Jinx,3151,0,1,0,NA1_5066987155,993,STRAWBERRY,1722226097333,Balkai,UaaAHDMrzSadZEnUtc2TEjGP5jaJQ8MVcULtz1SL1H8OAy6lAHz7EQ2OJwbvBST0YkR0fPD9AeT4ZA,Strawberry_Jinx,3151,True,0,1,0,3446,0,0,600,600,8301,0,600,8901,9400,9280,9284,9277,9275,0,0,actuallyapotato,59rYkD8T2UT6a4REJW3NuCgQ7dJr9FHUp4ukCMoHmqyHntBpaoS81CAuW5BhjahxEGHCBQl0DS5_tg,Strawberry_Briar,3156,True,0,0,0,3975,0,0,0,0,14726,0,0,14726,9403,9273,9293,9274,9188,0,0,,,,266,True,0,0,0,0,0,0,0,0,0,0,0,0,0,0,0,0,0,0,0,,,,266,True,0,0,0,0,0,0,0,0,0,0,0,0,0,0,0,0,0,0,0,,,,266,True,0,0,0,0,0,0,0,0,0,0,0,0,0,0,0,0,0,0,0,,,,266,True,0,0,0,0,0,0,0,0,0,0,0,0,0,0,0,0,0,0,0,,,,266,True,0,0,0,0,0,0,0,0,0,0,0,0,0,0,0,0,0,0,0,,,,266,True,0,0,0,0,0,0,0,0,0,0,0,0,0,0,0,0,0,0,0,,,,266,True,0,0,0,0,0,0,0,0,0,0,0,0,0,0,0,0,0,0,0,,,,266,True,0,0,0,0,0,0,0,0,0,0,0,0,0,0,0,0,0,0,0
False,Strawberry_Jinx,3151,0,1,0,NA1_5067020602,290,STRAWBERRY,1722227439177,Balkai,UaaAHDMrzSadZEnUtc2TEjGP5jaJQ8MVcULtz1SL1H8OAy6lAHz7EQ2OJwbvBST0YkR0fPD9AeT4ZA,Strawberry_Jinx,3151,False,0,1,0,636,0,0,0,0,3108,0,0,3108,9300,9177,9171,9181,9175,0,0,actuallyapotato,59rYkD8T2UT6a4REJW3NuCgQ7dJr9FHUp4ukCMoHmqyHntBpaoS81CAuW5BhjahxEGHCBQl0DS5_tg,Strawberry_Illaoi,3678,False,0,1,0,752,0,0,0,0,5951,0,0,5951,9305,9176,9187,0,0,0,0,,,,266,True,0,0,0,0,0,0,0,0,0,0,0,0,0,0,0,0,0,0,0,,,,266,True,0,0,0,0,0,0,0,0,0,0,0,0,0,0,0,0,0,0,0,,,,266,True,0,0,0,0,0,0,0,0,0,0,0,0,0,0,0,0,0,0,0,,,,266,True,0,0,0,0,0,0,0,0,0,0,0,0,0,0,0,0,0,0,0,,,,266,True,0,0,0,0,0,0,0,0,0,0,0,0,0,0,0,0,0,0,0,,,,266,True,0,0,0,0,0,0,0,0,0,0,0,0,0,0,0,0,0,0,0,,,,266,True,0,0,0,0,0,0,0,0,0,0,0,0,0,0,0,0,0,0,0,,,,266,True,0,0,0,0,0,0,0,0,0,0,0,0,0,0,0,0,0,0,0
True,Strawberry_Jinx,3151,0,2,0,NA1_5067035789,982,STRAWBERRY,1722227854110,Balkai,UaaAHDMrzSadZEnUtc2TEjGP5jaJQ8MVcULtz1SL1H8OAy6lAHz7EQ2OJwbvBST0YkR0fPD9AeT4ZA,Strawberry_Jinx,3151,True,0,2,0,3339,0,0,1300,1300,8517,0,1300,9817,9400,9281,9284,9280,9283,0,0,actuallyapotato,59rYkD8T2UT6a4REJW3NuCgQ7dJr9FHUp4ukCMoHmqyHntBpaoS81CAuW5BhjahxEGHCBQl0DS5_tg,Strawberry_Illaoi,3678,True,0,0,0,3946,0,0,0,0,15931,0,0,15931,9405,9272,9293,9176,9287,0,0,,,,266,True,0,0,0,0,0,0,0,0,0,0,0,0,0,0,0,0,0,0,0,,,,266,True,0,0,0,0,0,0,0,0,0,0,0,0,0,0,0,0,0,0,0,,,,266,True,0,0,0,0,0,0,0,0,0,0,0,0,0,0,0,0,0,0,0,,,,266,True,0,0,0,0,0,0,0,0,0,0,0,0,0,0,0,0,0,0,0,,,,266,True,0,0,0,0,0,0,0,0,0,0,0,0,0,0,0,0,0,0,0,,,,266,True,0,0,0,0,0,0,0,0,0,0,0,0,0,0,0,0,0,0,0,,,,266,True,0,0,0,0,0,0,0,0,0,0,0,0,0,0,0,0,0,0,0,,,,266,True,0,0,0,0,0,0,0,0,0,0,0,0,0,0,0,0,0,0,0
False,Strawberry_Aurora,3159,0,0,0,NA1_5068375032,17,STRAWBERRY,1722313681089,Balkai,UaaAHDMrzSadZEnUtc2TEjGP5jaJQ8MVcULtz1SL1H8OAy6lAHz7EQ2OJwbvBST0YkR0fPD9AeT4ZA,Strawberry_Aurora,3159,False,0,0,0,0,0,0,0,0,0,0,0,0,9307,0,0,0,0,0,0,actuallyapotato,59rYkD8T2UT6a4REJW3NuCgQ7dJr9FHUp4ukCMoHmqyHntBpaoS81CAuW5BhjahxEGHCBQl0DS5_tg,Strawberry_Illaoi,3678,False,0,0,0,0,0,0,0,0,0,0,0,0,9305,0,0,0,0,0,0,,,,266,True,0,0,0,0,0,0,0,0,0,0,0,0,0,0,0,0,0,0,0,,,,266,True,0,0,0,0,0,0,0,0,0,0,0,0,0,0,0,0,0,0,0,,,,266,True,0,0,0,0,0,0,0,0,0,0,0,0,0,0,0,0,0,0,0,,,,266,True,0,0,0,0,0,0,0,0,0,0,0,0,0,0,0,0,0,0,0,,,,266,True,0,0,0,0,0,0,0,0,0,0,0,0,0,0,0,0,0,0,0,,,,266,True,0,0,0,0,0,0,0,0,0,0,0,0,0,0,0,0,0,0,0,,,,266,True,0,0,0,0,0,0,0,0,0,0,0,0,0,0,0,0,0,0,0,,,,266,True,0,0,0,0,0,0,0,0,0,0,0,0,0,0,0,0,0,0,0
True,Strawberry_Jinx,3151,0,0,0,NA1_5066950984,964,STRAWBERRY,1722224704884,Balkai,UaaAHDMrzSadZEnUtc2TEjGP5jaJQ8MVcULtz1SL1H8OAy6lAHz7EQ2OJwbvBST0YkR0fPD9AeT4ZA,Strawberry_Jinx,3151,True,0,0,0,4225,0,0,0,0,7176,0,0,7176,9300,9188,9283,9284,9177,0,0,actuallyapotato,59rYkD8T2UT6a4REJW3NuCgQ7dJr9FHUp4ukCMoHmqyHntBpaoS81CAuW5BhjahxEGHCBQl0DS5_tg,Strawberry_Yasuo,3157,True,0,0,0,4798,0,0,0,0,3888,0,0,3888,9404,9280,9293,9283,9279,0,0,,,,266,True,0,0,0,0,0,0,0,0,0,0,0,0,0,0,0,0,0,0,0,,,,266,True,0,0,0,0,0,0,0,0,0,0,0,0,0,0,0,0,0,0,0,,,,266,True,0,0,0,0,0,0,0,0,0,0,0,0,0,0,0,0,0,0,0,,,,266,True,0,0,0,0,0,0,0,0,0,0,0,0,0,0,0,0,0,0,0,,,,266,True,0,0,0,0,0,0,0,0,0,0,0,0,0,0,0,0,0,0,0,,,,266,True,0,0,0,0,0,0,0,0,0,0,0,0,0,0,0,0,0,0,0,,,,266,True,0,0,0,0,0,0,0,0,0,0,0,0,0,0,0,0,0,0,0,,,,266,True,0,0,0,0,0,0,0,0,0,0,0,0,0,0,0,0,0,0,0
True,Strawberry_Briar,3156,0,1,0,NA1_5068414332,1087,STRAWBERRY,1722315360965,Balkai,UaaAHDMrzSadZEnUtc2TEjGP5jaJQ8MVcULtz1SL1H8OAy6lAHz7EQ2OJwbvBST0YkR0fPD9AeT4ZA,Strawberry_Briar,3156,True,0,1,0,4750,0,0,0,0,53025,0,0,53025,9403,9293,9271,9275,9280,0,0,actuallyapotato,59rYkD8T2UT6a4REJW3NuCgQ7dJr9FHUp4ukCMoHmqyHntBpaoS81CAuW5BhjahxEGHCBQl0DS5_tg,Strawberry_Seraphine,3153,True,0,0,0,5146,0,0,0,0,8692,0,0,8692,9402,9279,9293,9284,9280,0,0,Katinka4,5u1OuQR4vRKF7Wfn6FxxPnF4Pic4-FPSAvzJquGYzMPSFuMSEZoLeekzJDwtzrrqkKqmCIxy_uJFOQ,Strawberry_Jinx,3151,True,0,3,0,5146,0,0,2340,2340,12181,0,2340,14521,9400,9284,9271,9274,9283,0,0,,,,266,True,0,0,0,0,0,0,0,0,0,0,0,0,0,0,0,0,0,0,0,,,,266,True,0,0,0,0,0,0,0,0,0,0,0,0,0,0,0,0,0,0,0,,,,266,True,0,0,0,0,0,0,0,0,0,0,0,0,0,0,0,0,0,0,0,,,,266,True,0,0,0,0,0,0,0,0,0,0,0,0,0,0,0,0,0,0,0,,,,266,True,0,0,0,0,0,0,0,0,0,0,0,0,0,0,0,0,0,0,0,,,,266,True,0,0,0,0,0,0,0,0,0,0,0,0,0,0,0,0,0,0,0,,,,266,True,0,0,0,0,0,0,0,0,0,0,0,0,0,0,0,0,0,0,0
True,Strawberry_Aurora,3159,0,7,0,NA1_5068377137,1073,STRAWBERRY,1722313809811,Balkai,UaaAHDMrzSadZEnUtc2TEjGP5jaJQ8MVcULtz1SL1H8OAy6lAHz7EQ2OJwbvBST0YkR0fPD9AeT4ZA,Strawberry_Aurora,3159,True,0,7,0,3551,0,0,3900,3900,19248,0,3900,23148,9407,9279,9284,9275,9174,0,0,actuallyapotato,59rYkD8T2UT6a4REJW3NuCgQ7dJr9FHUp4ukCMoHmqyHntBpaoS81CAuW5BhjahxEGHCBQl0DS5_tg,Strawberry_Illaoi,3678,True,0,0,0,3749,0,0,0,0,23684,0,0,23684,9405,9276,9285,9293,9287,0,0,Katinka4,5u1OuQR4vRKF7Wfn6FxxPnF4Pic4-FPSAvzJquGYzMPSFuMSEZoLeekzJDwtzrrqkKqmCIxy_uJFOQ,Strawberry_Jinx,3151,True,0,7,0,3749,0,0,4200,4200,12465,0,4200,16666,9400,9276,9284,9280,9275,0,0,,,,266,True,0,0,0,0,0,0,0,0,0,0,0,0,0,0,0,0,0,0,0,,,,266,True,0,0,0,0,0,0,0,0,0,0,0,0,0,0,0,0,0,0,0,,,,266,True,0,0,0,0,0,0,0,0,0,0,0,0,0,0,0,0,0,0,0,,,,266,True,0,0,0,0,0,0,0,0,0,0,0,0,0,0,0,0,0,0,0,,,,266,True,0,0,0,0,0,0,0,0,0,0,0,0,0,0,0,0,0,0,0,,,,266,True,0,0,0,0,0,0,0,0,0,0,0,0,0,0,0,0,0,0,0,,,,266,True,0,0,0,0,0,0,0,0,0,0,0,0,0,0,0,0,0,0,0
True,Strawberry_Jinx,3151,0,1,0,NA1_5056372627,1053,STRAWBERRY,1721708988802,Balkai,UaaAHDMrzSadZEnUtc2TEjGP5jaJQ8MVcULtz1SL1H8OAy6lAHz7EQ2OJwbvBST0YkR0fPD9AeT4ZA,Strawberry_Jinx,3151,True,0,1,0,4382,0,0,875,875,10885,0,875,11760,9300,9176,9281,9175,9274,0,0,actuallyapotato,59rYkD8T2UT6a4REJW3NuCgQ7dJr9FHUp4ukCMoHmqyHntBpaoS81CAuW5BhjahxEGHCBQl0DS5_tg,Strawberry_Illaoi,3678,True,0,0,0,5469,0,0,0,0,19562,0,0,19562,9405,9276,9278,9271,9192,0,0,Shuckle,wNZrz_iRLQUVnyoil-jSSQ3ZZd7o-bTCyYIDgBqheYtREHcZd0astsVtTKvM5-ORRt5kh9rBdiFR4w,Strawberry_Seraphine,3153,True,0,1,0,4382,0,0,575,575,9112,0,575,9687,9302,9176,9180,9271,9274,0,0,,,,266,True,0,0,0,0,0,0,0,0,0,0,0,0,0,0,0,0,0,0,0,,,,266,True,0,0,0,0,0,0,0,0,0,0,0,0,0,0,0,0,0,0,0,,,,266,True,0,0,0,0,0,0,0,0,0,0,0,0,0,0,0,0,0,0,0,,,,266,True,0,0,0,0,0,0,0,0,0,0,0,0,0,0,0,0,0,0,0,,,,266,True,0,0,0,0,0,0,0,0,0,0,0,0,0,0,0,0,0,0,0,,,,266,True,0,0,0,0,0,0,0,0,0,0,0,0,0,0,0,0,0,0,0,,,,266,True,0,0,0,0,0,0,0,0,0,0,0,0,0,0,0,0,0,0,0
False,Strawberry_Seraphine,3153,0,9,0,NA1_5068445670,927,STRAWBERRY,1722316901736,Balkai,UaaAHDMrzSadZEnUtc2TEjGP5jaJQ8MVcULtz1SL1H8OAy6lAHz7EQ2OJwbvBST0YkR0fPD9AeT4ZA,Strawberry_Seraphine,3153,False,0,9,0,4066,0,0,6020,6020,16164,0,6020,22184,9302,9175,9283,9277,9174,0,0,actuallyapotato,59rYkD8T2UT6a4REJW3NuCgQ7dJr9FHUp4ukCMoHmqyHntBpaoS81CAuW5BhjahxEGHCBQl0DS5_tg,Strawberry_Yasuo,3157,False,0,1,0,4405,0,0,0,0,22260,0,0,22260,9304,9193,9284,9180,0,0,0,Katinka4,5u1OuQR4vRKF7Wfn6FxxPnF4Pic4-FPSAvzJquGYzMPSFuMSEZoLeekzJDwtzrrqkKqmCIxy_uJFOQ,Strawberry_Jinx,3151,False,0,11,0,4405,0,0,6000,6000,15699,0,6000,21699,9400,9281,9175,9283,9276,0,0,,,,266,True,0,0,0,0,0,0,0,0,0,0,0,0,0,0,0,0,0,0,0,,,,266,True,0,0,0,0,0,0,0,0,0,0,0,0,0,0,0,0,0,0,0,,,,266,True,0,0,0,0,0,0,0,0,0,0,0,0,0,0,0,0,0,0,0,,,,266,True,0,0,0,0,0,0,0,0,0,0,0,0,0,0,0,0,0,0,0,,,,266,True,0,0,0,0,0,0,0,0,0,0,0,0,0,0,0,0,0,0,0,,,,266,True,0,0,0,0,0,0,0,0,0,0,0,0,0,0,0,0,0,0,0,,,,266,True,0,0,0,0,0,0,0,0,0,0,0,0,0,0,0,0,0,0,0
True,Strawberry_Yasuo,3157,0,3,0,NA1_5068342027,938,STRAWBERRY,1722312392368,Balkai,UaaAHDMrzSadZEnUtc2TEjGP5jaJQ8MVcULtz1SL1H8OAy6lAHz7EQ2OJwbvBST0YkR0fPD9AeT4ZA,Strawberry_Yasuo,3157,True,0,3,0,4654,0,0,1950,1950,11372,0,1950,13322,9404,9281,9277,9284,9288,0,0,actuallyapotato,59rYkD8T2UT6a4REJW3NuCgQ7dJr9FHUp4ukCMoHmqyHntBpaoS81CAuW5BhjahxEGHCBQl0DS5_tg,Strawberry_Xayah,3947,True,0,0,0,5354,0,0,0,0,5245,0,0,5245,9406,9280,9279,9284,9293,0,0,,,,266,True,0,0,0,0,0,0,0,0,0,0,0,0,0,0,0,0,0,0,0,,,,266,True,0,0,0,0,0,0,0,0,0,0,0,0,0,0,0,0,0,0,0,,,,266,True,0,0,0,0,0,0,0,0,0,0,0,0,0,0,0,0,0,0,0,,,,266,True,0,0,0,0,0,0,0,0,0,0,0,0,0,0,0,0,0,0,0,,,,266,True,0,0,0,0,0,0,0,0,0,0,0,0,0,0,0,0,0,0,0,,,,266,True,0,0,0,0,0,0,0,0,0,0,0,0,0,0,0,0,0,0,0,,,,266,True,0,0,0,0,0,0,0,0,0,0,0,0,0,0,0,0,0,0,0,,,,266,True,0,0,0,0,0,0,0,0,0,0,0,0,0,0,0,0,0,0,0
True,Strawberry_Jinx,3151,0,2,0,NA1_5045386697,1085,STRAWBERRY,1721356468096,Balkai,UaaAHDMrzSadZEnUtc2TEjGP5jaJQ8MVcULtz1SL1H8OAy6lAHz7EQ2OJwbvBST0YkR0fPD9AeT4ZA,Strawberry_Jinx,3151,True,0,2,0,820,0,0,1225,1225,6094,0,1225,7319,9300,9176,9175,9180,9171,0,0,actuallyapotato,59rYkD8T2UT6a4REJW3NuCgQ7dJr9FHUp4ukCMoHmqyHntBpaoS81CAuW5BhjahxEGHCBQl0DS5_tg,Strawberry_Leona,3152,True,0,0,0,770,0,0,0,0,21608,0,0,21608,9401,9273,9274,9271,9177,0,0,Katinka4,5u1OuQR4vRKF7Wfn6FxxPnF4Pic4-FPSAvzJquGYzMPSFuMSEZoLeekzJDwtzrrqkKqmCIxy_uJFOQ,Strawberry_Jinx,3151,True,0,1,0,820,0,0,875,875,6765,0,875,7640,9300,9177,9176,9171,9180,0,0,Shuckle,wNZrz_iRLQUVnyoil-jSSQ3ZZd7o-bTCyYIDgBqheYtREHcZd0astsVtTKvM5-ORRt5kh9rBdiFR4w,Strawberry_Seraphine,3153,True,0,0,0,770,0,0,0,0,6116,0,0,6116,9302,9271,9176,9175,9180,0,0,,,,266,True,0,0,0,0,0,0,0,0,0,0,0,0,0,0,0,0,0,0,0,,,,266,True,0,0,0,0,0,0,0,0,0,0,0,0,0,0,0,0,0,0,0,,,,266,True,0,0,0,0,0,0,0,0,0,0,0,0,0,0,0,0,0,0,0,,,,266,True,0,0,0,0,0,0,0,0,0,0,0,0,0,0,0,0,0,0,0,,,,266,True,0,0,0,0,0,0,0,0,0,0,0,0,0,0,0,0,0,0,0,,,,266,True,0,0,0,0,0,0,0,0,0,0,0,0,0,0,0,0,0,0,0
False,Brand,63,9,12,26,NA1_5045772190,1253,ARAM,1721362865602,Balkai,UaaAHDMrzSadZEnUtc2TEjGP5jaJQ8MVcULtz1SL1H8OAy6lAHz7EQ2OJwbvBST0YkR0fPD9AeT4ZA,Brand,63,False,9,12,26,12872,846,34006,1427,36280,10150,18695,507,29352,2503,3137,3020,6653,3165,0,2052,actuallyapotato,59rYkD8T2UT6a4REJW3NuCgQ7dJr9FHUp4ukCMoHmqyHntBpaoS81CAuW5BhjahxEGHCBQl0DS5_tg,Zilean,26,False,4,7,35,13064,625,12498,66,13191,13495,9105,590,23191,3040,3158,3118,4629,3083,0,2052,Katinka4,5u1OuQR4vRKF7Wfn6FxxPnF4Pic4-FPSAvzJquGYzMPSFuMSEZoLeekzJDwtzrrqkKqmCIxy_uJFOQ,Smolder,901,False,14,11,26,16364,31203,4770,1963,37937,7444,20846,532,28822,3042,3078,3158,3031,3094,3036,2052,Shuckle,wNZrz_iRLQUVnyoil-jSSQ3ZZd7o-bTCyYIDgBqheYtREHcZd0astsVtTKvM5-ORRt5kh9rBdiFR4w,Trundle,48,False,7,9,18,12631,9913,2537,1159,13609,29982,30460,1875,62318,2051,3143,3111,6610,3083,0,2052,Montepremi,eHmHofAr3Lq2c55a8_huZdBnzvRWjeO0bn6wj2Vq1BHAgjUtOnRBrlnIXixAOgipl34UxJzcLPldQg,Aatrox,266,False,15,8,17,15740,31783,4811,1089,37683,19314,17183,901,37399,3077,3065,3047,6610,3053,6692,2052,Yzzi,7gh3jUCcm8fRfj17Ol1rOE8tN2OOXgaZPMEbYGfj7Si5P0MdHqy4ITrCA6Z2u6IuQ2qgG8DA85mdNw,Vi,254,True,17,9,10,15902,36825,0,2382,39207,17933,10983,1886,30803,6610,6692,3111,3053,6333,3044,2052,bFHUGEvNl8,qLYKSuH_WWoNigLf5XWyIephAfLjK6V7DfxgpifQbXG6Kfxeh5D2v4ImUVt8czO8zE2bBdSrzqxnOQ,Mordekaiser,82,True,8,8,17,14763,2999,28492,742,32233,16996,14918,1246,33161,6653,4633,3065,3047,3075,1011,2052,Iki,CXykB3PFAr-FZNcjKw_9tyMQRgQ9WLx6N-eL5RUg3u734uZVV5rFHOYLqiypIlo8xfQEY97pmysuPQ,FiddleSticks,9,True,6,10,19,13330,351,23794,637,24783,28697,13935,1263,43896,2502,4633,3065,3111,8020,0,3330,PrincessBubbless,l2FIFdAsGGYxmdZF8v2CgmvvTVDszli1JGtBICJmCht-5pEqe2OAKIlsJR0go4F2GCw24PElrF7lZw,Tristana,18,True,10,11,14,15694,32273,685,0,32959,17698,8140,433,26272,6672,6675,3006,3031,3072,3035,2052,AnemoArchonn,6ieBPXPsPUTEv0ipXRiNS8xl3odE0oIXcX-sMFATFfhFHVE_zK6ictopCNEqn3jajDPBUMZ2ovbJbQ,Zyra,143,True,6,11,27,13926,1304,43319,645,45269,11705,10646,881,23233,6653,3020,3040,2503,3116,3916,2052
False,Shen,98,5,13,23,NA1_5056313731,1169,ARAM,1721707751967,Chu 1 Shi 5,QDonoKFSIZUzDZFqwRoKOXwu-5uSygRVzuH4o9YYktfYGge026K64hG_0GvXzWY8RP8BvqKrFksSpQ,Ornn,516,True,3,8,33,12789,8389,15671,1073,25133,31049,20639,5200,56889,3084,3047,6664,2502,3082,1011,2052,Ouchlaugh,h_MYuuTfBkKRRsmhsFRyThptb529hhRvpItZ88xdrHc0uWtXk4_LYypogQ3DyrH450Bm2FgoOcwdkg,MonkeyKing,62,True,10,8,24,14877,20974,4079,2028,27082,15920,14703,4479,35104,3074,6610,1036,3111,6333,3123,2052,acz001,-K5mMl8lACsYesfHf3YJ-9EHvequKEXBir1MP9aTUidBrUD9Ac2DffMZeou9-wEW-TmgfqnEuJ5Inw,Pantheon,80,True,17,7,16,16058,35060,1890,779,37730,12707,8369,450,21526,6610,6698,6676,6692,3111,0,2052,Wunaishushu,hJe3AkIxTMHBwoml85Q57LANrW40rIHklcQ-RALknW88BFtOu3dk6y9Z-gaPRR1u_pp3tSfb1Yje2w,Anivia,34,True,5,7,23,13385,1312,24632,1369,27313,14177,13938,1680,29796,6657,3070,2503,6653,3020,3165,2052,sheng  tang,xDi5ISs3y7KC67KYnHregTwK5LRV1BBnM2U2Qb-Es385Ft5z1_uZ7MbXaunHdhFkBoIILZHTc2AitA,Kennen,85,True,12,10,27,14441,1864,33060,1031,35956,11088,10463,221,21772,3118,4646,4645,1058,1058,3020,2052,Balkai,UaaAHDMrzSadZEnUtc2TEjGP5jaJQ8MVcULtz1SL1H8OAy6lAHz7EQ2OJwbvBST0YkR0fPD9AeT4ZA,Shen,98,False,5,13,23,12242,10740,7555,1830,20127,23236,26123,2085,51446,3084,2502,3065,1057,1031,3111,2052,actuallyapotato,59rYkD8T2UT6a4REJW3NuCgQ7dJr9FHUp4ukCMoHmqyHntBpaoS81CAuW5BhjahxEGHCBQl0DS5_tg,Gangplank,41,False,12,9,12,14298,18085,9439,2821,30346,14935,10996,957,26889,3508,3078,3036,3158,3031,0,2052,Katinka4,5u1OuQR4vRKF7Wfn6FxxPnF4Pic4-FPSAvzJquGYzMPSFuMSEZoLeekzJDwtzrrqkKqmCIxy_uJFOQ,Sona,37,False,6,7,32,12826,2816,14763,1259,18839,6751,13936,1125,21813,3158,3040,6655,3100,1058,1058,2052,Shuckle,wNZrz_iRLQUVnyoil-jSSQ3ZZd7o-bTCyYIDgBqheYtREHcZd0astsVtTKvM5-ORRt5kh9rBdiFR4w,Maokai,57,False,2,11,22,10844,1168,23922,1178,26269,15954,18538,1138,35631,6653,3083,6665,3111,0,0,2052,Montepremi,eHmHofAr3Lq2c55a8_huZdBnzvRWjeO0bn6wj2Vq1BHAgjUtOnRBrlnIXixAOgipl34UxJzcLPldQg,Ezreal,81,False,15,7,18,14651,35920,12432,355,48708,11207,9738,975,21921,3078,3042,3158,6694,3161,0,2052
False,Senna,235,13,12,24,NA1_5056256953,1260,ARAM,1721706371451,Śuprise,adl514rTlll8CjpS87ZUHcWm_dUm6DOMC2gu7TdWudtMIg6k86GJJetS3-6MLsPzgg7XebEQ-LKcPw,Fizz,105,True,17,15,18,14817,3604,29299,2480,35384,15175,15136,987,31299,3157,3100,4645,3089,3020,1052,2052,C9 Allèn,9oIMcCBiCy5OcbH9hvxDxlGdZ7Ktod8HxSVJmwG55pPTQrhJEgl3OdJsQ0RzPAVqImmwtChBm1pqHg,Lucian,236,True,18,9,24,16851,32554,2747,627,35929,7557,13553,605,21715,6676,3006,3031,6675,3036,1053,0,bolilloboy,y31iEVQSmd0c6byr30rvKuxbdC8HpYwaRIfBTnGRLouHfn7s0rewH0yOvutsQ8DpuJmskKojZpEetA,Veigar,45,True,8,7,30,14798,367,32434,0,32802,8813,17747,1472,28033,3118,3102,6657,3020,3135,0,0,ShallowDream,SRDYje94mT_fYFR7OTzzjl1bkNn7cmHeh55CuNnH6ldjMGL4hE6n-3g2aCMb3NI0Yrf7oWRvlIw6Wg,Hwei,910,True,5,8,37,13928,1156,28436,1064,30657,9378,10282,795,20456,3040,3137,6653,3020,3089,0,2052,Senor Bradford,G-I-W-FPCEX0hHXK-gI_y4jnR0YQZvEMTiM8q3ApU0iDaFcEuHcCQYvUjGSdgo4ALotNodUibOKYHQ,Varus,110,True,9,8,33,14267,36523,5408,1466,43398,7971,9591,869,18432,3042,2031,126697,3158,6694,6676,0,Balkai,UaaAHDMrzSadZEnUtc2TEjGP5jaJQ8MVcULtz1SL1H8OAy6lAHz7EQ2OJwbvBST0YkR0fPD9AeT4ZA,Senna,235,False,13,12,24,15899,19339,592,0,19931,9413,14909,888,25211,3814,3094,3031,3072,1036,3009,2052,actuallyapotato,59rYkD8T2UT6a4REJW3NuCgQ7dJr9FHUp4ukCMoHmqyHntBpaoS81CAuW5BhjahxEGHCBQl0DS5_tg,Brand,63,False,12,15,15,14725,703,27707,3279,31690,22834,35471,1987,60292,3158,3116,3083,6653,3135,1057,2052,Katinka4,5u1OuQR4vRKF7Wfn6FxxPnF4Pic4-FPSAvzJquGYzMPSFuMSEZoLeekzJDwtzrrqkKqmCIxy_uJFOQ,Rammus,33,False,7,10,28,13206,3128,17709,0,20837,20325,16673,1270,38269,3020,3075,2504,2502,8020,3211,2052,Shuckle,wNZrz_iRLQUVnyoil-jSSQ3ZZd7o-bTCyYIDgBqheYtREHcZd0astsVtTKvM5-ORRt5kh9rBdiFR4w,Bard,432,False,6,9,25,12330,3693,19317,265,23275,11737,17003,900,29641,3100,3157,2031,3102,3158,0,0,Montepremi,eHmHofAr3Lq2c55a8_huZdBnzvRWjeO0bn6wj2Vq1BHAgjUtOnRBrlnIXixAOgipl34UxJzcLPldQg,JarvanIV,59,False,9,11,25,15189,16279,985,1185,18450,21890,14269,591,36751,3077,3053,3111,3161,3110,6610,2052
True,Smolder,901,6,8,34,NA1_5045480988,1301,ARAM,1721357970434,HealEason,R7-YJdkIpFEhlYhuh4PcdH95xDrx-Z5U8jAancdKHR7mIQ7bQao5y7T-M_XCckzlexWQTNiuthaAMQ,Karthus,30,False,6,19,19,13719,116,42683,2984,45784,18856,18062,1341,38259,3118,6653,3089,4628,3145,0,2052,rielia,bO6_DaN8CzmG51aCCOJt_9r300vpUlS3ChAZv9mRekrZieR2WOMrqxb4wBbNBLF4PkHPdnZaVmEJpg,Ashe,22,False,7,12,16,15073,29111,3576,1237,33924,11405,14391,876,26672,3085,3153,3006,3302,6672,1037,2052,,Ke2KHjodocOWsYDaC_n3gujutuHvVjEJpY592XlZ1N1yPCXK-nZJSBCAo5_uKtW3xAxvmeJykycz3w,Tryndamere,23,False,5,13,12,12912,20554,2688,1756,24998,34030,27193,4181,65405,3084,3047,3153,3091,3076,0,2052,Gunnybears,6zq5-nNGLFugPntj1rgzqYyV2A3CoS-K3_sGAe7a9cS8AsQc96FDkt1K1Yu2GTouAIg4p68f7co-bg,Zyra,143,False,4,9,18,13686,619,35996,536,37152,5801,15914,643,22359,2503,6653,3116,3165,3020,4630,2052,Pepo,NNpcptx00OaOlxJkHLZEFJ1v0jFVuYE8-0Pnk6IuYCg6NU3ssWxldii_pIZGaNvSEoDgq0ir8uLDww,Pantheon,80,False,7,12,10,15587,25520,610,3147,29278,16144,14633,6540,37318,3156,3047,3044,6333,6610,6692,2052,Balkai,UaaAHDMrzSadZEnUtc2TEjGP5jaJQ8MVcULtz1SL1H8OAy6lAHz7EQ2OJwbvBST0YkR0fPD9AeT4ZA,Smolder,901,True,6,8,34,14778,28172,4755,1276,34204,11610,15292,881,27784,3508,3161,3094,3036,1038,3158,2052,actuallyapotato,59rYkD8T2UT6a4REJW3NuCgQ7dJr9FHUp4ukCMoHmqyHntBpaoS81CAuW5BhjahxEGHCBQl0DS5_tg,Seraphine,147,True,4,5,51,14497,1708,26604,629,28942,10250,12126,177,22555,3040,3116,3158,4629,3089,0,2052,Katinka4,5u1OuQR4vRKF7Wfn6FxxPnF4Pic4-FPSAvzJquGYzMPSFuMSEZoLeekzJDwtzrrqkKqmCIxy_uJFOQ,Belveth,200,True,28,5,19,18403,33379,8164,7919,49463,22576,14388,6416,43381,3111,3091,3057,3153,6333,3044,2052,Shuckle,wNZrz_iRLQUVnyoil-jSSQ3ZZd7o-bTCyYIDgBqheYtREHcZd0astsVtTKvM5-ORRt5kh9rBdiFR4w,Alistar,12,True,10,6,42,15046,3067,21145,1632,25845,38722,31332,1588,71642,2051,3111,3109,2502,3083,6664,0,Montepremi,eHmHofAr3Lq2c55a8_huZdBnzvRWjeO0bn6wj2Vq1BHAgjUtOnRBrlnIXixAOgipl34UxJzcLPldQg,Akali,84,True,17,5,19,15624,1112,29524,603,31240,12843,12413,931,26188,3157,3020,4645,3100,3135,0,2052
True,Morgana,25,19,13,24,NA1_5045691137,1258,ARAM,1721361447024,Chameleongaming,TbeORiut5awuuxpkWULOp7ZgxVqOnZwc3w-J_5N94DAV5j7vHrF-h52D6EOvYmMwMlpT42VzSn98yg,Seraphine,147,False,3,6,31,12002,1234,20496,201,21932,6813,9352,117,16283,3118,3020,6653,3116,1058,0,0,2blu5u,AGNv6gPxMyGjICv3Xl7QKu9mHtFqis7asQVhqLDi8UAk_p-10GFCXY9DMEWPwo8GpikJebTdBm-qew,Azir,268,False,9,13,26,14183,945,40962,1245,43154,17926,12175,1221,31323,6653,3089,3111,3115,3137,0,2052,lolikiller100,Xw1iRdPlqkogD6FkKRd5WSb9lulHmE8NJ4Np1-NvVHjxmisHFPJ6BroUsPuXh3oiXhGoNqzCLjzTmw,Shaco,35,False,14,10,18,15383,12668,7107,1105,20881,18446,9149,294,27890,6676,6610,6662,3009,3031,0,2052,DongleDoogle,3kFZXKdH1f9eRaDbV4Key7UgltWKRPUw-yv2jusLKpbBwWmXLuiA2VNplYwrTcYGIgyqUIDHqQ-dlA,Diana,131,False,4,13,30,12604,4091,19650,1045,24787,23163,13869,844,37877,6665,2420,3068,3115,3047,0,2052,Neej,w4YYsmDVsH6LHAiWr13Cyh_ch9JJQTvgyD7QbIXb-OJcEIvIAtbS32GpfNyVCa93C0mW_wrZePtUhQ,Senna,235,False,13,9,25,16116,32288,0,912,33200,13591,9337,570,23500,6676,3042,3006,3031,3036,1053,2052,Balkai,UaaAHDMrzSadZEnUtc2TEjGP5jaJQ8MVcULtz1SL1H8OAy6lAHz7EQ2OJwbvBST0YkR0fPD9AeT4ZA,Morgana,25,True,19,13,24,16826,795,29546,2020,32361,13497,17105,925,31528,2503,3157,6653,3137,3089,3020,2052,actuallyapotato,59rYkD8T2UT6a4REJW3NuCgQ7dJr9FHUp4ukCMoHmqyHntBpaoS81CAuW5BhjahxEGHCBQl0DS5_tg,Zeri,221,True,16,6,21,18362,26668,6155,294,33118,9630,14644,1145,25421,3072,3006,3085,3036,3031,6675,2052,Katinka4,5u1OuQR4vRKF7Wfn6FxxPnF4Pic4-FPSAvzJquGYzMPSFuMSEZoLeekzJDwtzrrqkKqmCIxy_uJFOQ,Nocturne,56,True,4,11,24,12751,23220,462,0,23683,9671,13282,491,23445,126697,3111,6698,6696,3134,0,2052,Shuckle,wNZrz_iRLQUVnyoil-jSSQ3ZZd7o-bTCyYIDgBqheYtREHcZd0astsVtTKvM5-ORRt5kh9rBdiFR4w,Thresh,412,True,3,6,28,12532,1233,11421,420,13074,14354,22657,417,37429,2051,1057,3109,2504,3083,3047,0,Montepremi,eHmHofAr3Lq2c55a8_huZdBnzvRWjeO0bn6wj2Vq1BHAgjUtOnRBrlnIXixAOgipl34UxJzcLPldQg,Viego,234,True,9,7,21,15579,18760,6299,312,25372,13424,20526,1563,35515,6610,3111,3181,3153,6333,1037,2052
True,Malphite,54,5,15,48,NA1_5045576237,1673,ARAM,1721359555481,MarlboroLight,G-B5_r9NhESTp36rQPVqMrfc-TpgV_caNsE0QBK7o2CdFXB5A1V5Xtgduol6OX-OzGvFRUEnF617fQ,Anivia,34,False,13,14,27,20072,1135,43122,2032,46290,22144,20640,9752,52538,3040,6665,3118,3165,6653,3083,0,Barka,Ijje_eaXpU1HcmAExdjLPmHDfPkJJdGX25BuRrJyStYevEug7LfmBzd4BBW97HsjxjTNwUTy-3gVjA,Sylas,517,False,14,16,31,18422,927,50113,2969,54009,29542,30538,5563,65643,3110,6657,3157,3100,3065,4645,2052,ZÜG,mRzbWyYNcTUruHv_1LP9UxWXmdI00uDabfOhk4RIZ4evalqDQO-40IFho147C2p9F1SGVvibWccuIg,Akali,84,False,14,15,22,17824,6565,43014,773,50354,24067,37239,6851,68157,3084,3157,3089,4633,3020,3135,2052,eatnowfightlater,YBrJzjxoly8N-m8AI-3FT7oABeZWJqgOWJKIfxvbmifA_icwDZJLOEpqyvSLGWf94BCRKowRGC8vLA,Sett,875,False,2,18,33,16007,38046,2346,8873,49266,40421,48535,7093,96051,3084,3111,3083,2501,3053,2021,0,Unslept,Qv2A9MKTNP72EN_rq1pxSRDe1fe4ItC3i9WLI8H_7t8xi_Qc8x1QLW_abKPXqPBdGfykEsOiQWHE7w,Irelia,39,False,19,18,27,23446,53826,17198,2994,74019,34105,30459,20219,84784,3078,6333,6610,3153,3071,3053,0,Balkai,UaaAHDMrzSadZEnUtc2TEjGP5jaJQ8MVcULtz1SL1H8OAy6lAHz7EQ2OJwbvBST0YkR0fPD9AeT4ZA,Malphite,54,True,5,15,48,16264,15621,22193,3265,41080,31718,35554,7709,74983,3075,6665,2502,3084,8020,3111,2052,actuallyapotato,59rYkD8T2UT6a4REJW3NuCgQ7dJr9FHUp4ukCMoHmqyHntBpaoS81CAuW5BhjahxEGHCBQl0DS5_tg,Lillia,876,True,16,14,57,20389,2168,71057,20845,94072,26731,40403,3461,70595,6653,3020,3165,4633,3065,3157,2052,Katinka4,5u1OuQR4vRKF7Wfn6FxxPnF4Pic4-FPSAvzJquGYzMPSFuMSEZoLeekzJDwtzrrqkKqmCIxy_uJFOQ,Corki,42,True,21,15,32,21101,43374,13774,8755,65905,19344,21168,1328,41842,3042,3078,3031,3158,3094,3072,2052,Shuckle,wNZrz_iRLQUVnyoil-jSSQ3ZZd7o-bTCyYIDgBqheYtREHcZd0astsVtTKvM5-ORRt5kh9rBdiFR4w,Bard,432,True,17,10,54,19628,8769,56384,4081,69235,17236,20138,2036,39411,3100,3157,4629,6653,3158,3137,0,Montepremi,eHmHofAr3Lq2c55a8_huZdBnzvRWjeO0bn6wj2Vq1BHAgjUtOnRBrlnIXixAOgipl34UxJzcLPldQg,JarvanIV,59,True,22,10,48,22798,64272,4002,3763,72039,23572,38530,3107,65209,6610,2501,3161,3053,6665,3075,2052
True,XinZhao,5,7,14,18,NA1_5056174340,1423,ARAM,1721704771632,Gangnam Beauty,OmzkqcF56Urj7kxiZSsakQ2h19F5Y35nAjR5QWpcx1hDTeIY8aq57e-Hb4P4mrlg3dRr_ISS9Oj1oA,Gangplank,41,False,10,10,22,16634,32336,6816,6289,45441,16113,20804,1168,38086,3508,6676,3158,3031,3078,3035,0,Faeries,1p7c-qgEoecMJ-sREAnE_niwV6HxuhuFrGy02Ur93PoDV3iOLSOFbqTtqSwF63CfZduyMU_OaNPzEw,Janna,40,False,0,6,40,13396,766,8652,162,9581,10573,16365,1346,28286,4005,3107,3158,6621,6617,3114,0,Bnetslayer,WWGCLpYYepVmXl5pjcB3alT2v6nP7HnIwCLC0N1iOM-NjQ1nIcGc-HH8aU1iJ1qTFdDlmUnN-hOHAQ,Chogath,31,False,13,13,26,15384,6507,23137,8051,37696,47137,32804,3621,83562,3084,3111,3083,3075,2504,6660,2052,W1lls,kvq1b1EEESWeooV3cqaZjN9_OL6ev1g2PQW1CzFNszOInbKKAQXUUTGjHE7JEaPlADYbSaNOcDDr4Q,Jhin,202,False,24,10,17,19517,50781,1571,164,52516,10518,17768,1658,29944,6676,3111,6696,6694,3814,3031,2052,21Oscar,9G1fj6sSz7KzzmBYt55RTesbQbxNsBIPNMpItC_ud1hHHYS17ueC5EYyGSgbJ657YwglLbQyndUmWA,Orianna,61,False,3,10,38,15715,611,40850,0,41461,12180,12646,1127,25954,6655,3020,4645,3165,3102,1058,2052,Balkai,UaaAHDMrzSadZEnUtc2TEjGP5jaJQ8MVcULtz1SL1H8OAy6lAHz7EQ2OJwbvBST0YkR0fPD9AeT4ZA,XinZhao,5,True,7,14,18,14805,21920,1774,1701,25396,35865,23766,7958,67589,6610,6665,3083,3053,0,3047,2052,actuallyapotato,59rYkD8T2UT6a4REJW3NuCgQ7dJr9FHUp4ukCMoHmqyHntBpaoS81CAuW5BhjahxEGHCBQl0DS5_tg,Annie,1,True,19,14,25,18108,412,49089,1268,50769,14381,18523,2486,35390,3118,3135,3158,6653,3089,3157,2052,Katinka4,5u1OuQR4vRKF7Wfn6FxxPnF4Pic4-FPSAvzJquGYzMPSFuMSEZoLeekzJDwtzrrqkKqmCIxy_uJFOQ,Kindred,203,True,12,7,24,18754,58342,7808,1363,67514,17791,18229,1198,37219,3006,3036,1037,3031,3094,3072,2052,Shuckle,wNZrz_iRLQUVnyoil-jSSQ3ZZd7o-bTCyYIDgBqheYtREHcZd0astsVtTKvM5-ORRt5kh9rBdiFR4w,Milio,902,True,1,7,36,13554,1566,6262,281,8110,14139,10844,2357,27341,2065,3107,3190,6617,3158,3109,2052,Montepremi,eHmHofAr3Lq2c55a8_huZdBnzvRWjeO0bn6wj2Vq1BHAgjUtOnRBrlnIXixAOgipl34UxJzcLPldQg,Zoe,142,True,10,8,17,16036,1793,35455,4307,41556,16422,9663,667,26753,6655,4630,3020,3100,3089,0,2052
False,Brand,63,8,12,19,NA1_5045853007,1148,ARAM,1721364282853,Balkai,UaaAHDMrzSadZEnUtc2TEjGP5jaJQ8MVcULtz1SL1H8OAy6lAHz7EQ2OJwbvBST0YkR0fPD9AeT4ZA,Brand,63,False,8,12,19,12617,506,24267,1335,26109,13335,15081,665,29082,2503,3116,3020,6653,4630,1026,2052,actuallyapotato,59rYkD8T2UT6a4REJW3NuCgQ7dJr9FHUp4ukCMoHmqyHntBpaoS81CAuW5BhjahxEGHCBQl0DS5_tg,Zilean,26,False,0,6,23,10613,548,6640,0,7189,8464,11024,1042,20531,3040,3158,3118,3083,3067,0,2052,Katinka4,5u1OuQR4vRKF7Wfn6FxxPnF4Pic4-FPSAvzJquGYzMPSFuMSEZoLeekzJDwtzrrqkKqmCIxy_uJFOQ,Rammus,33,False,12,9,12,13143,2992,17905,0,20897,24545,19690,1207,45443,3111,3075,3083,6664,1031,1028,2052,Shuckle,wNZrz_iRLQUVnyoil-jSSQ3ZZd7o-bTCyYIDgBqheYtREHcZd0astsVtTKvM5-ORRt5kh9rBdiFR4w,Orianna,61,False,4,7,23,12280,763,15726,0,16489,7991,9382,382,17757,6655,3089,3020,3137,0,0,2052,Montepremi,eHmHofAr3Lq2c55a8_huZdBnzvRWjeO0bn6wj2Vq1BHAgjUtOnRBrlnIXixAOgipl34UxJzcLPldQg,Leblanc,7,False,10,7,9,13109,10852,6530,125,17507,11880,9176,487,21543,6699,3006,3031,3094,6675,0,2052,Fette Schlampe,Z6ZQ8qE3Cr7bjg4beNgfrxGITerkPxNRxnefthO2aicDbpjh8-2IEI2a--PS-lZ14ZMSiy8l1YQ-Hg,Smolder,901,True,4,5,15,12712,16499,5379,0,21878,5231,12795,320,18348,3158,3508,3161,6653,1053,0,2052,Shanck,dUZNRCBRUZTQ_js6rYddv0SELDMY42ManMD362QO22yPRn0_6XfpCrCDsahwtKgFPW4y3KsWZO6b1Q,Yone,777,True,9,5,17,12903,16600,6571,2073,25245,5447,13992,235,19675,2051,0,6665,3006,6662,3153,2052,TFB Caster,Fuq5uIwwHxg9RKpdDdRuDIR1ZmsnzIUl0iyOJN9R6SIkKuDeiCQlUo8hFSz1cAjY8aE6ltwt2OCzhg,Kaisa,145,True,12,6,12,13955,7733,20113,0,27846,3013,11205,181,14399,3070,4645,3020,3087,3124,1043,2052,PrincessBubbless,l2FIFdAsGGYxmdZF8v2CgmvvTVDszli1JGtBICJmCht-5pEqe2OAKIlsJR0go4F2GCw24PElrF7lZw,Annie,1,True,10,9,25,13523,436,30873,1277,32587,2973,15662,296,18932,3118,3020,2503,3116,6653,1058,2052,bFHUGEvNl8,qLYKSuH_WWoNigLf5XWyIephAfLjK6V7DfxgpifQbXG6Kfxeh5D2v4ImUVt8czO8zE2bBdSrzqxnOQ,Yasuo,157,True,6,9,14,12710,15191,1418,435,17044,7427,17414,426,25268,3153,6675,1057,3111,3031,1043,2052
True,Sivir,15,4,9,23,NA1_5056105727,1149,ARAM,1721703445918,Riot King Cobra,FAc95GGSouoIWH-eQkojxawAcLz6k3dne5QwCHLQ_Nze6JrBremMl8LXBI-LTpbYp-2oASPQDEYuAg,Ashe,22,False,8,8,18,13855,17345,1824,0,19169,10785,9549,412,20748,3006,6672,3153,3091,3072,0,2052,W1lls,kvq1b1EEESWeooV3cqaZjN9_OL6ev1g2PQW1CzFNszOInbKKAQXUUTGjHE7JEaPlADYbSaNOcDDr4Q,Lulu,117,False,2,3,30,11384,263,5288,0,5551,5719,5487,342,11549,3112,3070,6617,3158,1026,1004,2052,ninja4152,TprqGvhm61kzA4F6tklKYy9yf1AqK7FnVaH5czyfh3caRM8XRUAg2cjtPjUveb5MKZoOfmecI73wNg,Ahri,103,False,13,7,19,13896,843,23000,8920,32764,9041,9945,450,19437,6655,3089,3020,4646,4645,0,2052,secuoithaongoc,OMLV3yaCW67i0F7aaOQXK4aV1SAIwtMovURf_mqy2qlzSODY4pJEadKRaScKxmge43snTN8PTZfALg,Zeri,221,False,8,9,18,13979,15971,4856,45,20872,11319,10874,379,22573,3072,6672,3085,3006,3748,0,2052,Bnetslayer,WWGCLpYYepVmXl5pjcB3alT2v6nP7HnIwCLC0N1iOM-NjQ1nIcGc-HH8aU1iJ1qTFdDlmUnN-hOHAQ,Sett,875,False,5,7,12,11644,9081,430,3502,13014,16615,17550,778,34944,2501,3111,3075,3083,3211,0,2052,Balkai,UaaAHDMrzSadZEnUtc2TEjGP5jaJQ8MVcULtz1SL1H8OAy6lAHz7EQ2OJwbvBST0YkR0fPD9AeT4ZA,Sivir,15,True,4,9,23,13245,16687,0,0,16687,8766,8906,3607,21280,3508,3031,6675,1036,0,3006,2052,actuallyapotato,59rYkD8T2UT6a4REJW3NuCgQ7dJr9FHUp4ukCMoHmqyHntBpaoS81CAuW5BhjahxEGHCBQl0DS5_tg,Leblanc,7,True,10,9,10,12671,355,19084,991,20431,10620,8041,1574,20236,6655,3020,4645,3135,0,2031,2052,Katinka4,5u1OuQR4vRKF7Wfn6FxxPnF4Pic4-FPSAvzJquGYzMPSFuMSEZoLeekzJDwtzrrqkKqmCIxy_uJFOQ,Corki,42,True,9,6,14,13938,17822,7792,1136,26751,7582,5558,2478,15619,3111,3042,3031,3094,3035,1018,2052,Shuckle,wNZrz_iRLQUVnyoil-jSSQ3ZZd7o-bTCyYIDgBqheYtREHcZd0astsVtTKvM5-ORRt5kh9rBdiFR4w,TwistedFate,4,True,6,6,21,12598,1741,24433,0,26175,12045,7165,1988,21199,6657,3111,3094,6653,3057,0,2052,Montepremi,eHmHofAr3Lq2c55a8_huZdBnzvRWjeO0bn6wj2Vq1BHAgjUtOnRBrlnIXixAOgipl34UxJzcLPldQg,LeeSin,64,True,5,6,22,13152,9024,2096,235,11355,10184,5726,2819,18730,6692,3111,6610,3053,3134,0,2052
True,KogMaw,96,2,8,20,NA1_5037506592,858,ARAM,1720759495257,Wisconsìn,Bn6zdpX7tS321tg1QPMZoSc4zLBZYfsUigDN1pKGr7mZT2mu-KzctJzEjGnASOc7knjUD9XMUxQh6w,Nami,267,False,4,6,18,9215,265,7854,0,8120,2810,8165,1029,12005,4005,6617,6616,0,0,3111,2052,Dr Kris P Bacon,D8xzO4XGWuV9xS2aq7fV8guqC6zfELfNpWdf4zKWCMHSLgTbGl0EL7-9IdiOMbvUNRiJP2MvHE9ktA,Kindred,203,False,1,8,12,8878,4838,3762,664,9266,5588,11535,671,17794,3006,3153,3085,1018,1038,0,2052,LOLBLOWS,jR1XKRTQEY_zwFoLaqWzzjzXVWSXllw8NPS0ASjSK6FFBvYuSntp80EoICcfhHK1SjA8JsVgIjdVug,LeeSin,64,False,8,8,5,10175,7777,3464,425,11666,7322,9455,764,17542,6692,3111,6610,1037,1036,1028,2052,ult me step bro,Cf4SDm5cj_uULUkihUUknhDFtaodZPAlP9SPnUSGzCJK6yEU1-hFaOvswPETyJhLHb7NCtGrK1woNw,Zoe,142,False,7,6,9,10029,1150,20059,1362,22572,3298,8569,1415,13283,6655,4645,3020,4628,0,0,2052,rr3qyh,x7QaNU-VRaUeQ9GwIgvXHpaxUWgVly7RToECLU2nLDvku9_woUQBuqlalwlUb1gCRuAd-lVdkLbtzw,Anivia,34,False,5,3,11,10288,392,13367,1066,14826,5537,8647,1701,15885,3040,6657,2031,3020,1052,0,2052,Just Shen,FHP-LpjWlJJjr-XEV3LGjg3YMrh9rxX7PxBeKDUvJ0yp-WSn7fzN3POUHf-Hcz8frbzYKJw_aqfjkw,Hwei,910,True,11,4,18,10791,367,22523,769,23659,2199,7780,542,10521,6655,3020,4645,1058,0,0,2052,Balkai,UaaAHDMrzSadZEnUtc2TEjGP5jaJQ8MVcULtz1SL1H8OAy6lAHz7EQ2OJwbvBST0YkR0fPD9AeT4ZA,KogMaw,96,True,2,8,20,9224,2936,5499,3126,11562,3858,9640,496,13994,3006,3153,3124,1057,0,0,2052,actuallyapotato,59rYkD8T2UT6a4REJW3NuCgQ7dJr9FHUp4ukCMoHmqyHntBpaoS81CAuW5BhjahxEGHCBQl0DS5_tg,Corki,42,True,12,5,13,11726,14285,5042,1223,20552,3230,8687,634,12552,3078,3111,3508,3134,3035,0,2052,Katinka4,5u1OuQR4vRKF7Wfn6FxxPnF4Pic4-FPSAvzJquGYzMPSFuMSEZoLeekzJDwtzrrqkKqmCIxy_uJFOQ,Sejuani,113,True,4,4,16,8959,5328,2053,130,7511,11618,12843,1212,25674,2051,3083,2502,3111,1033,0,2052,Shuckle,wNZrz_iRLQUVnyoil-jSSQ3ZZd7o-bTCyYIDgBqheYtREHcZd0astsVtTKvM5-ORRt5kh9rBdiFR4w,Morgana,25,True,2,5,20,8483,328,11252,425,12006,1933,9557,724,12214,3070,2421,6653,3158,1058,0,2052
True,Zyra,143,6,15,31,NA1_5042726496,1658,ARAM,1721277866097,Balkai,UaaAHDMrzSadZEnUtc2TEjGP5jaJQ8MVcULtz1SL1H8OAy6lAHz7EQ2OJwbvBST0YkR0fPD9AeT4ZA,Zyra,143,True,6,15,31,17149,1076,40051,2081,43209,11043,15888,7940,34872,2503,3165,3020,6653,3137,3089,2052,actuallyapotato,59rYkD8T2UT6a4REJW3NuCgQ7dJr9FHUp4ukCMoHmqyHntBpaoS81CAuW5BhjahxEGHCBQl0DS5_tg,Senna,235,True,8,10,36,18193,56405,867,30,57302,11614,15102,3629,30347,3814,3009,3094,3036,3031,1036,2052,Katinka4,5u1OuQR4vRKF7Wfn6FxxPnF4Pic4-FPSAvzJquGYzMPSFuMSEZoLeekzJDwtzrrqkKqmCIxy_uJFOQ,Amumu,32,True,9,12,27,17003,2392,15785,3490,21669,22794,18740,5770,47305,3111,2502,3110,6665,6664,8020,2052,Shuckle,wNZrz_iRLQUVnyoil-jSSQ3ZZd7o-bTCyYIDgBqheYtREHcZd0astsVtTKvM5-ORRt5kh9rBdiFR4w,Bard,432,True,9,10,36,17270,4318,31458,2238,38016,14638,19673,6360,40671,3100,2421,2031,4629,6653,3158,0,Montepremi,eHmHofAr3Lq2c55a8_huZdBnzvRWjeO0bn6wj2Vq1BHAgjUtOnRBrlnIXixAOgipl34UxJzcLPldQg,Azir,268,True,23,6,20,23390,487,51376,1269,53133,10784,11220,2398,24403,3157,3020,3135,6653,4645,3115,2052,Stormyy,ca6SvLtNpak9rlGoLqZKLdfEZ5H6xzOFduqNOO1SdoaQkh1orb-2ACpsEpXwnBdSbc_1UkoM4VPBmQ,Katarina,55,False,14,13,19,17776,14006,19091,2853,35951,23984,34992,2852,61829,3084,3748,3091,3111,3302,2501,2052,DarkSkinSweetie,hqE9-Alevrfm_yOoPkX09IuRz9RzHBEKsObhNev6S-dV2-CVCAqnpJHzQxbtpvPKvXqB-lMZLQ-TpA,KogMaw,96,False,15,10,25,21900,19764,26658,4729,51152,8945,20104,777,29827,3172,3124,3153,3091,6672,3302,2052,glizzy sauce,VPkfO3KqMgTB_mtizpbwS3ep_zStNrD8zSlOmS5VfLJ-0QN4Eid5CVtQ5oWAWYhnMMH8r1u7fFqvdQ,Darius,122,False,17,8,12,18301,26578,0,8424,35002,20060,25749,1935,47745,2504,6699,3143,3053,6610,3111,0,chichuBlingbling,olMAMReOdXoU0cUOaMguP0-QQ35INYvfwkd1iMi3I8-tkLsawUA1n3bH7dQ5wLSm3eCBfXx6o8aVDQ,Ahri,103,False,5,11,25,17966,1124,21584,8412,31120,6301,26213,690,33205,3118,4645,3157,3089,3137,3020,0,Eighttt,3Sr8xFf0v9C-oCF-V5jdLKreYzxacWZEY9crExrUss2FoiYfqJYc94N7N5WWlSKWq9tWv4h_zfDVhw,Rakan,497,False,2,13,41,15721,1305,13290,1775,16370,26247,32478,2948,61675,3121,1057,6665,3083,2504,3111,0
True,Rumble,68,10,12,21,NA1_5037484267,952,ARAM,1720757261606,acz001,-K5mMl8lACsYesfHf3YJ-9EHvequKEXBir1MP9aTUidBrUD9Ac2DffMZeou9-wEW-TmgfqnEuJ5Inw,Gangplank,41,False,12,9,16,12745,19621,4399,5557,29579,8199,15307,442,23949,3078,6676,3158,3031,1036,1036,2052,T1 GUMAYUSl,cl5xXFoafyakypazoQ3_bBxjgReMVxw69nRsXlNSlEqOwcjKFdmwq9m2WBaEOFDrJyGOd5Oso-yr4w,Ezreal,81,False,15,7,13,13157,28437,8724,0,37161,9874,9052,698,19626,3078,3042,3111,6694,1036,0,2052,KivsNBits,30qPqjJgMc7mLsKyPxHTlAq7GiL72RRmLOEnPm2uH_OB6deluFAdficjqWDT0F5Vguv-Jj3wvkrB0g,Quinn,133,False,7,12,18,11880,28880,0,357,29238,10493,11636,848,22979,6676,3111,3031,3036,0,0,2052,rubberice,PCd6yDS2cIbxUtDnjrEWBYmDeGutsVbCJn0HqbAE8ZTdDIp6TjfxPeVlfrKpYpPdBg4qo_qenamwQw,Brand,63,False,5,9,24,10792,193,24637,671,25501,6306,11765,1181,19253,3118,3165,6653,3111,3108,1052,2052,Rule 76,5kbBAROiko3zi1b1gzObS817U_XzEqOvDVrAkm--gAoZjN2VGY2lTfMUn5o760PaPo33oRe11p9S3Q,Alistar,12,False,0,10,26,9007,5088,11371,640,17099,20735,18107,866,39709,3121,3084,1028,3047,1057,1031,2052,Balkai,UaaAHDMrzSadZEnUtc2TEjGP5jaJQ8MVcULtz1SL1H8OAy6lAHz7EQ2OJwbvBST0YkR0fPD9AeT4ZA,Rumble,68,True,10,12,21,11273,1244,25686,1387,28318,17609,7007,546,25162,6653,4645,3089,0,0,3020,2052,actuallyapotato,59rYkD8T2UT6a4REJW3NuCgQ7dJr9FHUp4ukCMoHmqyHntBpaoS81CAuW5BhjahxEGHCBQl0DS5_tg,Yorick,83,True,9,6,23,13091,17236,9149,0,26385,15867,9857,486,26211,2051,2031,3158,6694,6701,6698,2052,Katinka4,5u1OuQR4vRKF7Wfn6FxxPnF4Pic4-FPSAvzJquGYzMPSFuMSEZoLeekzJDwtzrrqkKqmCIxy_uJFOQ,Blitzcrank,53,True,4,7,24,10106,4476,7420,740,12637,19165,9119,3401,31686,3158,3121,3077,2051,3083,1036,2052,Shuckle,wNZrz_iRLQUVnyoil-jSSQ3ZZd7o-bTCyYIDgBqheYtREHcZd0astsVtTKvM5-ORRt5kh9rBdiFR4w,Trundle,48,True,16,4,25,14212,23013,6268,920,30202,28617,15107,2843,46568,3083,3047,0,6610,2502,3065,2052,emptyxknight,rvoAGTRqsoTRSYl8NDcqEeKd7w-iPFBl0wa1yIVI69OO2w-Y_0SkDxZVhaFrXL3Vy1EBJwEGTL3D8Q,Maokai,57,True,8,10,28,11928,1433,17344,990,19768,14938,8041,1949,24930,3118,3020,3067,3137,3100,3108,2052
False,Twitch,29,4,12,31,NA1_5037495573,933,ARAM,1720758420252,BanBrigitte,k1gLRqwiNkRRds1rlSO98wFu3baqO7_vzKVvgE9HTYBji_30md_rkGN_ggdmu-E4EuoscPFHXr0fVQ,Volibear,106,True,2,10,29,10028,6501,16484,962,23949,16874,15501,1247,33623,6657,3111,6675,1006,3024,3082,2052,Lifes Twagedy,T3ApXRM5Hsw1ILzubE90n8i55H1sP-KkqZuFw4YdGRVXX0MKLI9dJPBj0hu7YVaKzVyeeoGLWZ7wYQ,Jhin,202,True,19,7,21,15251,30030,1117,301,31450,4627,12258,865,17751,6676,3031,3009,3036,3094,0,2052,MergedKrypton,pbEF7vHiZzVpQmJ6QMpx4eNGQ_QdBTu-bQX7rmUL3l-4ithY_i7ECK6f7FpmdkpG1WB5aOj7lRErxw,Quinn,133,True,10,9,24,12568,19509,0,18,19528,9120,11936,640,21697,6698,6676,3111,6699,1036,0,2052,MxPhiroth,ZTMAl9wJED9SsOFQbjEVK3nOoXI4HV90jhcy9HOjmPMBvIhLjk8eUqgA4cAbf-_zblnXkCusUSFdqg,Ryze,13,True,3,5,31,10634,1031,22171,0,23202,7597,12622,233,20454,6657,3040,3111,3211,1057,0,2052,Chicago Loop,Yq5QEVvdrDotBw8JkpfvbaxbLgfStnNjLRjx9ieNBA8ZrajUhJr38JxcVxTaeWJjm2xCIYsRkT-VKA,Corki,42,True,15,12,22,13126,15810,4265,2734,22811,6866,13064,557,20488,3042,6676,3031,3111,3035,1018,2052,Balkai,UaaAHDMrzSadZEnUtc2TEjGP5jaJQ8MVcULtz1SL1H8OAy6lAHz7EQ2OJwbvBST0YkR0fPD9AeT4ZA,Twitch,29,False,4,12,31,10303,21408,20,2773,24202,17659,4629,605,22894,3006,3153,3085,1018,1037,1038,2052,actuallyapotato,59rYkD8T2UT6a4REJW3NuCgQ7dJr9FHUp4ukCMoHmqyHntBpaoS81CAuW5BhjahxEGHCBQl0DS5_tg,Aatrox,266,False,9,8,17,10758,12796,3047,0,15844,16849,15777,1135,33762,0,3076,3161,3047,1037,3143,2052,Katinka4,5u1OuQR4vRKF7Wfn6FxxPnF4Pic4-FPSAvzJquGYzMPSFuMSEZoLeekzJDwtzrrqkKqmCIxy_uJFOQ,Rammus,33,False,3,10,22,9222,1591,10712,0,12303,15659,12412,1129,29201,3047,3075,3083,3067,1057,0,2052,Shuckle,wNZrz_iRLQUVnyoil-jSSQ3ZZd7o-bTCyYIDgBqheYtREHcZd0astsVtTKvM5-ORRt5kh9rBdiFR4w,Karthus,30,False,18,12,19,13758,72,31407,968,32448,16371,7451,936,24760,3118,3135,3020,6653,3089,0,2052,Ddan D,BFB1xdanKPKtGF16AHsmfEtXRRSmvx3nBvhqcI-T2zYIkAD1Qmuj-dPn9m77MSxe__gqqB1T8fnwbw,Seraphine,147,False,9,7,26,11570,580,20195,0,20776,10946,3768,407,15121,3040,3158,3116,3118,3108,4630,2052
False,Ezreal,81,15,9,19,NA1_5042437972,1280,ARAM,1721273099031,Balkai,UaaAHDMrzSadZEnUtc2TEjGP5jaJQ8MVcULtz1SL1H8OAy6lAHz7EQ2OJwbvBST0YkR0fPD9AeT4ZA,Ezreal,81,False,15,9,19,15348,34747,16011,354,51113,9910,13706,1917,25534,3078,3042,6694,3161,1038,3158,2052,actuallyapotato,59rYkD8T2UT6a4REJW3NuCgQ7dJr9FHUp4ukCMoHmqyHntBpaoS81CAuW5BhjahxEGHCBQl0DS5_tg,Gnar,150,False,9,9,24,15106,30820,5623,1332,37776,20702,25298,1994,47995,2051,3111,3078,3053,6665,1011,2052,Katinka4,5u1OuQR4vRKF7Wfn6FxxPnF4Pic4-FPSAvzJquGYzMPSFuMSEZoLeekzJDwtzrrqkKqmCIxy_uJFOQ,Diana,131,False,14,13,20,15494,4528,43105,1567,49202,14555,18817,1741,35113,3020,3152,3157,3065,3115,4630,2052,Shuckle,wNZrz_iRLQUVnyoil-jSSQ3ZZd7o-bTCyYIDgBqheYtREHcZd0astsVtTKvM5-ORRt5kh9rBdiFR4w,Seraphine,147,False,6,12,32,13158,1865,27637,187,29690,10155,17589,1388,29134,2503,3116,6617,3916,6653,3158,2052,Montepremi,eHmHofAr3Lq2c55a8_huZdBnzvRWjeO0bn6wj2Vq1BHAgjUtOnRBrlnIXixAOgipl34UxJzcLPldQg,KSante,897,False,5,8,21,12779,13919,3603,1509,19032,14601,22684,1549,38835,2051,3009,6665,6664,6662,3211,2052,FaithAAAAAAAshe,HUmU9IRg1QY2l1wN4yC2oT0reLGrSEzDaY8NkXbZkMv6Qqivr6sykl2kM5EgM_Mkb8hSrctBOVTdsA,Varus,110,True,13,11,24,15985,26642,13618,0,40260,11727,14149,575,26452,3035,126697,3006,3091,3124,3153,0,Nakanoo Nino,w9mKPH_lONu3PNP7YEs3XtNJ_6ouihyTgsdBgkKQ0kWwgb2WBG_WeU2dmrzUAYv7kbopEAOM5XQnHw,Cassiopeia,69,True,11,8,30,16626,517,47373,0,47891,14427,18923,3520,36871,6657,3157,3802,6653,3116,3040,2052,ParkHyoMin,wbrQPHU2NeD9AFe6u5-NuejHX23o68RZvvGRZVkUFlR23T77_USQeof4FmptYfs9wH81VWrl-qExkg,Pyke,555,True,19,8,27,18688,20451,0,7015,27466,14695,10987,2713,28397,3110,3156,3111,6333,6696,8020,2052,St Alan,L3nCM002QHNRznia_DvZ0PIKGyXBCS5eoENcoBv-AXQjVAiHMX4soDwc8VCnLRyn8T1DJasLt_qu1w,Swain,50,True,2,12,35,14228,1923,26159,0,28082,33100,31405,3269,67775,3121,3116,6653,3047,3076,1011,2052,A Plump Cat,3ySE7zY4egVPhb1Q79AmsQC3WsaHJa24P1FsKlK1y1gFxivjJLW02CsF-gSbrHegTFCht35PGdtNOw,Shyvana,102,True,6,10,26,13555,8115,10945,1576,20637,37368,20515,177,58061,3748,3111,6662,3083,3084,0,2052
True,Sion,14,1,1,0,NA1_5042525429,103,ARAM,1721274744984,XerxesMindbreakr,zT_Tc0WY_RBdEjUoR-As1B4OKe5AApe3AMzfYl83pPSRUa6-mbtEyVB0T3KprtoQFBWonANBs_dBEQ,Nautilus,111,False,0,0,1,1719,190,606,25,822,75,0,0,75,2051,1001,2031,0,0,0,2052,rtttyttw,EBHd4geXWuOY4lo9trMpFBqsLSaHt44Y0RFDnqaiVnvzMuTUJRFgTXz6qBAq0M46ekgvAF6l69k_SA,LeeSin,64,False,0,0,0,1661,0,0,0,0,0,0,0,0,0,0,0,0,0,0,2052,wondermakca,9wKiToIFf8gWb_icOUVD8f4qs_cK_ZIi2bygrcHGBZQqfWbeV_TRWcqLBiUxWjo6AkdR__jtNMB8Pg,Sylas,517,False,1,1,0,1883,0,791,35,827,336,516,88,941,3145,1001,0,0,0,0,2052,wondermak,5Okp6T4dykyuQPXLbuDvGgWUSkErathNs6NGQolZapFVEiUQusa09qF3oS7YKIq2HN1QPbx_OGuXVA,TwistedFate,4,False,0,0,1,1797,324,354,0,678,493,114,0,607,3144,1036,2031,0,0,0,2052,vne,TEED_bK4neJm8dFTiawk0Z-QLvZLorXO9pxdYhGJA7q6WbpUZ37O2D96Z5Sj1UYdtw4rs3YZakslnA,Brand,63,False,0,0,1,1757,33,1185,13,1232,197,0,0,197,3802,0,0,0,0,0,2052,Balkai,UaaAHDMrzSadZEnUtc2TEjGP5jaJQ8MVcULtz1SL1H8OAy6lAHz7EQ2OJwbvBST0YkR0fPD9AeT4ZA,Sion,14,True,1,1,0,2026,104,77,25,206,266,1476,74,1817,1011,0,1028,0,0,0,2052,actuallyapotato,59rYkD8T2UT6a4REJW3NuCgQ7dJr9FHUp4ukCMoHmqyHntBpaoS81CAuW5BhjahxEGHCBQl0DS5_tg,Zeri,221,True,0,0,0,1754,159,0,0,159,97,458,0,556,3006,1042,0,0,0,0,2052,Katinka4,5u1OuQR4vRKF7Wfn6FxxPnF4Pic4-FPSAvzJquGYzMPSFuMSEZoLeekzJDwtzrrqkKqmCIxy_uJFOQ,Varus,110,True,0,0,1,1790,385,20,13,419,0,250,0,250,1001,3184,2031,0,0,0,2052,Shuckle,wNZrz_iRLQUVnyoil-jSSQ3ZZd7o-bTCyYIDgBqheYtREHcZd0astsVtTKvM5-ORRt5kh9rBdiFR4w,Trundle,48,True,0,0,1,1765,332,0,50,382,239,532,0,771,2051,1001,2031,0,0,0,0,Montepremi,eHmHofAr3Lq2c55a8_huZdBnzvRWjeO0bn6wj2Vq1BHAgjUtOnRBrlnIXixAOgipl34UxJzcLPldQg,Leblanc,7,True,0,0,1,1879,100,533,0,633,0,219,0,219,3802,2031,0,0,0,0,2052
True,Lissandra,127,12,9,31,NA1_5042371121,867,ARAM,1721272032616,capinkinky,_8eIrJRdwC97Af11mEW3URMD8JDZQenTMV7BdlLzfwJiiwpMdomjj01Ci0WPUo2X3YromWpcRB3-Zw,Seraphine,147,False,13,7,22,11883,1709,31062,621,33393,5309,9469,1054,15834,3118,3020,3116,6653,3916,3108,2052,DXeastevil,9J7xy44NToifChR24G_E54JIcdSADSDcWEhwUnYRQyLE12zrOI-s_V8ZIv9oDpDAGgiLSdTN_eRUPQ,Leblanc,7,False,10,11,16,10939,888,20197,1983,23069,11107,7731,830,19669,3020,6655,4645,3102,0,0,2052,Ironmaw,bMVxhuDQvo0OIkdsgbEdRH80KE28s9W4_BOkpJO0hKpkpHPFrLCKsNKDJIEm_BgaqqCSCZOFFs5WJQ,Olaf,2,False,4,15,18,8808,11657,435,3160,15253,18764,11152,449,30366,3111,3053,3074,3082,0,0,2052,Waggypants,RP-ViExEAxSt9PlAjgWFhTJYk9wTu21rsyGmzRliL-ma8uBmAPmMAX4xgRfv6cYp82rgpATLJcG0mQ,Zeri,221,False,7,10,19,11463,16800,10527,535,27863,9758,9891,819,20469,3087,3006,3085,3031,1036,1036,2052,subahoshi,FOomS-s7XKa149mIhCXIV5Id6Bj2gNjvpOOZRHB60xwzb3ynJPqUjh-Avr_w14Uf6IbwZa4RxfviYA,DrMundo,36,False,5,8,24,10202,6159,11127,0,17286,19218,18166,960,38345,3084,3111,3110,3065,1029,0,2052,Balkai,UaaAHDMrzSadZEnUtc2TEjGP5jaJQ8MVcULtz1SL1H8OAy6lAHz7EQ2OJwbvBST0YkR0fPD9AeT4ZA,Lissandra,127,True,12,9,31,11818,1231,27644,1224,30099,7436,14115,840,22392,3118,6653,4630,3108,0,3158,2052,actuallyapotato,59rYkD8T2UT6a4REJW3NuCgQ7dJr9FHUp4ukCMoHmqyHntBpaoS81CAuW5BhjahxEGHCBQl0DS5_tg,Graves,104,True,20,7,19,14298,29966,659,660,31285,9556,13708,1315,24580,3033,3111,3508,1053,3046,1038,2052,Katinka4,5u1OuQR4vRKF7Wfn6FxxPnF4Pic4-FPSAvzJquGYzMPSFuMSEZoLeekzJDwtzrrqkKqmCIxy_uJFOQ,Elise,60,True,8,8,21,10973,1470,19836,1075,22381,9183,10347,603,20134,3020,3040,6653,3916,4630,3108,2052,Shuckle,wNZrz_iRLQUVnyoil-jSSQ3ZZd7o-bTCyYIDgBqheYtREHcZd0astsVtTKvM5-ORRt5kh9rBdiFR4w,Taric,44,True,3,6,47,10546,3578,7383,775,11736,13339,21197,1677,36214,3121,3024,3083,3047,3076,1029,0,Montepremi,eHmHofAr3Lq2c55a8_huZdBnzvRWjeO0bn6wj2Vq1BHAgjUtOnRBrlnIXixAOgipl34UxJzcLPldQg,Yasuo,157,True,8,9,23,11148,23106,888,380,24374,8465,13981,1863,24310,3184,3006,3031,3153,1018,0,2052
True,Velkoz,161,9,5,19,NA1_5042299480,789,ARAM,1721271044789,Balkai,UaaAHDMrzSadZEnUtc2TEjGP5jaJQ8MVcULtz1SL1H8OAy6lAHz7EQ2OJwbvBST0YkR0fPD9AeT4ZA,Velkoz,161,True,9,5,19,10523,683,14841,2766,18291,5047,6070,534,11653,6655,2031,3020,4645,0,0,2052,actuallyapotato,59rYkD8T2UT6a4REJW3NuCgQ7dJr9FHUp4ukCMoHmqyHntBpaoS81CAuW5BhjahxEGHCBQl0DS5_tg,Urgot,6,True,6,3,14,9687,16642,0,823,17465,10332,6166,1039,17538,2051,3047,3071,3181,0,2031,2052,Katinka4,5u1OuQR4vRKF7Wfn6FxxPnF4Pic4-FPSAvzJquGYzMPSFuMSEZoLeekzJDwtzrrqkKqmCIxy_uJFOQ,Sejuani,113,True,6,4,18,9359,7545,3939,370,11854,9827,9995,1238,21061,2051,2502,3047,1057,3211,0,2052,Shuckle,wNZrz_iRLQUVnyoil-jSSQ3ZZd7o-bTCyYIDgBqheYtREHcZd0astsVtTKvM5-ORRt5kh9rBdiFR4w,Skarner,72,True,1,5,23,8545,6350,4297,425,11072,10467,9762,1113,21343,2051,2502,3047,3024,1011,1006,2052,Montepremi,eHmHofAr3Lq2c55a8_huZdBnzvRWjeO0bn6wj2Vq1BHAgjUtOnRBrlnIXixAOgipl34UxJzcLPldQg,Riven,92,True,12,4,17,11917,21573,0,380,21953,5957,5725,552,12235,6698,3158,6610,3067,1036,1036,2052,ScøttyDoesntKnow,rZ4lTYpfkgj5WTjffbrnqzvm6aS3XoLQdFGMHzjU-EzjN7R7OGN4x4I6GuV8hCkECD-rvn6SMIeGvA,Tristana,18,False,7,7,9,10390,14472,1157,0,15629,9544,4769,934,15248,6672,3153,3111,3085,0,0,2052,MrEkkø,SZTSmhZkI1wvakJwqWnYwOFGKqQF_07kjSD_4L2d2f0otNV_JSV9-DHxN8h-SdlwgZbRM_R_5H296Q,Corki,42,False,8,5,9,9825,18570,5104,2903,26579,8595,3940,954,13490,3078,2031,3087,2422,3031,0,2052,AngeIa Ziegler,llgVbyG9CckP0WDo_YbERc0nW6-pB57HWVcu3g_9G6A8UWBgybJu20GdwUA2UWoW_V872UMZcBc1VQ,Janna,40,False,0,4,18,7459,337,6714,0,7052,4748,3656,450,8856,4005,3040,3158,2508,1052,0,2052,kksk,eKJbBan7DLWsbMT4JNKUiD3P6KhJCLXTqAdAFXxIbSJg3_3CCOePTE3EkANyUFpGlxWObaaGsAoLWg,Annie,1,False,6,9,12,8787,349,18941,830,20121,9929,4984,750,15664,3118,6653,3020,1028,1052,1026,2052,vicLVVVV,nt7naK8dUSZNsCFpXG_g4_8yDlsaB0eslYn8Y8ABtzq1HHcHsJo1iPvL97kqOaYCzdDyrfTWaGKXEw,Ornn,516,False,0,9,9,7077,3730,5801,745,10277,25136,5727,1674,32538,3070,3083,3067,3111,1028,1031,0
False,JarvanIV,59,6,10,18,NA1_5037467376,917,ARAM,1720756158919,Balkai,UaaAHDMrzSadZEnUtc2TEjGP5jaJQ8MVcULtz1SL1H8OAy6lAHz7EQ2OJwbvBST0YkR0fPD9AeT4ZA,JarvanIV,59,False,6,10,18,10911,11046,1169,622,12838,12208,14058,1348,27615,6610,3161,3053,0,0,3111,2052,actuallyapotato,59rYkD8T2UT6a4REJW3NuCgQ7dJr9FHUp4ukCMoHmqyHntBpaoS81CAuW5BhjahxEGHCBQl0DS5_tg,Gangplank,41,False,4,6,17,11207,10888,5133,1005,17027,6286,12794,955,20035,3078,3158,6676,1038,1036,1036,2052,Katinka4,5u1OuQR4vRKF7Wfn6FxxPnF4Pic4-FPSAvzJquGYzMPSFuMSEZoLeekzJDwtzrrqkKqmCIxy_uJFOQ,Tristana,18,False,10,8,8,11199,16484,1426,528,18438,9197,12414,474,22085,3006,3184,3031,6675,1036,3094,2052,Shuckle,wNZrz_iRLQUVnyoil-jSSQ3ZZd7o-bTCyYIDgBqheYtREHcZd0astsVtTKvM5-ORRt5kh9rBdiFR4w,Yuumi,350,False,3,5,23,9906,147,10056,736,10940,3775,4857,327,8961,6655,3070,3916,3137,1058,1058,2052,HimmyNewtron,sOirFrxF5yx-YEifPDGG-k7ms8whqe_pDzTHkl-ASVuY61bWGx5TcM72cZNnKnVhSURmt93J8lQxLA,Aatrox,266,False,8,11,7,10272,14602,1754,725,17082,11121,14375,1585,27082,6692,3111,6610,3053,0,0,2052,Snewzy,HRCBDSPEwxVBwvH4fAkzjCVixKwZJSS0muuk-o9Uw6U8SVAuk-V201mj8YXSGBEdNhHSY3sXUszjQw,Varus,110,True,9,5,11,10863,13935,3263,377,17576,6149,3243,370,9762,3070,6701,126697,3006,2020,1036,0,yikes2013,xY_EAXzvDWCKW4j4No1gFys3_2fHrvyKNlvqjim9pXH2bG8XwsywTw-lesZlcjsaQ2K2b6Wo8l_OpQ,Zoe,142,True,11,6,22,12296,1945,24492,2984,29422,8322,4495,199,13016,6655,4645,3020,3100,1058,0,0,OhExcuseMeee,snX8CY4hqjzWMk48wvhVtoPkDJUHW2Xx8rDRfl8ryQCZLG_T_YsQ58sPOiPjXnG3eYgONt8ceE3B8g,Naafiri,950,True,10,7,21,12064,18562,0,685,19247,16449,2410,334,19194,3070,6676,3111,126697,6694,0,2052,Fállacy,PFTH25l9vzqlnxWZEJvjHWw2rHeTwbYDSRXW_BrTTgyGABui_cJRQrCg734ifCWvDYf7O6ggfhZB-w,Zilean,26,True,4,6,25,10612,502,9552,0,10055,11573,3239,461,15274,3112,3020,6655,4645,1058,0,2052,Large Rat,xFSDEx_0hYrYxqtT0Col3VeXkXIsRi1Xy1fKAmWAGQXTA74F-Q34KhV7fmIcg8QSqp9UWK8UC3F9UA,Swain,50,True,6,7,24,11437,1428,21191,643,23264,18321,6152,2252,26727,2502,2503,6653,3047,3076,0,2052
False,Caitlyn,51,18,16,21,NA1_5042553479,1533,ARAM,1721274997729,Balkai,UaaAHDMrzSadZEnUtc2TEjGP5jaJQ8MVcULtz1SL1H8OAy6lAHz7EQ2OJwbvBST0YkR0fPD9AeT4ZA,Caitlyn,51,False,18,16,21,19506,53213,404,1181,54799,12581,25211,2127,39919,6676,3031,3036,3072,3046,3172,2052,actuallyapotato,59rYkD8T2UT6a4REJW3NuCgQ7dJr9FHUp4ukCMoHmqyHntBpaoS81CAuW5BhjahxEGHCBQl0DS5_tg,Udyr,77,False,12,11,36,17645,8615,44404,995,54015,30870,23737,3872,58481,3065,3111,6653,6665,4633,3109,2052,Katinka4,5u1OuQR4vRKF7Wfn6FxxPnF4Pic4-FPSAvzJquGYzMPSFuMSEZoLeekzJDwtzrrqkKqmCIxy_uJFOQ,Varus,110,False,17,15,25,18591,30659,12012,1148,43820,17838,19092,1602,38533,3158,6672,3302,3153,3124,3087,2052,Shuckle,wNZrz_iRLQUVnyoil-jSSQ3ZZd7o-bTCyYIDgBqheYtREHcZd0astsVtTKvM5-ORRt5kh9rBdiFR4w,Leona,89,False,3,12,41,14862,4282,19909,673,24866,37633,28908,5366,71908,3190,3111,3109,2502,4401,3083,2052,Montepremi,eHmHofAr3Lq2c55a8_huZdBnzvRWjeO0bn6wj2Vq1BHAgjUtOnRBrlnIXixAOgipl34UxJzcLPldQg,Ekko,245,False,13,13,32,18163,3301,40883,2613,46799,16031,24954,2444,43430,3152,3157,3100,4645,3020,3089,2052,Marcolio,97GYbpJ-GXp1eDGrA2mWAtQzWeldGtSMkt35gHo0xYg6yW6jg0Tgp4VOifZSZk4UWWbn7IfM91ZgSA,Senna,235,True,21,11,32,20394,54915,487,876,56279,7454,21849,1045,30349,3072,3111,3094,3036,3031,6676,0,Colloportus,i3H_l5PKuo8o7dKbLgRIAvp0wmduMJVqAGfkHyb6JXWvQVsxpLD5aEn3yKKL0naqa8g6DqiIe1E8oQ,Zoe,142,True,19,10,34,19265,2585,61300,7930,71816,16021,15549,410,31980,3135,3089,4645,4628,3020,6655,0,GodlyLeague,MkwS74r4s2NHgQDr5cb-6tMU-7mPnepUcHnpBm35tdQK3-8Nnau6K8C9RyPO7MYa1DAlprrh-TJZ2Q,Taliyah,163,True,3,13,36,16507,1148,34838,1694,37681,13036,22350,870,36257,2503,3137,3020,6653,3116,3165,2052,potato956,VuP5KiI0w7eEh-3XXjVKuSr4kv1EoX3KTQRoABomCQh_6up_ClJVxIdyeVJjuhfUwyceZxJA_D92Fg,Alistar,12,True,9,15,45,17283,2366,21754,1122,25242,50953,35827,1467,88248,3111,3083,3121,3068,6665,2502,0,Kòchi,HXtvE7fa9nNkaWCwWeA8xwHB6yevjbs2cTxUrdo517T4cSZb8VAXpoLvu1-gTGqcu6DLBVhA_V77lA,MonkeyKing,62,True,15,14,24,18778,36088,3523,3789,43401,27776,22038,3047,52862,6692,3071,3111,3053,6610,6333,0
True,Syndra,134,17,12,22,NA1_5037438109,1263,ARAM,1720753654051,Snoald,Q81pmGZlyxPTenMxV20qOig4HHMXobQA-GQTT9rsBDmUQbwYCGP50lzdFsnYfbTZN5cIKR1RD5K9qQ,Braum,201,True,4,8,39,13243,4054,9108,1160,14322,21847,31478,4585,57911,3084,3111,1011,3083,2504,3076,2052,Balkai,UaaAHDMrzSadZEnUtc2TEjGP5jaJQ8MVcULtz1SL1H8OAy6lAHz7EQ2OJwbvBST0YkR0fPD9AeT4ZA,Syndra,134,True,17,12,22,16023,576,32411,2516,35504,11695,10913,1100,23709,6655,4645,3135,3089,0,3020,2052,actuallyapotato,59rYkD8T2UT6a4REJW3NuCgQ7dJr9FHUp4ukCMoHmqyHntBpaoS81CAuW5BhjahxEGHCBQl0DS5_tg,Samira,360,True,9,14,21,15198,24539,1927,327,26793,20158,17273,2027,39459,1018,3111,6676,3036,3031,3139,2052,Katinka4,5u1OuQR4vRKF7Wfn6FxxPnF4Pic4-FPSAvzJquGYzMPSFuMSEZoLeekzJDwtzrrqkKqmCIxy_uJFOQ,FiddleSticks,9,True,6,11,33,13434,313,24867,762,25942,11686,15271,2329,29288,3020,3089,3157,2503,4630,1052,2052,Shuckle,wNZrz_iRLQUVnyoil-jSSQ3ZZd7o-bTCyYIDgBqheYtREHcZd0astsVtTKvM5-ORRt5kh9rBdiFR4w,Nunu,20,True,16,5,31,16575,3817,19117,1220,24155,30864,40173,4513,75551,6665,3111,6664,3083,2502,3076,2052,Lukerox55,RaP5nsjwJ6Z5g7ub485UcvRVpmRo8woFhzba6m0CmkLX3aMH5j38qEXQxXWQj6wJ6aJ0J3Utoa4rkg,Zoe,142,False,11,6,23,14888,2317,34171,4485,40975,2023,14604,1360,17988,6655,4628,3135,3020,4645,1052,2052,ToxicLegend04,iiFi-zavVi-towFLBtw6QMH4L6x6ehHAYY4UaWPD9u9tkPC-g1KCME-dav3HTfsCicX02_B3EO3AEQ,Galio,3,False,3,11,35,12354,762,22437,1550,24750,21866,13664,1499,37030,3075,3121,3111,2504,3801,1011,2052,Monsterash,BrxwiRSvitw-oDZ-e8M_k_0ZVA8N7C1wbPMmfhOlQ5trt0AlFQhiDJbvOjD3ghP4dL5-sDZZSZY2cw,Jayce,126,False,8,15,32,14154,38373,6159,1298,45831,6492,23323,1158,30974,126697,3042,3158,6676,6694,1036,2052,Abyssum,XJAlkypGQLR2apaANTG9AxzxKA0hR969y1ZYu5fFH6IWZmIw5coZqZwzkhu1wU8vMf6jOACyrq0tQw,Taliyah,163,False,11,8,25,14681,538,47215,1750,49503,2993,18037,905,21936,6653,4645,3137,3020,1058,3040,2052,LMAOSB,uduoO6c9ksg9en_GWjfwZ7eWSY5ItihoiBLi6quX_tP_cSRWOhfC2QAwobBLqQ_BSpnXgms6vHnKhw,Corki,42,False,17,12,20,16771,36056,5127,5471,46655,6877,17803,1061,25741,6676,3031,3042,3036,6673,1053,2052
True,Sivir,15,4,7,31,NA1_5037458020,856,ARAM,1720755133266,Balkai,UaaAHDMrzSadZEnUtc2TEjGP5jaJQ8MVcULtz1SL1H8OAy6lAHz7EQ2OJwbvBST0YkR0fPD9AeT4ZA,Sivir,15,True,4,7,31,11031,21495,0,1855,23351,2858,14142,368,17369,3508,6675,3036,1018,0,3006,2052,actuallyapotato,59rYkD8T2UT6a4REJW3NuCgQ7dJr9FHUp4ukCMoHmqyHntBpaoS81CAuW5BhjahxEGHCBQl0DS5_tg,MonkeyKing,62,True,5,5,21,10137,12360,2351,881,15592,5127,16059,344,21531,2051,3111,3071,3065,3133,2031,2052,Katinka4,5u1OuQR4vRKF7Wfn6FxxPnF4Pic4-FPSAvzJquGYzMPSFuMSEZoLeekzJDwtzrrqkKqmCIxy_uJFOQ,Nidalee,76,True,15,4,20,10998,1620,20419,136,22176,5801,9334,394,15530,3020,6655,3089,4630,3108,0,2052,Shuckle,wNZrz_iRLQUVnyoil-jSSQ3ZZd7o-bTCyYIDgBqheYtREHcZd0astsVtTKvM5-ORRt5kh9rBdiFR4w,Chogath,31,True,11,5,18,11066,2766,9720,4892,17380,13271,26880,855,41007,2051,3067,3083,3111,4401,1031,0,HimmyNewtron,sOirFrxF5yx-YEifPDGG-k7ms8whqe_pDzTHkl-ASVuY61bWGx5TcM72cZNnKnVhSURmt93J8lQxLA,Ezreal,81,True,8,6,20,11570,23837,7443,917,32198,5617,11410,562,17590,3078,3042,3158,3161,0,0,2052,Snewzy,HRCBDSPEwxVBwvH4fAkzjCVixKwZJSS0muuk-o9Uw6U8SVAuk-V201mj8YXSGBEdNhHSY3sXUszjQw,Rumble,68,False,8,5,11,10944,614,17058,695,18367,7277,4583,1965,13826,6653,3020,3157,4645,0,0,2052,otheking,Vv2klud50mvEd0lf9A85LG4nkqR1S9G4EAzFdHCOdu3Cpf2h93_yObPN-B4WGbzzmw3T9RMzUJ5wdw,Khazix,121,False,8,9,10,10380,19146,678,972,20797,9750,10607,110,20467,3042,2031,126697,3158,3814,1036,2052,Large Rat,xFSDEx_0hYrYxqtT0Col3VeXkXIsRi1Xy1fKAmWAGQXTA74F-Q34KhV7fmIcg8QSqp9UWK8UC3F9UA,Zac,154,False,5,10,13,9469,1227,16701,895,18823,30874,11652,4366,46893,3083,3068,3047,3211,3067,0,2052,ThexDongerlord69,CS4n5kNs4j5e77hCetrNzH-CXU6xhQ0dBkDfcw0dXGKFZ6Et9atejLE7M_05wIBO_Brxd9saovkrNw,Viktor,112,False,5,9,13,9974,235,24067,363,24666,10330,6672,1906,18909,2503,2031,6653,3020,1058,1058,2052,earora4498,EC3tp-pdzUL__TnyufcRTrz0lnAOxYxRp-BqmhfKuf8bbNnhaniVczuYbVlLCjx4du1K4ToBJfenrw,Malzahar,90,False,1,10,14,8542,698,19321,0,20020,10695,6418,763,17878,3070,2503,3020,6653,3108,0,2052
True,Tristana,18,8,10,16,NA1_5037419499,972,ARAM,1720752461565,Balkai,UaaAHDMrzSadZEnUtc2TEjGP5jaJQ8MVcULtz1SL1H8OAy6lAHz7EQ2OJwbvBST0YkR0fPD9AeT4ZA,Tristana,18,True,8,10,16,12343,15414,872,0,16287,5501,16781,772,23056,3006,3153,3036,3031,1053,0,2052,actuallyapotato,59rYkD8T2UT6a4REJW3NuCgQ7dJr9FHUp4ukCMoHmqyHntBpaoS81CAuW5BhjahxEGHCBQl0DS5_tg,Aatrox,266,True,17,8,16,14759,21325,4707,0,26032,31857,20752,1747,54357,3083,3111,3071,2501,3133,3067,2052,Katinka4,5u1OuQR4vRKF7Wfn6FxxPnF4Pic4-FPSAvzJquGYzMPSFuMSEZoLeekzJDwtzrrqkKqmCIxy_uJFOQ,Maokai,57,True,8,9,23,11503,1728,13558,1780,17068,19735,15210,1260,36206,3111,2051,6664,2502,3065,1029,2052,Shuckle,wNZrz_iRLQUVnyoil-jSSQ3ZZd7o-bTCyYIDgBqheYtREHcZd0astsVtTKvM5-ORRt5kh9rBdiFR4w,Zyra,143,True,6,7,28,11251,1198,15564,0,16762,7500,11755,733,19988,3083,6653,3020,3137,1052,0,2052,OmegaChad69420,V2ehXmOhjAa-qMFzINk-dBBCEJuQvL8ljH2ffTAom2kIgUUQxeuWRUskdmmOwLBX8ksk2aW8rI33GQ,Mordekaiser,82,True,9,11,20,11794,2313,18084,781,21178,16374,12537,1043,29956,3116,3157,4633,3111,3211,2022,2052,Rule 76,5kbBAROiko3zi1b1gzObS817U_XzEqOvDVrAkm--gAoZjN2VGY2lTfMUn5o760PaPo33oRe11p9S3Q,Rammus,33,False,1,16,27,9429,2100,22232,1265,25598,17892,17081,537,35511,3075,3047,3068,1057,1031,1028,2052,Slytha,yAoQTnIUwbke1N9uA1kzVOSHHr_N2dA26foxh6MA1nrjtFiNLr6tDhZGgm_usKaWrj7L_HQHH3SMhA,Nidalee,76,False,7,7,19,11044,876,15221,1078,17175,4353,10886,822,16062,6655,3020,4645,4628,3113,0,2052,zeroback119,4CBkSUDZ-IsTxvS8klCOWeJ8kDgMxh87yIFgezQ0rOox6Bs0ldrGNWwefcyh_Ps1OWjN50Zu60o5hw,Varus,110,False,17,8,21,14204,39177,3777,694,43649,8349,7930,391,16671,6676,3042,3158,6694,3814,3134,2052,Claimant,yYFk9tieaziinkEKdh1FCF1E6DGLI5F5Yk1s-Sw2YTUxzHNHZ5n_Ebcl8QK0roFD_6Xj9s8KvfK2hA,Xerath,101,False,9,9,32,12805,736,34643,544,35924,9554,7323,457,17334,6655,3020,3089,4628,4630,1026,2052,UnfadingRay,Zw-NBh0mx1yWr5_RvPxjNy8qCukJoUEXABtU-k5ZYnuFMq2BqE5EHoWdWmqLPBLBi8e0fNsABLurFg,Qiyana,246,False,11,9,12,11850,25485,1163,1974,28624,8167,9565,353,18086,6676,3077,126697,6694,3158,0,2052
False,Teemo,17,9,14,18,NA1_5037405865,1215,ARAM,1720751073114,Tin1234,yF4iE8OoqspJ_UKJK_-5Bdyx2mWzbAupK6Kc-9WH7UhHxzu8rUYv-o6G4Zj6xke-gFJmgsiFMHjhzw,MissFortune,21,True,25,10,15,19448,48206,1906,1893,52007,8310,14188,1010,23509,6676,3142,3158,6694,3814,6696,2052,Doôber,ISnjR7xNxsUvgVhfXGbHdMJMY063Z4eNAiCPndrDzLn4an2GCu-y6GuxgkU-upHiElwB0PnohzhjDA,Elise,60,True,7,11,30,14208,2502,42330,310,45143,9465,18998,936,29400,3020,6655,6653,3137,3089,0,2052,HIGHHHHHHH,evJvA4txq0cdTCaOBNc0ydGWE5g7a8Clrb-z1Uvf0f2bQlVE9a1NyLJb1CPdq6YPO-WXA7L-bRhYWw,Blitzcrank,53,True,3,8,23,12048,2745,9870,716,13331,25492,19547,1319,46359,2504,1029,3121,3083,3111,2051,2052,SirrahShepard,sSl_WkClMFYY_-3Uozb-5MR09NTZmr2c8cd3n7_iYRh57CbBsfW8HU6Yx1KLrhUulBNCCkhNjefJQA,Evelynn,28,True,5,10,16,12913,635,16826,1629,19091,10919,13544,668,25131,4646,3020,3100,4645,1058,0,2052,Rule 76,5kbBAROiko3zi1b1gzObS817U_XzEqOvDVrAkm--gAoZjN2VGY2lTfMUn5o760PaPo33oRe11p9S3Q,LeeSin,64,True,8,11,23,13848,26778,7145,315,34239,12257,14742,6630,33631,6692,1028,6333,3111,3053,3044,0,Balkai,UaaAHDMrzSadZEnUtc2TEjGP5jaJQ8MVcULtz1SL1H8OAy6lAHz7EQ2OJwbvBST0YkR0fPD9AeT4ZA,Teemo,17,False,9,14,18,12901,1322,20895,2081,24298,14697,14908,760,30366,3118,4645,3020,6653,1058,1058,2052,actuallyapotato,59rYkD8T2UT6a4REJW3NuCgQ7dJr9FHUp4ukCMoHmqyHntBpaoS81CAuW5BhjahxEGHCBQl0DS5_tg,Yone,777,False,18,10,19,15889,20778,7005,2315,30099,21534,11291,806,33632,3184,3111,3153,3091,6662,3031,2052,Katinka4,5u1OuQR4vRKF7Wfn6FxxPnF4Pic4-FPSAvzJquGYzMPSFuMSEZoLeekzJDwtzrrqkKqmCIxy_uJFOQ,Xerath,101,False,9,8,31,14503,998,31560,2032,34591,9868,10089,884,20842,3020,6655,6653,3089,4630,3108,2052,Shuckle,wNZrz_iRLQUVnyoil-jSSQ3ZZd7o-bTCyYIDgBqheYtREHcZd0astsVtTKvM5-ORRt5kh9rBdiFR4w,Sejuani,113,False,13,7,30,14827,21768,14517,2259,38545,35836,32326,1551,69714,2051,3111,6665,3083,2502,6664,0,UnfadingRay,Zw-NBh0mx1yWr5_RvPxjNy8qCukJoUEXABtU-k5ZYnuFMq2BqE5EHoWdWmqLPBLBi8e0fNsABLurFg,Lulu,117,False,1,9,35,11206,1346,7042,318,8707,9763,9463,862,20088,6617,3040,3158,3504,6616,0,2052
